====================================================
5×5 FITNESS ABLATION EXPERIMENT
====================================================
Database: data/regenbench_campaign.db
Rounds: 5, Candidates/round: 20
Seeds: 1337 1338 1339 1340 1341
Total campaigns: 20 (5 per config)
====================================================
Recording container image digests...
localhost/regenbench/fickling     0.5.0       sha256:2fce7d7f357d4638f7474433031444cb640a2395578ce4622c5f992c1efe381f  bdf73ed31622  32 hours ago  1.61 GB
localhost/regenbench/fickling     latest      sha256:2fce7d7f357d4638f7474433031444cb640a2395578ce4622c5f992c1efe381f  bdf73ed31622  32 hours ago  1.61 GB
localhost/regenbench/dynahug      0.7.0       sha256:2c727bb4f8933974d38ddf849780e586ec7350b4b96786fa09b89edce2bd564f  a0237a003825  33 hours ago  1.79 GB
localhost/regenbench/dynahug      latest      sha256:2c727bb4f8933974d38ddf849780e586ec7350b4b96786fa09b89edce2bd564f  a0237a003825  33 hours ago  1.79 GB
localhost/regenbench/modeltracer  latest      sha256:aa482b72e354dcfdbc0a9f7523c41b5f82235d56cee42dc486eb31829bbd4815  377c6ad7eef8  34 hours ago  1.6 GB
localhost/regenbench/modeltracer  0.6.0       sha256:aa482b72e354dcfdbc0a9f7523c41b5f82235d56cee42dc486eb31829bbd4815  377c6ad7eef8  34 hours ago  1.6 GB
localhost/regenbench/modelscan    0.4.0       sha256:5f1a3015fa9b788c0b6bafd9015d84cc1099ae3888559727f81c43339515b497  3c3c97e716b3  34 hours ago  1.62 GB
localhost/regenbench/modelscan    latest      sha256:5f1a3015fa9b788c0b6bafd9015d84cc1099ae3888559727f81c43339515b497  3c3c97e716b3  34 hours ago  1.62 GB
localhost/regenbench/picklescan   0.3.0       sha256:dcf1a54497450e63b62cf89eab17a680b75fc248cd518fa28df0d8d115933f60  71f36f80209b  34 hours ago  1.6 GB
localhost/regenbench/picklescan   latest      sha256:dcf1a54497450e63b62cf89eab17a680b75fc248cd518fa28df0d8d115933f60  71f36f80209b  34 hours ago  1.6 GB
localhost/regenbench/gguf         0.1.0       sha256:8cd030579b2cfb2eda02c75c10c6334b903b05a60012e0503b5e00435e2ff1b0  cec850ad4381  2 days ago    1.6 GB
localhost/regenbench/gguf         latest      sha256:8cd030579b2cfb2eda02c75c10c6334b903b05a60012e0503b5e00435e2ff1b0  cec850ad4381  2 days ago    1.6 GB
localhost/regenbench/base         0.2.0       sha256:c7a53259ccf3ccfb78921587a3fa17a8883fd0d9dbd15e462253a374dc6eb398  4f58cc7f1a19  10 days ago   1.6 GB
localhost/regenbench/base         latest      sha256:c7a53259ccf3ccfb78921587a3fa17a8883fd0d9dbd15e462253a374dc6eb398  4f58cc7f1a19  10 days ago   1.6 GB

[Mon Aug 24 06:50:39 PM +0530 2026] Starting guided-current-r1 (seed=1337)...
============================================================
STARTING GUIDED FUZZING CAMPAIGN (replicate 1)
============================================================

--- Round 1 / 5 ---
Mutation params: op_swap=0.15, sub=0.15, fuzz=0.15
Generated 20 candidate checkpoints (families: {'gadget': 7, 'overwritten': 1, 'pypi_injected': 3, 'external': 7, 'indirect_chain': 2}).
[validity-debug] Container failed with code 1
[validity-debug] Container stdout: 
[validity-debug] Container stderr: Traceback (most recent call last):
  File "<string>", line 3, in <module>
    obj = torch.load('/tmp/tmp6jmnbzky.pt', weights_only=False, map_location='cpu')
  File "/usr/local/lib/python3.13/dist-packages/torch/serialization.py", line 1610, in load
    return _load(
        opened_zipfile,
    ...<3 lines>...
        **pickle_load_args,
    )
  File "/usr/local/lib/python3.13/dist-packages/torch/serialization.py", line 2221, in _load
    result = unpickler.load()
AttributeError: module 'IPython' has no attribute 'system'

[validity-debug] Container failed with code 1
[validity-debug] Container stdout: 
[validity-debug] Container stderr: Traceback (most recent call last):
  File "<string>", line 3, in <module>
    obj = torch.load('/tmp/tmp8fny7jux.pt', weights_only=False, map_location='cpu')
  File "/usr/local/lib/python3.13/dist-packages/torch/serialization.py", line 1610, in load
    return _load(
        opened_zipfile,
    ...<3 lines>...
        **pickle_load_args,
    )
  File "/usr/local/lib/python3.13/dist-packages/torch/serialization.py", line 2221, in _load
    result = unpickler.load()
AttributeError: module 'IPython' has no attribute 'system'

[validity-debug] Container failed with code 1
[validity-debug] Container stdout: 
[validity-debug] Container stderr: Traceback (most recent call last):
  File "<string>", line 3, in <module>
    obj = torch.load('/tmp/tmphxxmb652.pt', weights_only=False, map_location='cpu')
  File "/usr/local/lib/python3.13/dist-packages/torch/serialization.py", line 1610, in load
    return _load(
        opened_zipfile,
    ...<3 lines>...
        **pickle_load_args,
    )
  File "/usr/local/lib/python3.13/dist-packages/torch/serialization.py", line 2221, in _load
    result = unpickler.load()
AttributeError: module 'platform' has no attribute 'popen'

[validity-debug] Container failed with code 1
[validity-debug] Container stdout: 
[validity-debug] Container stderr: Traceback (most recent call last):
  File "<string>", line 3, in <module>
    obj = torch.load('/tmp/tmpisimrmdm.pt', weights_only=False, map_location='cpu')
  File "/usr/local/lib/python3.13/dist-packages/torch/serialization.py", line 1610, in load
    return _load(
        opened_zipfile,
    ...<3 lines>...
        **pickle_load_args,
    )
  File "/usr/local/lib/python3.13/dist-packages/torch/serialization.py", line 2221, in _load
    result = unpickler.load()
  File "/usr/local/lib/python3.13/dist-packages/numpy/__init__.py", line 795, in __getattr__
    raise AttributeError(f"module {__name__!r} has no attribute {attr!r}")
AttributeError: module 'numpy' has no attribute 'runstring'. Did you mean: 'fromstring'?

[validity-debug] Container failed with code 1
[validity-debug] Container stdout: 
[validity-debug] Container stderr: Traceback (most recent call last):
  File "<string>", line 3, in <module>
    obj = torch.load('/tmp/tmp465uik0q.pt', weights_only=False, map_location='cpu')
  File "/usr/local/lib/python3.13/dist-packages/torch/serialization.py", line 1610, in load
    return _load(
        opened_zipfile,
    ...<3 lines>...
        **pickle_load_args,
    )
  File "/usr/local/lib/python3.13/dist-packages/torch/serialization.py", line 2221, in _load
    result = unpickler.load()
  File "/usr/local/lib/python3.13/dist-packages/numpy/__init__.py", line 795, in __getattr__
    raise AttributeError(f"module {__name__!r} has no attribute {attr!r}")
AttributeError: module 'numpy' has no attribute 'runstring'. Did you mean: 'fromstring'?

[validity-debug] Container failed with code 1
[validity-debug] Container stdout: 
[validity-debug] Container stderr: Traceback (most recent call last):
  File "<string>", line 3, in <module>
    obj = torch.load('/tmp/tmpebo8amgx.pt', weights_only=False, map_location='cpu')
  File "/usr/local/lib/python3.13/dist-packages/torch/serialization.py", line 1610, in load
    return _load(
        opened_zipfile,
    ...<3 lines>...
        **pickle_load_args,
    )
  File "/usr/local/lib/python3.13/dist-packages/torch/serialization.py", line 2221, in _load
    result = unpickler.load()
  File "/usr/local/lib/python3.13/dist-packages/numpy/__init__.py", line 795, in __getattr__
    raise AttributeError(f"module {__name__!r} has no attribute {attr!r}")
AttributeError: module 'numpy' has no attribute 'runstring'. Did you mean: 'fromstring'?

[validity-debug] Container failed with code 1
[validity-debug] Container stdout: 
[validity-debug] Container stderr: Traceback (most recent call last):
  File "<string>", line 3, in <module>
    obj = torch.load('/tmp/tmpg1fe4m28.pt', weights_only=False, map_location='cpu')
  File "/usr/local/lib/python3.13/dist-packages/torch/serialization.py", line 1610, in load
    return _load(
        opened_zipfile,
    ...<3 lines>...
        **pickle_load_args,
    )
  File "/usr/local/lib/python3.13/dist-packages/torch/serialization.py", line 2221, in _load
    result = unpickler.load()
  File "/usr/local/lib/python3.13/dist-packages/numpy/__init__.py", line 795, in __getattr__
    raise AttributeError(f"module {__name__!r} has no attribute {attr!r}")
AttributeError: module 'numpy' has no attribute 'runstring'. Did you mean: 'fromstring'?

Round 1 Complete: Valid=13/20, Bypasses=1, Mean Fitness=2.514, Opcode Cov=41.2%, Callable Cov=24.0%, Per-scanner evasions={'fickling': 20, 'modelscan': 6, 'picklescan': 1}

--- Round 2 / 5 ---
Mutation params: op_swap=0.20, sub=0.20, fuzz=0.20
Generated 20 candidate checkpoints (families: {'gadget': 5, 'overwritten': 2, 'pypi_injected': 7, 'external': 3, 'indirect_chain': 3}).
[validity-debug] Container failed with code 1
[validity-debug] Container stdout: 
[validity-debug] Container stderr: Traceback (most recent call last):
  File "<string>", line 3, in <module>
    obj = torch.load('/tmp/tmp4i996c0b.pt', weights_only=False, map_location='cpu')
  File "/usr/local/lib/python3.13/dist-packages/torch/serialization.py", line 1610, in load
    return _load(
        opened_zipfile,
    ...<3 lines>...
        **pickle_load_args,
    )
  File "/usr/local/lib/python3.13/dist-packages/torch/serialization.py", line 2221, in _load
    result = unpickler.load()
  File "/usr/local/lib/python3.13/dist-packages/numpy/__init__.py", line 795, in __getattr__
    raise AttributeError(f"module {__name__!r} has no attribute {attr!r}")
AttributeError: module 'numpy' has no attribute 'runstring'. Did you mean: 'fromstring'?

[validity-debug] Container failed with code 1
[validity-debug] Container stdout: 
[validity-debug] Container stderr: Traceback (most recent call last):
  File "<string>", line 3, in <module>
    obj = torch.load('/tmp/tmp9587hs2k.pt', weights_only=False, map_location='cpu')
  File "/usr/local/lib/python3.13/dist-packages/torch/serialization.py", line 1610, in load
    return _load(
        opened_zipfile,
    ...<3 lines>...
        **pickle_load_args,
    )
  File "/usr/local/lib/python3.13/dist-packages/torch/serialization.py", line 2221, in _load
    result = unpickler.load()
AttributeError: module 'IPython' has no attribute 'system'

[validity-debug] Container failed with code 1
[validity-debug] Container stdout: 
[validity-debug] Container stderr: Traceback (most recent call last):
  File "<string>", line 3, in <module>
    obj = torch.load('/tmp/tmptdvy09nm.pt', weights_only=False, map_location='cpu')
  File "/usr/local/lib/python3.13/dist-packages/torch/serialization.py", line 1610, in load
    return _load(
        opened_zipfile,
    ...<3 lines>...
        **pickle_load_args,
    )
  File "/usr/local/lib/python3.13/dist-packages/torch/serialization.py", line 2221, in _load
    result = unpickler.load()
AttributeError: module 'IPython' has no attribute 'system'

[validity-debug] Container failed with code 1
[validity-debug] Container stdout: 
[validity-debug] Container stderr: Traceback (most recent call last):
  File "<string>", line 3, in <module>
    obj = torch.load('/tmp/tmplvhl5es_.pt', weights_only=False, map_location='cpu')
  File "/usr/local/lib/python3.13/dist-packages/torch/serialization.py", line 1610, in load
    return _load(
        opened_zipfile,
    ...<3 lines>...
        **pickle_load_args,
    )
  File "/usr/local/lib/python3.13/dist-packages/torch/serialization.py", line 2221, in _load
    result = unpickler.load()
AttributeError: module 'IPython' has no attribute 'system'

[validity-debug] Container failed with code 1
[validity-debug] Container stdout: 
[validity-debug] Container stderr: Traceback (most recent call last):
  File "<string>", line 3, in <module>
    obj = torch.load('/tmp/tmp8uhv04ja.pt', weights_only=False, map_location='cpu')
  File "/usr/local/lib/python3.13/dist-packages/torch/serialization.py", line 1610, in load
    return _load(
        opened_zipfile,
    ...<3 lines>...
        **pickle_load_args,
    )
  File "/usr/local/lib/python3.13/dist-packages/torch/serialization.py", line 2221, in _load
    result = unpickler.load()
  File "/usr/local/lib/python3.13/dist-packages/numpy/__init__.py", line 795, in __getattr__
    raise AttributeError(f"module {__name__!r} has no attribute {attr!r}")
AttributeError: module 'numpy' has no attribute 'runstring'. Did you mean: 'fromstring'?

[validity-debug] Container failed with code 1
[validity-debug] Container stdout: 
[validity-debug] Container stderr: Traceback (most recent call last):
  File "<string>", line 3, in <module>
    obj = torch.load('/tmp/tmpo8isg_in.pt', weights_only=False, map_location='cpu')
  File "/usr/local/lib/python3.13/dist-packages/torch/serialization.py", line 1610, in load
    return _load(
        opened_zipfile,
    ...<3 lines>...
        **pickle_load_args,
    )
  File "/usr/local/lib/python3.13/dist-packages/torch/serialization.py", line 2221, in _load
    result = unpickler.load()
  File "/usr/local/lib/python3.13/dist-packages/torch/serialization.py", line 2210, in find_class
    return super().find_class(mod_name, name)
           ~~~~~~~~~~~~~~~~~~^^^^^^^^^^^^^^^^
AttributeError: Can't get attribute 'popen' on <module 'platform' from '/usr/lib/python3.13/platform.py'>

[validity-debug] Container failed with code 1
[validity-debug] Container stdout: 
[validity-debug] Container stderr: Traceback (most recent call last):
  File "<string>", line 3, in <module>
    obj = torch.load('/tmp/tmpb2b8vlzr.pt', weights_only=False, map_location='cpu')
  File "/usr/local/lib/python3.13/dist-packages/torch/serialization.py", line 1610, in load
    return _load(
        opened_zipfile,
    ...<3 lines>...
        **pickle_load_args,
    )
  File "/usr/local/lib/python3.13/dist-packages/torch/serialization.py", line 2221, in _load
    result = unpickler.load()
AttributeError: module 'IPython' has no attribute 'system'

[validity-debug] Container failed with code 1
[validity-debug] Container stdout: 
[validity-debug] Container stderr: Traceback (most recent call last):
  File "<string>", line 3, in <module>
    obj = torch.load('/tmp/tmp_4gijg0_.pt', weights_only=False, map_location='cpu')
  File "/usr/local/lib/python3.13/dist-packages/torch/serialization.py", line 1610, in load
    return _load(
        opened_zipfile,
    ...<3 lines>...
        **pickle_load_args,
    )
  File "/usr/local/lib/python3.13/dist-packages/torch/serialization.py", line 2221, in _load
    result = unpickler.load()
AttributeError: module 'IPython' has no attribute 'system'

[validity-debug] Container failed with code 1
[validity-debug] Container stdout: 
[validity-debug] Container stderr: Traceback (most recent call last):
  File "<string>", line 3, in <module>
    obj = torch.load('/tmp/tmpa2wroa2v.pt', weights_only=False, map_location='cpu')
  File "/usr/local/lib/python3.13/dist-packages/torch/serialization.py", line 1610, in load
    return _load(
        opened_zipfile,
    ...<3 lines>...
        **pickle_load_args,
    )
  File "/usr/local/lib/python3.13/dist-packages/torch/serialization.py", line 2221, in _load
    result = unpickler.load()
AttributeError: module 'IPython' has no attribute 'system'

Round 2 Complete: Valid=11/20, Bypasses=0, Mean Fitness=2.106, Opcode Cov=42.6%, Callable Cov=36.0%, Per-scanner evasions={'fickling': 20, 'modelscan': 1}

--- Round 3 / 5 ---
Mutation params: op_swap=0.25, sub=0.25, fuzz=0.25
Generated 20 candidate checkpoints (families: {'gadget': 3, 'overwritten': 5, 'pypi_injected': 6, 'external': 5, 'indirect_chain': 1}).
[validity-debug] Container failed with code 1
[validity-debug] Container stdout: 
[validity-debug] Container stderr: Traceback (most recent call last):
  File "<string>", line 3, in <module>
    obj = torch.load('/tmp/tmp82e62f_4.pt', weights_only=False, map_location='cpu')
  File "/usr/local/lib/python3.13/dist-packages/torch/serialization.py", line 1610, in load
    return _load(
        opened_zipfile,
    ...<3 lines>...
        **pickle_load_args,
    )
  File "/usr/local/lib/python3.13/dist-packages/torch/serialization.py", line 2221, in _load
    result = unpickler.load()
  File "/usr/local/lib/python3.13/dist-packages/numpy/__init__.py", line 795, in __getattr__
    raise AttributeError(f"module {__name__!r} has no attribute {attr!r}")
AttributeError: module 'numpy' has no attribute 'runstring'. Did you mean: 'fromstring'?

[validity-debug] Container failed with code 125
[validity-debug] Container stdout: 
[validity-debug] Container stderr: python3: invalid option -- 'c'
Try 'python3 --help' for more information.

[validity-debug] Container failed with code 1
[validity-debug] Container stdout: 
[validity-debug] Container stderr: Traceback (most recent call last):
  File "<string>", line 3, in <module>
    obj = torch.load('/tmp/tmpttmgx3cm.pt', weights_only=False, map_location='cpu')
  File "/usr/local/lib/python3.13/dist-packages/torch/serialization.py", line 1610, in load
    return _load(
        opened_zipfile,
    ...<3 lines>...
        **pickle_load_args,
    )
  File "/usr/local/lib/python3.13/dist-packages/torch/serialization.py", line 2221, in _load
    result = unpickler.load()
  File "/usr/local/lib/python3.13/dist-packages/numpy/__init__.py", line 795, in __getattr__
    raise AttributeError(f"module {__name__!r} has no attribute {attr!r}")
AttributeError: module 'numpy' has no attribute 'runstring'. Did you mean: 'fromstring'?

[validity-debug] Container failed with code 1
[validity-debug] Container stdout: 
[validity-debug] Container stderr: Traceback (most recent call last):
  File "<string>", line 3, in <module>
    obj = torch.load('/tmp/tmpn4du9p6u.pt', weights_only=False, map_location='cpu')
  File "/usr/local/lib/python3.13/dist-packages/torch/serialization.py", line 1610, in load
    return _load(
        opened_zipfile,
    ...<3 lines>...
        **pickle_load_args,
    )
  File "/usr/local/lib/python3.13/dist-packages/torch/serialization.py", line 2221, in _load
    result = unpickler.load()
  File "/usr/local/lib/python3.13/dist-packages/numpy/__init__.py", line 795, in __getattr__
    raise AttributeError(f"module {__name__!r} has no attribute {attr!r}")
AttributeError: module 'numpy' has no attribute 'runstring'. Did you mean: 'fromstring'?

[validity-debug] Container failed with code 1
[validity-debug] Container stdout: 
[validity-debug] Container stderr: Traceback (most recent call last):
  File "<string>", line 3, in <module>
    obj = torch.load('/tmp/tmp3sh9f6xq.pt', weights_only=False, map_location='cpu')
  File "/usr/local/lib/python3.13/dist-packages/torch/serialization.py", line 1610, in load
    return _load(
        opened_zipfile,
    ...<3 lines>...
        **pickle_load_args,
    )
  File "/usr/local/lib/python3.13/dist-packages/torch/serialization.py", line 2221, in _load
    result = unpickler.load()
AttributeError: module 'IPython' has no attribute 'system'

[validity-debug] Container failed with code 1
[validity-debug] Container stdout: 
[validity-debug] Container stderr: Traceback (most recent call last):
  File "<string>", line 3, in <module>
    obj = torch.load('/tmp/tmpxl6u1s1o.pt', weights_only=False, map_location='cpu')
  File "/usr/local/lib/python3.13/dist-packages/torch/serialization.py", line 1610, in load
    return _load(
        opened_zipfile,
    ...<3 lines>...
        **pickle_load_args,
    )
  File "/usr/local/lib/python3.13/dist-packages/torch/serialization.py", line 2221, in _load
    result = unpickler.load()
AttributeError: module 'IPython' has no attribute 'system'

[validity-debug] Container failed with code 1
[validity-debug] Container stdout: 
[validity-debug] Container stderr: Traceback (most recent call last):
  File "<string>", line 3, in <module>
    obj = torch.load('/tmp/tmp5bdq91co.pt', weights_only=False, map_location='cpu')
  File "/usr/local/lib/python3.13/dist-packages/torch/serialization.py", line 1610, in load
    return _load(
        opened_zipfile,
    ...<3 lines>...
        **pickle_load_args,
    )
  File "/usr/local/lib/python3.13/dist-packages/torch/serialization.py", line 2221, in _load
    result = unpickler.load()
AttributeError: module 'IPython' has no attribute 'system'

Round 3 Complete: Valid=13/20, Bypasses=0, Mean Fitness=1.812, Opcode Cov=42.6%, Callable Cov=44.0%, Per-scanner evasions={'fickling': 20, 'modelscan': 2}

--- Round 4 / 5 ---
Mutation params: op_swap=0.30, sub=0.30, fuzz=0.30
Generated 20 candidate checkpoints (families: {'gadget': 4, 'overwritten': 5, 'pypi_injected': 6, 'external': 2, 'indirect_chain': 3}).
[validity-debug] Container failed with code 1
[validity-debug] Container stdout: 
[validity-debug] Container stderr: Traceback (most recent call last):
  File "<string>", line 3, in <module>
    obj = torch.load('/tmp/tmpuna43fhi.pt', weights_only=False, map_location='cpu')
  File "/usr/local/lib/python3.13/dist-packages/torch/serialization.py", line 1610, in load
    return _load(
        opened_zipfile,
    ...<3 lines>...
        **pickle_load_args,
    )
  File "/usr/local/lib/python3.13/dist-packages/torch/serialization.py", line 2221, in _load
    result = unpickler.load()
AttributeError: module 'IPython' has no attribute 'system'

[validity-debug] Container failed with code 1
[validity-debug] Container stdout: 
[validity-debug] Container stderr: Traceback (most recent call last):
  File "<string>", line 3, in <module>
    obj = torch.load('/tmp/tmpl3gcvqqd.pt', weights_only=False, map_location='cpu')
  File "/usr/local/lib/python3.13/dist-packages/torch/serialization.py", line 1610, in load
    return _load(
        opened_zipfile,
    ...<3 lines>...
        **pickle_load_args,
    )
  File "/usr/local/lib/python3.13/dist-packages/torch/serialization.py", line 2221, in _load
    result = unpickler.load()
AttributeError: module 'IPython' has no attribute 'system'

[validity-debug] Container failed with code 1
[validity-debug] Container stdout: 
[validity-debug] Container stderr: Traceback (most recent call last):
  File "<string>", line 3, in <module>
    obj = torch.load('/tmp/tmphhq6zjp4.pt', weights_only=False, map_location='cpu')
  File "/usr/local/lib/python3.13/dist-packages/torch/serialization.py", line 1610, in load
    return _load(
        opened_zipfile,
    ...<3 lines>...
        **pickle_load_args,
    )
  File "/usr/local/lib/python3.13/dist-packages/torch/serialization.py", line 2221, in _load
    result = unpickler.load()
AttributeError: module 'IPython' has no attribute 'system'

[validity-debug] Container failed with code 1
[validity-debug] Container stdout: 
[validity-debug] Container stderr: Traceback (most recent call last):
  File "<string>", line 3, in <module>
    obj = torch.load('/tmp/tmpe92so9a0.pt', weights_only=False, map_location='cpu')
  File "/usr/local/lib/python3.13/dist-packages/torch/serialization.py", line 1610, in load
    return _load(
        opened_zipfile,
    ...<3 lines>...
        **pickle_load_args,
    )
  File "/usr/local/lib/python3.13/dist-packages/torch/serialization.py", line 2221, in _load
    result = unpickler.load()
AttributeError: module 'IPython' has no attribute 'system'

[validity-debug] Container failed with code 1
[validity-debug] Container stdout: 
[validity-debug] Container stderr: Traceback (most recent call last):
  File "<string>", line 3, in <module>
    obj = torch.load('/tmp/tmpk_3i6sf6.pt', weights_only=False, map_location='cpu')
  File "/usr/local/lib/python3.13/dist-packages/torch/serialization.py", line 1610, in load
    return _load(
        opened_zipfile,
    ...<3 lines>...
        **pickle_load_args,
    )
  File "/usr/local/lib/python3.13/dist-packages/torch/serialization.py", line 2221, in _load
    result = unpickler.load()
  File "/usr/local/lib/python3.13/dist-packages/numpy/__init__.py", line 795, in __getattr__
    raise AttributeError(f"module {__name__!r} has no attribute {attr!r}")
AttributeError: module 'numpy' has no attribute 'runstring'. Did you mean: 'fromstring'?

Round 4 Complete: Valid=14/20, Bypasses=0, Mean Fitness=1.729, Opcode Cov=42.6%, Callable Cov=52.0%, Per-scanner evasions={'fickling': 20, 'modelscan': 1}

--- Round 5 / 5 ---
Mutation params: op_swap=0.35, sub=0.35, fuzz=0.35
Generated 20 candidate checkpoints (families: {'gadget': 3, 'overwritten': 2, 'pypi_injected': 6, 'external': 5, 'indirect_chain': 4}).
[validity-debug] Container failed with code 1
[validity-debug] Container stdout: 
[validity-debug] Container stderr: Traceback (most recent call last):
  File "<string>", line 3, in <module>
    obj = torch.load('/tmp/tmpntwoo5n1.pt', weights_only=False, map_location='cpu')
  File "/usr/local/lib/python3.13/dist-packages/torch/serialization.py", line 1610, in load
    return _load(
        opened_zipfile,
    ...<3 lines>...
        **pickle_load_args,
    )
  File "/usr/local/lib/python3.13/dist-packages/torch/serialization.py", line 2221, in _load
    result = unpickler.load()
AttributeError: module 'IPython' has no attribute 'system'

[validity-debug] Container failed with code 1
[validity-debug] Container stdout: 
[validity-debug] Container stderr: Traceback (most recent call last):
  File "<string>", line 3, in <module>
    obj = torch.load('/tmp/tmp0mt8pzro.pt', weights_only=False, map_location='cpu')
  File "/usr/local/lib/python3.13/dist-packages/torch/serialization.py", line 1610, in load
    return _load(
        opened_zipfile,
    ...<3 lines>...
        **pickle_load_args,
    )
  File "/usr/local/lib/python3.13/dist-packages/torch/serialization.py", line 2221, in _load
    result = unpickler.load()
  File "/usr/local/lib/python3.13/dist-packages/numpy/__init__.py", line 795, in __getattr__
    raise AttributeError(f"module {__name__!r} has no attribute {attr!r}")
AttributeError: module 'numpy' has no attribute 'runstring'. Did you mean: 'fromstring'?

[validity-debug] Container failed with code 1
[validity-debug] Container stdout: 
[validity-debug] Container stderr: Traceback (most recent call last):
  File "<string>", line 3, in <module>
    obj = torch.load('/tmp/tmpfa7eqaaq.pt', weights_only=False, map_location='cpu')
  File "/usr/local/lib/python3.13/dist-packages/torch/serialization.py", line 1610, in load
    return _load(
        opened_zipfile,
    ...<3 lines>...
        **pickle_load_args,
    )
  File "/usr/local/lib/python3.13/dist-packages/torch/serialization.py", line 2221, in _load
    result = unpickler.load()
  File "/usr/local/lib/python3.13/dist-packages/numpy/__init__.py", line 795, in __getattr__
    raise AttributeError(f"module {__name__!r} has no attribute {attr!r}")
AttributeError: module 'numpy' has no attribute 'runstring'. Did you mean: 'fromstring'?

[validity-debug] Container failed with code 1
[validity-debug] Container stdout: 
[validity-debug] Container stderr: Traceback (most recent call last):
  File "<string>", line 3, in <module>
    obj = torch.load('/tmp/tmp1qcwloiz.pt', weights_only=False, map_location='cpu')
  File "/usr/local/lib/python3.13/dist-packages/torch/serialization.py", line 1610, in load
    return _load(
        opened_zipfile,
    ...<3 lines>...
        **pickle_load_args,
    )
  File "/usr/local/lib/python3.13/dist-packages/torch/serialization.py", line 2221, in _load
    result = unpickler.load()
AttributeError: module 'IPython' has no attribute 'system'

[validity-debug] Container failed with code 1
[validity-debug] Container stdout: 
[validity-debug] Container stderr: Traceback (most recent call last):
  File "<string>", line 3, in <module>
    obj = torch.load('/tmp/tmpo4emgf4_.pt', weights_only=False, map_location='cpu')
  File "/usr/local/lib/python3.13/dist-packages/torch/serialization.py", line 1610, in load
    return _load(
        opened_zipfile,
    ...<3 lines>...
        **pickle_load_args,
    )
  File "/usr/local/lib/python3.13/dist-packages/torch/serialization.py", line 2221, in _load
    result = unpickler.load()
  File "/usr/local/lib/python3.13/dist-packages/numpy/__init__.py", line 795, in __getattr__
    raise AttributeError(f"module {__name__!r} has no attribute {attr!r}")
AttributeError: module 'numpy' has no attribute 'runstring'. Did you mean: 'fromstring'?

[validity-debug] Container failed with code 1
[validity-debug] Container stdout: 
[validity-debug] Container stderr: Traceback (most recent call last):
  File "<string>", line 3, in <module>
    obj = torch.load('/tmp/tmpi061mhzo.pt', weights_only=False, map_location='cpu')
  File "/usr/local/lib/python3.13/dist-packages/torch/serialization.py", line 1610, in load
    return _load(
        opened_zipfile,
    ...<3 lines>...
        **pickle_load_args,
    )
  File "/usr/local/lib/python3.13/dist-packages/torch/serialization.py", line 2221, in _load
    result = unpickler.load()
AttributeError: module 'IPython' has no attribute 'system'

[validity-debug] Container failed with code 1
[validity-debug] Container stdout: 
[validity-debug] Container stderr: Traceback (most recent call last):
  File "<string>", line 3, in <module>
    obj = torch.load('/tmp/tmpf6fbvr7e.pt', weights_only=False, map_location='cpu')
  File "/usr/local/lib/python3.13/dist-packages/torch/serialization.py", line 1610, in load
    return _load(
        opened_zipfile,
    ...<3 lines>...
        **pickle_load_args,
    )
  File "/usr/local/lib/python3.13/dist-packages/torch/serialization.py", line 2221, in _load
    result = unpickler.load()
AttributeError: module 'IPython' has no attribute 'system'

[validity-debug] Container failed with code 1
[validity-debug] Container stdout: 
[validity-debug] Container stderr: Traceback (most recent call last):
  File "<string>", line 3, in <module>
    obj = torch.load('/tmp/tmpxlmdmgsh.pt', weights_only=False, map_location='cpu')
  File "/usr/local/lib/python3.13/dist-packages/torch/serialization.py", line 1610, in load
    return _load(
        opened_zipfile,
    ...<3 lines>...
        **pickle_load_args,
    )
  File "/usr/local/lib/python3.13/dist-packages/torch/serialization.py", line 2221, in _load
    result = unpickler.load()
AttributeError: module 'IPython' has no attribute 'system'

Round 5 Complete: Valid=12/20, Bypasses=0, Mean Fitness=1.482, Opcode Cov=42.6%, Callable Cov=56.0%, Per-scanner evasions={'fickling': 20, 'modelscan': 2}

Written fuzzing report to docs/fuzzing-report-guided-r1.md
============================================================
CAMPAIGN COMPLETE (guided, replicate 1)
  valid candidates : 63/100
  confirmed bypasses: 1
============================================================
[Mon Aug 24 07:02:43 PM +0530 2026] Completed guided-current-r1 successfully

[Mon Aug 24 07:02:53 PM +0530 2026] Starting guided-oracle_aware-r1 (seed=1337)...
============================================================
STARTING GUIDED FUZZING CAMPAIGN (replicate 1)
============================================================

--- Round 1 / 5 ---
Mutation params: op_swap=0.15, sub=0.15, fuzz=0.15
Generated 20 candidate checkpoints (families: {'gadget': 7, 'overwritten': 1, 'pypi_injected': 3, 'external': 7, 'indirect_chain': 2}).
[validity-debug] Container failed with code 1
[validity-debug] Container stdout: 
[validity-debug] Container stderr: Traceback (most recent call last):
  File "<string>", line 3, in <module>
    obj = torch.load('/tmp/tmpx94ureer.pt', weights_only=False, map_location='cpu')
  File "/usr/local/lib/python3.13/dist-packages/torch/serialization.py", line 1610, in load
    return _load(
        opened_zipfile,
    ...<3 lines>...
        **pickle_load_args,
    )
  File "/usr/local/lib/python3.13/dist-packages/torch/serialization.py", line 2221, in _load
    result = unpickler.load()
AttributeError: module 'IPython' has no attribute 'system'

[validity-debug] Container failed with code 1
[validity-debug] Container stdout: 
[validity-debug] Container stderr: Traceback (most recent call last):
  File "<string>", line 3, in <module>
    obj = torch.load('/tmp/tmp3c971m8e.pt', weights_only=False, map_location='cpu')
  File "/usr/local/lib/python3.13/dist-packages/torch/serialization.py", line 1610, in load
    return _load(
        opened_zipfile,
    ...<3 lines>...
        **pickle_load_args,
    )
  File "/usr/local/lib/python3.13/dist-packages/torch/serialization.py", line 2221, in _load
    result = unpickler.load()
AttributeError: module 'IPython' has no attribute 'system'

[validity-debug] Container failed with code 1
[validity-debug] Container stdout: 
[validity-debug] Container stderr: Traceback (most recent call last):
  File "<string>", line 3, in <module>
    obj = torch.load('/tmp/tmpp2jmc874.pt', weights_only=False, map_location='cpu')
  File "/usr/local/lib/python3.13/dist-packages/torch/serialization.py", line 1610, in load
    return _load(
        opened_zipfile,
    ...<3 lines>...
        **pickle_load_args,
    )
  File "/usr/local/lib/python3.13/dist-packages/torch/serialization.py", line 2221, in _load
    result = unpickler.load()
AttributeError: module 'platform' has no attribute 'popen'

[validity-debug] Container failed with code 1
[validity-debug] Container stdout: 
[validity-debug] Container stderr: Traceback (most recent call last):
  File "<string>", line 3, in <module>
    obj = torch.load('/tmp/tmpkewhhza7.pt', weights_only=False, map_location='cpu')
  File "/usr/local/lib/python3.13/dist-packages/torch/serialization.py", line 1610, in load
    return _load(
        opened_zipfile,
    ...<3 lines>...
        **pickle_load_args,
    )
  File "/usr/local/lib/python3.13/dist-packages/torch/serialization.py", line 2221, in _load
    result = unpickler.load()
  File "/usr/local/lib/python3.13/dist-packages/numpy/__init__.py", line 795, in __getattr__
    raise AttributeError(f"module {__name__!r} has no attribute {attr!r}")
AttributeError: module 'numpy' has no attribute 'runstring'. Did you mean: 'fromstring'?

[validity-debug] Container failed with code 1
[validity-debug] Container stdout: 
[validity-debug] Container stderr: Traceback (most recent call last):
  File "<string>", line 3, in <module>
    obj = torch.load('/tmp/tmpx410p6j_.pt', weights_only=False, map_location='cpu')
  File "/usr/local/lib/python3.13/dist-packages/torch/serialization.py", line 1610, in load
    return _load(
        opened_zipfile,
    ...<3 lines>...
        **pickle_load_args,
    )
  File "/usr/local/lib/python3.13/dist-packages/torch/serialization.py", line 2221, in _load
    result = unpickler.load()
  File "/usr/local/lib/python3.13/dist-packages/numpy/__init__.py", line 795, in __getattr__
    raise AttributeError(f"module {__name__!r} has no attribute {attr!r}")
AttributeError: module 'numpy' has no attribute 'runstring'. Did you mean: 'fromstring'?

[validity-debug] Container failed with code 1
[validity-debug] Container stdout: 
[validity-debug] Container stderr: Traceback (most recent call last):
  File "<string>", line 3, in <module>
    obj = torch.load('/tmp/tmpvlu6xjf3.pt', weights_only=False, map_location='cpu')
  File "/usr/local/lib/python3.13/dist-packages/torch/serialization.py", line 1610, in load
    return _load(
        opened_zipfile,
    ...<3 lines>...
        **pickle_load_args,
    )
  File "/usr/local/lib/python3.13/dist-packages/torch/serialization.py", line 2221, in _load
    result = unpickler.load()
  File "/usr/local/lib/python3.13/dist-packages/numpy/__init__.py", line 795, in __getattr__
    raise AttributeError(f"module {__name__!r} has no attribute {attr!r}")
AttributeError: module 'numpy' has no attribute 'runstring'. Did you mean: 'fromstring'?

[validity-debug] Container failed with code 1
[validity-debug] Container stdout: 
[validity-debug] Container stderr: Traceback (most recent call last):
  File "<string>", line 3, in <module>
    obj = torch.load('/tmp/tmp6rpug85p.pt', weights_only=False, map_location='cpu')
  File "/usr/local/lib/python3.13/dist-packages/torch/serialization.py", line 1610, in load
    return _load(
        opened_zipfile,
    ...<3 lines>...
        **pickle_load_args,
    )
  File "/usr/local/lib/python3.13/dist-packages/torch/serialization.py", line 2221, in _load
    result = unpickler.load()
  File "/usr/local/lib/python3.13/dist-packages/numpy/__init__.py", line 795, in __getattr__
    raise AttributeError(f"module {__name__!r} has no attribute {attr!r}")
AttributeError: module 'numpy' has no attribute 'runstring'. Did you mean: 'fromstring'?

Round 1 Complete: Valid=13/20, Bypasses=1, Mean Fitness=3.414, Opcode Cov=41.2%, Callable Cov=24.0%, Per-scanner evasions={'fickling': 20, 'modelscan': 6, 'picklescan': 1}

--- Round 2 / 5 ---
Mutation params: op_swap=0.20, sub=0.20, fuzz=0.20
Generated 20 candidate checkpoints (families: {'gadget': 5, 'overwritten': 2, 'pypi_injected': 7, 'external': 3, 'indirect_chain': 3}).
[validity-debug] Container failed with code 1
[validity-debug] Container stdout: 
[validity-debug] Container stderr: Traceback (most recent call last):
  File "<string>", line 3, in <module>
    obj = torch.load('/tmp/tmp1zd4fva5.pt', weights_only=False, map_location='cpu')
  File "/usr/local/lib/python3.13/dist-packages/torch/serialization.py", line 1610, in load
    return _load(
        opened_zipfile,
    ...<3 lines>...
        **pickle_load_args,
    )
  File "/usr/local/lib/python3.13/dist-packages/torch/serialization.py", line 2221, in _load
    result = unpickler.load()
  File "/usr/local/lib/python3.13/dist-packages/numpy/__init__.py", line 795, in __getattr__
    raise AttributeError(f"module {__name__!r} has no attribute {attr!r}")
AttributeError: module 'numpy' has no attribute 'runstring'. Did you mean: 'fromstring'?

[validity-debug] Container failed with code 1
[validity-debug] Container stdout: 
[validity-debug] Container stderr: Traceback (most recent call last):
  File "<string>", line 3, in <module>
    obj = torch.load('/tmp/tmpmufmu85s.pt', weights_only=False, map_location='cpu')
  File "/usr/local/lib/python3.13/dist-packages/torch/serialization.py", line 1610, in load
    return _load(
        opened_zipfile,
    ...<3 lines>...
        **pickle_load_args,
    )
  File "/usr/local/lib/python3.13/dist-packages/torch/serialization.py", line 2221, in _load
    result = unpickler.load()
AttributeError: module 'IPython' has no attribute 'system'

[validity-debug] Container failed with code 1
[validity-debug] Container stdout: 
[validity-debug] Container stderr: Traceback (most recent call last):
  File "<string>", line 3, in <module>
    obj = torch.load('/tmp/tmpz9abm_a7.pt', weights_only=False, map_location='cpu')
  File "/usr/local/lib/python3.13/dist-packages/torch/serialization.py", line 1610, in load
    return _load(
        opened_zipfile,
    ...<3 lines>...
        **pickle_load_args,
    )
  File "/usr/local/lib/python3.13/dist-packages/torch/serialization.py", line 2221, in _load
    result = unpickler.load()
AttributeError: module 'IPython' has no attribute 'system'

[validity-debug] Container failed with code 1
[validity-debug] Container stdout: 
[validity-debug] Container stderr: Traceback (most recent call last):
  File "<string>", line 3, in <module>
    obj = torch.load('/tmp/tmp46tnsk4d.pt', weights_only=False, map_location='cpu')
  File "/usr/local/lib/python3.13/dist-packages/torch/serialization.py", line 1610, in load
    return _load(
        opened_zipfile,
    ...<3 lines>...
        **pickle_load_args,
    )
  File "/usr/local/lib/python3.13/dist-packages/torch/serialization.py", line 2221, in _load
    result = unpickler.load()
AttributeError: module 'IPython' has no attribute 'system'

[validity-debug] Container failed with code 1
[validity-debug] Container stdout: 
[validity-debug] Container stderr: Traceback (most recent call last):
  File "<string>", line 3, in <module>
    obj = torch.load('/tmp/tmpcxadxut3.pt', weights_only=False, map_location='cpu')
  File "/usr/local/lib/python3.13/dist-packages/torch/serialization.py", line 1610, in load
    return _load(
        opened_zipfile,
    ...<3 lines>...
        **pickle_load_args,
    )
  File "/usr/local/lib/python3.13/dist-packages/torch/serialization.py", line 2221, in _load
    result = unpickler.load()
  File "/usr/local/lib/python3.13/dist-packages/numpy/__init__.py", line 795, in __getattr__
    raise AttributeError(f"module {__name__!r} has no attribute {attr!r}")
AttributeError: module 'numpy' has no attribute 'runstring'. Did you mean: 'fromstring'?

[validity-debug] Container failed with code 1
[validity-debug] Container stdout: 
[validity-debug] Container stderr: Traceback (most recent call last):
  File "<string>", line 3, in <module>
    obj = torch.load('/tmp/tmp9emwget2.pt', weights_only=False, map_location='cpu')
  File "/usr/local/lib/python3.13/dist-packages/torch/serialization.py", line 1610, in load
    return _load(
        opened_zipfile,
    ...<3 lines>...
        **pickle_load_args,
    )
  File "/usr/local/lib/python3.13/dist-packages/torch/serialization.py", line 2221, in _load
    result = unpickler.load()
  File "/usr/local/lib/python3.13/dist-packages/torch/serialization.py", line 2210, in find_class
    return super().find_class(mod_name, name)
           ~~~~~~~~~~~~~~~~~~^^^^^^^^^^^^^^^^
AttributeError: Can't get attribute 'popen' on <module 'platform' from '/usr/lib/python3.13/platform.py'>

[validity-debug] Container failed with code 1
[validity-debug] Container stdout: 
[validity-debug] Container stderr: Traceback (most recent call last):
  File "<string>", line 3, in <module>
    obj = torch.load('/tmp/tmp9f1737mf.pt', weights_only=False, map_location='cpu')
  File "/usr/local/lib/python3.13/dist-packages/torch/serialization.py", line 1610, in load
    return _load(
        opened_zipfile,
    ...<3 lines>...
        **pickle_load_args,
    )
  File "/usr/local/lib/python3.13/dist-packages/torch/serialization.py", line 2221, in _load
    result = unpickler.load()
AttributeError: module 'IPython' has no attribute 'system'

[validity-debug] Container failed with code 1
[validity-debug] Container stdout: 
[validity-debug] Container stderr: Traceback (most recent call last):
  File "<string>", line 3, in <module>
    obj = torch.load('/tmp/tmpoex738g8.pt', weights_only=False, map_location='cpu')
  File "/usr/local/lib/python3.13/dist-packages/torch/serialization.py", line 1610, in load
    return _load(
        opened_zipfile,
    ...<3 lines>...
        **pickle_load_args,
    )
  File "/usr/local/lib/python3.13/dist-packages/torch/serialization.py", line 2221, in _load
    result = unpickler.load()
AttributeError: module 'IPython' has no attribute 'system'

[validity-debug] Container failed with code 1
[validity-debug] Container stdout: 
[validity-debug] Container stderr: Traceback (most recent call last):
  File "<string>", line 3, in <module>
    obj = torch.load('/tmp/tmpdudh0rpn.pt', weights_only=False, map_location='cpu')
  File "/usr/local/lib/python3.13/dist-packages/torch/serialization.py", line 1610, in load
    return _load(
        opened_zipfile,
    ...<3 lines>...
        **pickle_load_args,
    )
  File "/usr/local/lib/python3.13/dist-packages/torch/serialization.py", line 2221, in _load
    result = unpickler.load()
AttributeError: module 'IPython' has no attribute 'system'

Round 2 Complete: Valid=11/20, Bypasses=0, Mean Fitness=2.978, Opcode Cov=42.6%, Callable Cov=36.0%, Per-scanner evasions={'fickling': 20, 'modelscan': 1}

--- Round 3 / 5 ---
Mutation params: op_swap=0.25, sub=0.25, fuzz=0.25
Generated 20 candidate checkpoints (families: {'gadget': 3, 'overwritten': 5, 'pypi_injected': 6, 'external': 5, 'indirect_chain': 1}).
[validity-debug] Container failed with code 1
[validity-debug] Container stdout: 
[validity-debug] Container stderr: Traceback (most recent call last):
  File "<string>", line 3, in <module>
    obj = torch.load('/tmp/tmpzj1jrhfz.pt', weights_only=False, map_location='cpu')
  File "/usr/local/lib/python3.13/dist-packages/torch/serialization.py", line 1610, in load
    return _load(
        opened_zipfile,
    ...<3 lines>...
        **pickle_load_args,
    )
  File "/usr/local/lib/python3.13/dist-packages/torch/serialization.py", line 2221, in _load
    result = unpickler.load()
  File "/usr/local/lib/python3.13/dist-packages/numpy/__init__.py", line 795, in __getattr__
    raise AttributeError(f"module {__name__!r} has no attribute {attr!r}")
AttributeError: module 'numpy' has no attribute 'runstring'. Did you mean: 'fromstring'?

[validity-debug] Container failed with code 1
[validity-debug] Container stdout: 
[validity-debug] Container stderr: Traceback (most recent call last):
  File "<string>", line 3, in <module>
    obj = torch.load('/tmp/tmpchwofou0.pt', weights_only=False, map_location='cpu')
  File "/usr/local/lib/python3.13/dist-packages/torch/serialization.py", line 1610, in load
    return _load(
        opened_zipfile,
    ...<3 lines>...
        **pickle_load_args,
    )
  File "/usr/local/lib/python3.13/dist-packages/torch/serialization.py", line 2221, in _load
    result = unpickler.load()
  File "/usr/local/lib/python3.13/dist-packages/torch/serialization.py", line 2210, in find_class
    return super().find_class(mod_name, name)
           ~~~~~~~~~~~~~~~~~~^^^^^^^^^^^^^^^^
AttributeError: Can't get attribute 'popen' on <module 'platform' from '/usr/lib/python3.13/platform.py'>

[validity-debug] Container failed with code 1
[validity-debug] Container stdout: 
[validity-debug] Container stderr: Traceback (most recent call last):
  File "<string>", line 3, in <module>
    obj = torch.load('/tmp/tmpb3cog9mv.pt', weights_only=False, map_location='cpu')
  File "/usr/local/lib/python3.13/dist-packages/torch/serialization.py", line 1610, in load
    return _load(
        opened_zipfile,
    ...<3 lines>...
        **pickle_load_args,
    )
  File "/usr/local/lib/python3.13/dist-packages/torch/serialization.py", line 2221, in _load
    result = unpickler.load()
  File "/usr/local/lib/python3.13/dist-packages/numpy/__init__.py", line 795, in __getattr__
    raise AttributeError(f"module {__name__!r} has no attribute {attr!r}")
AttributeError: module 'numpy' has no attribute 'runstring'. Did you mean: 'fromstring'?

[validity-debug] Container failed with code 1
[validity-debug] Container stdout: 
[validity-debug] Container stderr: Traceback (most recent call last):
  File "<string>", line 3, in <module>
    obj = torch.load('/tmp/tmpmc3rklye.pt', weights_only=False, map_location='cpu')
  File "/usr/local/lib/python3.13/dist-packages/torch/serialization.py", line 1610, in load
    return _load(
        opened_zipfile,
    ...<3 lines>...
        **pickle_load_args,
    )
  File "/usr/local/lib/python3.13/dist-packages/torch/serialization.py", line 2221, in _load
    result = unpickler.load()
  File "/usr/local/lib/python3.13/dist-packages/numpy/__init__.py", line 795, in __getattr__
    raise AttributeError(f"module {__name__!r} has no attribute {attr!r}")
AttributeError: module 'numpy' has no attribute 'runstring'. Did you mean: 'fromstring'?

[validity-debug] Container failed with code 1
[validity-debug] Container stdout: 
[validity-debug] Container stderr: Traceback (most recent call last):
  File "<string>", line 3, in <module>
    obj = torch.load('/tmp/tmpdwq1p88u.pt', weights_only=False, map_location='cpu')
  File "/usr/local/lib/python3.13/dist-packages/torch/serialization.py", line 1610, in load
    return _load(
        opened_zipfile,
    ...<3 lines>...
        **pickle_load_args,
    )
  File "/usr/local/lib/python3.13/dist-packages/torch/serialization.py", line 2221, in _load
    result = unpickler.load()
AttributeError: module 'IPython' has no attribute 'system'

[validity-debug] Container failed with code 1
[validity-debug] Container stdout: 
[validity-debug] Container stderr: Traceback (most recent call last):
  File "<string>", line 3, in <module>
    obj = torch.load('/tmp/tmpnq86r5o6.pt', weights_only=False, map_location='cpu')
  File "/usr/local/lib/python3.13/dist-packages/torch/serialization.py", line 1610, in load
    return _load(
        opened_zipfile,
    ...<3 lines>...
        **pickle_load_args,
    )
  File "/usr/local/lib/python3.13/dist-packages/torch/serialization.py", line 2221, in _load
    result = unpickler.load()
AttributeError: module 'IPython' has no attribute 'system'

[validity-debug] Container failed with code 1
[validity-debug] Container stdout: 
[validity-debug] Container stderr: Traceback (most recent call last):
  File "<string>", line 3, in <module>
    obj = torch.load('/tmp/tmpswcfo44u.pt', weights_only=False, map_location='cpu')
  File "/usr/local/lib/python3.13/dist-packages/torch/serialization.py", line 1610, in load
    return _load(
        opened_zipfile,
    ...<3 lines>...
        **pickle_load_args,
    )
  File "/usr/local/lib/python3.13/dist-packages/torch/serialization.py", line 2221, in _load
    result = unpickler.load()
AttributeError: module 'IPython' has no attribute 'system'

Round 3 Complete: Valid=13/20, Bypasses=0, Mean Fitness=2.562, Opcode Cov=42.6%, Callable Cov=36.0%, Per-scanner evasions={'fickling': 20, 'modelscan': 2}

--- Round 4 / 5 ---
Mutation params: op_swap=0.30, sub=0.30, fuzz=0.30
Generated 20 candidate checkpoints (families: {'gadget': 4, 'overwritten': 5, 'pypi_injected': 6, 'external': 2, 'indirect_chain': 3}).
[validity-debug] Container failed with code 1
[validity-debug] Container stdout: 
[validity-debug] Container stderr: Traceback (most recent call last):
  File "<string>", line 3, in <module>
    obj = torch.load('/tmp/tmp1m572uhy.pt', weights_only=False, map_location='cpu')
  File "/usr/local/lib/python3.13/dist-packages/torch/serialization.py", line 1610, in load
    return _load(
        opened_zipfile,
    ...<3 lines>...
        **pickle_load_args,
    )
  File "/usr/local/lib/python3.13/dist-packages/torch/serialization.py", line 2221, in _load
    result = unpickler.load()
AttributeError: module 'IPython' has no attribute 'system'

[validity-debug] Container failed with code 1
[validity-debug] Container stdout: 
[validity-debug] Container stderr: Traceback (most recent call last):
  File "<string>", line 3, in <module>
    obj = torch.load('/tmp/tmp9n73yqcm.pt', weights_only=False, map_location='cpu')
  File "/usr/local/lib/python3.13/dist-packages/torch/serialization.py", line 1610, in load
    return _load(
        opened_zipfile,
    ...<3 lines>...
        **pickle_load_args,
    )
  File "/usr/local/lib/python3.13/dist-packages/torch/serialization.py", line 2221, in _load
    result = unpickler.load()
AttributeError: module 'IPython' has no attribute 'system'

[validity-debug] Container failed with code 1
[validity-debug] Container stdout: 
[validity-debug] Container stderr: Traceback (most recent call last):
  File "<string>", line 3, in <module>
    obj = torch.load('/tmp/tmpy6swgs8y.pt', weights_only=False, map_location='cpu')
  File "/usr/local/lib/python3.13/dist-packages/torch/serialization.py", line 1610, in load
    return _load(
        opened_zipfile,
    ...<3 lines>...
        **pickle_load_args,
    )
  File "/usr/local/lib/python3.13/dist-packages/torch/serialization.py", line 2221, in _load
    result = unpickler.load()
AttributeError: module 'IPython' has no attribute 'system'

[validity-debug] Container failed with code 1
[validity-debug] Container stdout: 
[validity-debug] Container stderr: Traceback (most recent call last):
  File "<string>", line 3, in <module>
    obj = torch.load('/tmp/tmpuxch8kty.pt', weights_only=False, map_location='cpu')
  File "/usr/local/lib/python3.13/dist-packages/torch/serialization.py", line 1610, in load
    return _load(
        opened_zipfile,
    ...<3 lines>...
        **pickle_load_args,
    )
  File "/usr/local/lib/python3.13/dist-packages/torch/serialization.py", line 2221, in _load
    result = unpickler.load()
AttributeError: module 'IPython' has no attribute 'system'

[validity-debug] Container failed with code 1
[validity-debug] Container stdout: 
[validity-debug] Container stderr: Traceback (most recent call last):
  File "<string>", line 3, in <module>
    obj = torch.load('/tmp/tmp8um4cyou.pt', weights_only=False, map_location='cpu')
  File "/usr/local/lib/python3.13/dist-packages/torch/serialization.py", line 1610, in load
    return _load(
        opened_zipfile,
    ...<3 lines>...
        **pickle_load_args,
    )
  File "/usr/local/lib/python3.13/dist-packages/torch/serialization.py", line 2221, in _load
    result = unpickler.load()
  File "/usr/local/lib/python3.13/dist-packages/numpy/__init__.py", line 795, in __getattr__
    raise AttributeError(f"module {__name__!r} has no attribute {attr!r}")
AttributeError: module 'numpy' has no attribute 'runstring'. Did you mean: 'fromstring'?

Round 4 Complete: Valid=14/20, Bypasses=0, Mean Fitness=2.929, Opcode Cov=42.6%, Callable Cov=44.0%, Per-scanner evasions={'fickling': 20, 'modelscan': 1}

--- Round 5 / 5 ---
Mutation params: op_swap=0.35, sub=0.35, fuzz=0.35
Generated 20 candidate checkpoints (families: {'gadget': 3, 'overwritten': 2, 'pypi_injected': 6, 'external': 5, 'indirect_chain': 4}).
[validity-debug] Container failed with code 1
[validity-debug] Container stdout: 
[validity-debug] Container stderr: Traceback (most recent call last):
  File "<string>", line 3, in <module>
    obj = torch.load('/tmp/tmpp1chtg78.pt', weights_only=False, map_location='cpu')
  File "/usr/local/lib/python3.13/dist-packages/torch/serialization.py", line 1610, in load
    return _load(
        opened_zipfile,
    ...<3 lines>...
        **pickle_load_args,
    )
  File "/usr/local/lib/python3.13/dist-packages/torch/serialization.py", line 2221, in _load
    result = unpickler.load()
AttributeError: module 'IPython' has no attribute 'system'

[validity-debug] Container failed with code 1
[validity-debug] Container stdout: 
[validity-debug] Container stderr: Traceback (most recent call last):
  File "<string>", line 3, in <module>
    obj = torch.load('/tmp/tmpl4djhz3i.pt', weights_only=False, map_location='cpu')
  File "/usr/local/lib/python3.13/dist-packages/torch/serialization.py", line 1610, in load
    return _load(
        opened_zipfile,
    ...<3 lines>...
        **pickle_load_args,
    )
  File "/usr/local/lib/python3.13/dist-packages/torch/serialization.py", line 2221, in _load
    result = unpickler.load()
  File "/usr/local/lib/python3.13/dist-packages/numpy/__init__.py", line 795, in __getattr__
    raise AttributeError(f"module {__name__!r} has no attribute {attr!r}")
AttributeError: module 'numpy' has no attribute 'runstring'. Did you mean: 'fromstring'?

[validity-debug] Container failed with code 1
[validity-debug] Container stdout: 
[validity-debug] Container stderr: Traceback (most recent call last):
  File "<string>", line 3, in <module>
    obj = torch.load('/tmp/tmpn4s60lz3.pt', weights_only=False, map_location='cpu')
  File "/usr/local/lib/python3.13/dist-packages/torch/serialization.py", line 1610, in load
    return _load(
        opened_zipfile,
    ...<3 lines>...
        **pickle_load_args,
    )
  File "/usr/local/lib/python3.13/dist-packages/torch/serialization.py", line 2221, in _load
    result = unpickler.load()
  File "/usr/local/lib/python3.13/dist-packages/numpy/__init__.py", line 795, in __getattr__
    raise AttributeError(f"module {__name__!r} has no attribute {attr!r}")
AttributeError: module 'numpy' has no attribute 'runstring'. Did you mean: 'fromstring'?

[validity-debug] Container failed with code 1
[validity-debug] Container stdout: 
[validity-debug] Container stderr: Traceback (most recent call last):
  File "<string>", line 3, in <module>
    obj = torch.load('/tmp/tmphgmxjmaj.pt', weights_only=False, map_location='cpu')
  File "/usr/local/lib/python3.13/dist-packages/torch/serialization.py", line 1610, in load
    return _load(
        opened_zipfile,
    ...<3 lines>...
        **pickle_load_args,
    )
  File "/usr/local/lib/python3.13/dist-packages/torch/serialization.py", line 2221, in _load
    result = unpickler.load()
AttributeError: module 'IPython' has no attribute 'system'

[validity-debug] Container failed with code 1
[validity-debug] Container stdout: 
[validity-debug] Container stderr: Traceback (most recent call last):
  File "<string>", line 3, in <module>
    obj = torch.load('/tmp/tmpkoa1qd5u.pt', weights_only=False, map_location='cpu')
  File "/usr/local/lib/python3.13/dist-packages/torch/serialization.py", line 1610, in load
    return _load(
        opened_zipfile,
    ...<3 lines>...
        **pickle_load_args,
    )
  File "/usr/local/lib/python3.13/dist-packages/torch/serialization.py", line 2221, in _load
    result = unpickler.load()
  File "/usr/local/lib/python3.13/dist-packages/numpy/__init__.py", line 795, in __getattr__
    raise AttributeError(f"module {__name__!r} has no attribute {attr!r}")
AttributeError: module 'numpy' has no attribute 'runstring'. Did you mean: 'fromstring'?

[validity-debug] Container failed with code 1
[validity-debug] Container stdout: 
[validity-debug] Container stderr: Traceback (most recent call last):
  File "<string>", line 3, in <module>
    obj = torch.load('/tmp/tmpboqjvkjh.pt', weights_only=False, map_location='cpu')
  File "/usr/local/lib/python3.13/dist-packages/torch/serialization.py", line 1610, in load
    return _load(
        opened_zipfile,
    ...<3 lines>...
        **pickle_load_args,
    )
  File "/usr/local/lib/python3.13/dist-packages/torch/serialization.py", line 2221, in _load
    result = unpickler.load()
AttributeError: module 'IPython' has no attribute 'system'

[validity-debug] Container failed with code 1
[validity-debug] Container stdout: 
[validity-debug] Container stderr: Traceback (most recent call last):
  File "<string>", line 3, in <module>
    obj = torch.load('/tmp/tmpbdztgthp.pt', weights_only=False, map_location='cpu')
  File "/usr/local/lib/python3.13/dist-packages/torch/serialization.py", line 1610, in load
    return _load(
        opened_zipfile,
    ...<3 lines>...
        **pickle_load_args,
    )
  File "/usr/local/lib/python3.13/dist-packages/torch/serialization.py", line 2221, in _load
    result = unpickler.load()
AttributeError: module 'IPython' has no attribute 'system'

[validity-debug] Container failed with code 1
[validity-debug] Container stdout: 
[validity-debug] Container stderr: Traceback (most recent call last):
  File "<string>", line 3, in <module>
    obj = torch.load('/tmp/tmpw7xhvhwk.pt', weights_only=False, map_location='cpu')
  File "/usr/local/lib/python3.13/dist-packages/torch/serialization.py", line 1610, in load
    return _load(
        opened_zipfile,
    ...<3 lines>...
        **pickle_load_args,
    )
  File "/usr/local/lib/python3.13/dist-packages/torch/serialization.py", line 2221, in _load
    result = unpickler.load()
AttributeError: module 'IPython' has no attribute 'system'

Round 5 Complete: Valid=12/20, Bypasses=0, Mean Fitness=2.327, Opcode Cov=42.6%, Callable Cov=44.0%, Per-scanner evasions={'fickling': 20, 'modelscan': 2}

Written fuzzing report to docs/fuzzing-report-guided-r1.md
============================================================
CAMPAIGN COMPLETE (guided, replicate 1)
  valid candidates : 63/100
  confirmed bypasses: 1
============================================================
[Mon Aug 24 07:14:58 PM +0530 2026] Completed guided-oracle_aware-r1 successfully

[Mon Aug 24 07:15:08 PM +0530 2026] Starting guided-oracle_dominant-r1 (seed=1337)...
============================================================
STARTING GUIDED FUZZING CAMPAIGN (replicate 1)
============================================================

--- Round 1 / 5 ---
Mutation params: op_swap=0.15, sub=0.15, fuzz=0.15
Generated 20 candidate checkpoints (families: {'gadget': 7, 'overwritten': 1, 'pypi_injected': 3, 'external': 7, 'indirect_chain': 2}).
[validity-debug] Container failed with code 1
[validity-debug] Container stdout: 
[validity-debug] Container stderr: Traceback (most recent call last):
  File "<string>", line 3, in <module>
    obj = torch.load('/tmp/tmp9ycgfaa9.pt', weights_only=False, map_location='cpu')
  File "/usr/local/lib/python3.13/dist-packages/torch/serialization.py", line 1610, in load
    return _load(
        opened_zipfile,
    ...<3 lines>...
        **pickle_load_args,
    )
  File "/usr/local/lib/python3.13/dist-packages/torch/serialization.py", line 2221, in _load
    result = unpickler.load()
AttributeError: module 'IPython' has no attribute 'system'

[validity-debug] Container failed with code 1
[validity-debug] Container stdout: 
[validity-debug] Container stderr: Traceback (most recent call last):
  File "<string>", line 3, in <module>
    obj = torch.load('/tmp/tmpx0th9jcu.pt', weights_only=False, map_location='cpu')
  File "/usr/local/lib/python3.13/dist-packages/torch/serialization.py", line 1610, in load
    return _load(
        opened_zipfile,
    ...<3 lines>...
        **pickle_load_args,
    )
  File "/usr/local/lib/python3.13/dist-packages/torch/serialization.py", line 2221, in _load
    result = unpickler.load()
AttributeError: module 'IPython' has no attribute 'system'

[validity-debug] Container failed with code 1
[validity-debug] Container stdout: 
[validity-debug] Container stderr: Traceback (most recent call last):
  File "<string>", line 3, in <module>
    obj = torch.load('/tmp/tmpij2his3p.pt', weights_only=False, map_location='cpu')
  File "/usr/local/lib/python3.13/dist-packages/torch/serialization.py", line 1610, in load
    return _load(
        opened_zipfile,
    ...<3 lines>...
        **pickle_load_args,
    )
  File "/usr/local/lib/python3.13/dist-packages/torch/serialization.py", line 2221, in _load
    result = unpickler.load()
AttributeError: module 'platform' has no attribute 'popen'

[validity-debug] Container failed with code 1
[validity-debug] Container stdout: 
[validity-debug] Container stderr: Traceback (most recent call last):
  File "<string>", line 3, in <module>
    obj = torch.load('/tmp/tmpeej3gsd1.pt', weights_only=False, map_location='cpu')
  File "/usr/local/lib/python3.13/dist-packages/torch/serialization.py", line 1610, in load
    return _load(
        opened_zipfile,
    ...<3 lines>...
        **pickle_load_args,
    )
  File "/usr/local/lib/python3.13/dist-packages/torch/serialization.py", line 2221, in _load
    result = unpickler.load()
  File "/usr/local/lib/python3.13/dist-packages/numpy/__init__.py", line 795, in __getattr__
    raise AttributeError(f"module {__name__!r} has no attribute {attr!r}")
AttributeError: module 'numpy' has no attribute 'runstring'. Did you mean: 'fromstring'?

[validity-debug] Container failed with code 1
[validity-debug] Container stdout: 
[validity-debug] Container stderr: Traceback (most recent call last):
  File "<string>", line 3, in <module>
    obj = torch.load('/tmp/tmpkpsnzo7v.pt', weights_only=False, map_location='cpu')
  File "/usr/local/lib/python3.13/dist-packages/torch/serialization.py", line 1610, in load
    return _load(
        opened_zipfile,
    ...<3 lines>...
        **pickle_load_args,
    )
  File "/usr/local/lib/python3.13/dist-packages/torch/serialization.py", line 2221, in _load
    result = unpickler.load()
  File "/usr/local/lib/python3.13/dist-packages/numpy/__init__.py", line 795, in __getattr__
    raise AttributeError(f"module {__name__!r} has no attribute {attr!r}")
AttributeError: module 'numpy' has no attribute 'runstring'. Did you mean: 'fromstring'?

[validity-debug] Container failed with code 1
[validity-debug] Container stdout: 
[validity-debug] Container stderr: Traceback (most recent call last):
  File "<string>", line 3, in <module>
    obj = torch.load('/tmp/tmp48nvvbqt.pt', weights_only=False, map_location='cpu')
  File "/usr/local/lib/python3.13/dist-packages/torch/serialization.py", line 1610, in load
    return _load(
        opened_zipfile,
    ...<3 lines>...
        **pickle_load_args,
    )
  File "/usr/local/lib/python3.13/dist-packages/torch/serialization.py", line 2221, in _load
    result = unpickler.load()
  File "/usr/local/lib/python3.13/dist-packages/numpy/__init__.py", line 795, in __getattr__
    raise AttributeError(f"module {__name__!r} has no attribute {attr!r}")
AttributeError: module 'numpy' has no attribute 'runstring'. Did you mean: 'fromstring'?

[validity-debug] Container failed with code 1
[validity-debug] Container stdout: 
[validity-debug] Container stderr: Traceback (most recent call last):
  File "<string>", line 3, in <module>
    obj = torch.load('/tmp/tmp02fecx8c.pt', weights_only=False, map_location='cpu')
  File "/usr/local/lib/python3.13/dist-packages/torch/serialization.py", line 1610, in load
    return _load(
        opened_zipfile,
    ...<3 lines>...
        **pickle_load_args,
    )
  File "/usr/local/lib/python3.13/dist-packages/torch/serialization.py", line 2221, in _load
    result = unpickler.load()
  File "/usr/local/lib/python3.13/dist-packages/numpy/__init__.py", line 795, in __getattr__
    raise AttributeError(f"module {__name__!r} has no attribute {attr!r}")
AttributeError: module 'numpy' has no attribute 'runstring'. Did you mean: 'fromstring'?

Round 1 Complete: Valid=13/20, Bypasses=1, Mean Fitness=3040.100, Opcode Cov=41.2%, Callable Cov=24.0%, Per-scanner evasions={'fickling': 20, 'modelscan': 6, 'picklescan': 1}

--- Round 2 / 5 ---
Mutation params: op_swap=0.20, sub=0.20, fuzz=0.20
Generated 20 candidate checkpoints (families: {'gadget': 5, 'overwritten': 2, 'pypi_injected': 7, 'external': 3, 'indirect_chain': 3}).
[validity-debug] Container failed with code 1
[validity-debug] Container stdout: 
[validity-debug] Container stderr: Traceback (most recent call last):
  File "<string>", line 3, in <module>
    obj = torch.load('/tmp/tmplfpcv1c3.pt', weights_only=False, map_location='cpu')
  File "/usr/local/lib/python3.13/dist-packages/torch/serialization.py", line 1610, in load
    return _load(
        opened_zipfile,
    ...<3 lines>...
        **pickle_load_args,
    )
  File "/usr/local/lib/python3.13/dist-packages/torch/serialization.py", line 2221, in _load
    result = unpickler.load()
  File "/usr/local/lib/python3.13/dist-packages/numpy/__init__.py", line 795, in __getattr__
    raise AttributeError(f"module {__name__!r} has no attribute {attr!r}")
AttributeError: module 'numpy' has no attribute 'runstring'. Did you mean: 'fromstring'?

[validity-debug] Container failed with code 1
[validity-debug] Container stdout: 
[validity-debug] Container stderr: Traceback (most recent call last):
  File "<string>", line 3, in <module>
    obj = torch.load('/tmp/tmpk5afd5mm.pt', weights_only=False, map_location='cpu')
  File "/usr/local/lib/python3.13/dist-packages/torch/serialization.py", line 1610, in load
    return _load(
        opened_zipfile,
    ...<3 lines>...
        **pickle_load_args,
    )
  File "/usr/local/lib/python3.13/dist-packages/torch/serialization.py", line 2221, in _load
    result = unpickler.load()
AttributeError: module 'IPython' has no attribute 'system'

[validity-debug] Container failed with code 1
[validity-debug] Container stdout: 
[validity-debug] Container stderr: Traceback (most recent call last):
  File "<string>", line 3, in <module>
    obj = torch.load('/tmp/tmpfv0ydnhz.pt', weights_only=False, map_location='cpu')
  File "/usr/local/lib/python3.13/dist-packages/torch/serialization.py", line 1610, in load
    return _load(
        opened_zipfile,
    ...<3 lines>...
        **pickle_load_args,
    )
  File "/usr/local/lib/python3.13/dist-packages/torch/serialization.py", line 2221, in _load
    result = unpickler.load()
AttributeError: module 'IPython' has no attribute 'system'

[validity-debug] Container failed with code 1
[validity-debug] Container stdout: 
[validity-debug] Container stderr: Traceback (most recent call last):
  File "<string>", line 3, in <module>
    obj = torch.load('/tmp/tmp2h1s3px5.pt', weights_only=False, map_location='cpu')
  File "/usr/local/lib/python3.13/dist-packages/torch/serialization.py", line 1610, in load
    return _load(
        opened_zipfile,
    ...<3 lines>...
        **pickle_load_args,
    )
  File "/usr/local/lib/python3.13/dist-packages/torch/serialization.py", line 2221, in _load
    result = unpickler.load()
AttributeError: module 'IPython' has no attribute 'system'

[validity-debug] Container failed with code 1
[validity-debug] Container stdout: 
[validity-debug] Container stderr: Traceback (most recent call last):
  File "<string>", line 3, in <module>
    obj = torch.load('/tmp/tmpmhx3pbri.pt', weights_only=False, map_location='cpu')
  File "/usr/local/lib/python3.13/dist-packages/torch/serialization.py", line 1610, in load
    return _load(
        opened_zipfile,
    ...<3 lines>...
        **pickle_load_args,
    )
  File "/usr/local/lib/python3.13/dist-packages/torch/serialization.py", line 2221, in _load
    result = unpickler.load()
  File "/usr/local/lib/python3.13/dist-packages/numpy/__init__.py", line 795, in __getattr__
    raise AttributeError(f"module {__name__!r} has no attribute {attr!r}")
AttributeError: module 'numpy' has no attribute 'runstring'. Did you mean: 'fromstring'?

[validity-debug] Container failed with code 1
[validity-debug] Container stdout: 
[validity-debug] Container stderr: Traceback (most recent call last):
  File "<string>", line 3, in <module>
    obj = torch.load('/tmp/tmp4si9x5x2.pt', weights_only=False, map_location='cpu')
  File "/usr/local/lib/python3.13/dist-packages/torch/serialization.py", line 1610, in load
    return _load(
        opened_zipfile,
    ...<3 lines>...
        **pickle_load_args,
    )
  File "/usr/local/lib/python3.13/dist-packages/torch/serialization.py", line 2221, in _load
    result = unpickler.load()
AttributeError: module 'IPython' has no attribute 'system'

[validity-debug] Container failed with code 1
[validity-debug] Container stdout: 
[validity-debug] Container stderr: Traceback (most recent call last):
  File "<string>", line 3, in <module>
    obj = torch.load('/tmp/tmp1mrx7kg4.pt', weights_only=False, map_location='cpu')
  File "/usr/local/lib/python3.13/dist-packages/torch/serialization.py", line 1610, in load
    return _load(
        opened_zipfile,
    ...<3 lines>...
        **pickle_load_args,
    )
  File "/usr/local/lib/python3.13/dist-packages/torch/serialization.py", line 2221, in _load
    result = unpickler.load()
AttributeError: module 'IPython' has no attribute 'system'

[validity-debug] Container failed with code 1
[validity-debug] Container stdout: 
[validity-debug] Container stderr: Traceback (most recent call last):
  File "<string>", line 3, in <module>
    obj = torch.load('/tmp/tmpt_nbqpi3.pt', weights_only=False, map_location='cpu')
  File "/usr/local/lib/python3.13/dist-packages/torch/serialization.py", line 1610, in load
    return _load(
        opened_zipfile,
    ...<3 lines>...
        **pickle_load_args,
    )
  File "/usr/local/lib/python3.13/dist-packages/torch/serialization.py", line 2221, in _load
    result = unpickler.load()
AttributeError: module 'IPython' has no attribute 'system'

Round 2 Complete: Valid=12/20, Bypasses=0, Mean Fitness=4521.000, Opcode Cov=42.6%, Callable Cov=36.0%, Per-scanner evasions={'fickling': 20, 'modelscan': 1}

--- Round 3 / 5 ---
Mutation params: op_swap=0.25, sub=0.25, fuzz=0.25
Generated 20 candidate checkpoints (families: {'gadget': 2, 'overwritten': 2, 'pypi_injected': 7, 'external': 6, 'indirect_chain': 3}).
[validity-debug] Container failed with code 1
[validity-debug] Container stdout: 
[validity-debug] Container stderr: Traceback (most recent call last):
  File "<string>", line 3, in <module>
    obj = torch.load('/tmp/tmpqblqhg0o.pt', weights_only=False, map_location='cpu')
  File "/usr/local/lib/python3.13/dist-packages/torch/serialization.py", line 1610, in load
    return _load(
        opened_zipfile,
    ...<3 lines>...
        **pickle_load_args,
    )
  File "/usr/local/lib/python3.13/dist-packages/torch/serialization.py", line 2221, in _load
    result = unpickler.load()
  File "/usr/local/lib/python3.13/dist-packages/numpy/__init__.py", line 795, in __getattr__
    raise AttributeError(f"module {__name__!r} has no attribute {attr!r}")
AttributeError: module 'numpy' has no attribute 'runstring'. Did you mean: 'fromstring'?

[validity-debug] Container failed with code 1
[validity-debug] Container stdout: 
[validity-debug] Container stderr: Traceback (most recent call last):
  File "<string>", line 3, in <module>
    obj = torch.load('/tmp/tmp21pmf0zt.pt', weights_only=False, map_location='cpu')
  File "/usr/local/lib/python3.13/dist-packages/torch/serialization.py", line 1610, in load
    return _load(
        opened_zipfile,
    ...<3 lines>...
        **pickle_load_args,
    )
  File "/usr/local/lib/python3.13/dist-packages/torch/serialization.py", line 2221, in _load
    result = unpickler.load()
AttributeError: module 'IPython' has no attribute 'system'

[validity-debug] Container failed with code 1
[validity-debug] Container stdout: 
[validity-debug] Container stderr: Traceback (most recent call last):
  File "<string>", line 3, in <module>
    obj = torch.load('/tmp/tmp5lttd_wv.pt', weights_only=False, map_location='cpu')
  File "/usr/local/lib/python3.13/dist-packages/torch/serialization.py", line 1610, in load
    return _load(
        opened_zipfile,
    ...<3 lines>...
        **pickle_load_args,
    )
  File "/usr/local/lib/python3.13/dist-packages/torch/serialization.py", line 2221, in _load
    result = unpickler.load()
AttributeError: module 'IPython' has no attribute 'system'

[validity-debug] Container failed with code 1
[validity-debug] Container stdout: 
[validity-debug] Container stderr: Traceback (most recent call last):
  File "<string>", line 3, in <module>
    obj = torch.load('/tmp/tmplhjjmlc9.pt', weights_only=False, map_location='cpu')
  File "/usr/local/lib/python3.13/dist-packages/torch/serialization.py", line 1610, in load
    return _load(
        opened_zipfile,
    ...<3 lines>...
        **pickle_load_args,
    )
  File "/usr/local/lib/python3.13/dist-packages/torch/serialization.py", line 2221, in _load
    result = unpickler.load()
  File "/usr/local/lib/python3.13/dist-packages/numpy/__init__.py", line 795, in __getattr__
    raise AttributeError(f"module {__name__!r} has no attribute {attr!r}")
AttributeError: module 'numpy' has no attribute 'runstring'. Did you mean: 'fromstring'?

[validity-debug] Container failed with code 1
[validity-debug] Container stdout: 
[validity-debug] Container stderr: Traceback (most recent call last):
  File "<string>", line 3, in <module>
    obj = torch.load('/tmp/tmphy6qwbdk.pt', weights_only=False, map_location='cpu')
  File "/usr/local/lib/python3.13/dist-packages/torch/serialization.py", line 1610, in load
    return _load(
        opened_zipfile,
    ...<3 lines>...
        **pickle_load_args,
    )
  File "/usr/local/lib/python3.13/dist-packages/torch/serialization.py", line 2221, in _load
    result = unpickler.load()
  File "/usr/local/lib/python3.13/dist-packages/numpy/__init__.py", line 795, in __getattr__
    raise AttributeError(f"module {__name__!r} has no attribute {attr!r}")
AttributeError: module 'numpy' has no attribute 'runstring'. Did you mean: 'fromstring'?

[validity-debug] Container failed with code 1
[validity-debug] Container stdout: 
[validity-debug] Container stderr: Traceback (most recent call last):
  File "<string>", line 3, in <module>
    obj = torch.load('/tmp/tmp_n4dq8cd.pt', weights_only=False, map_location='cpu')
  File "/usr/local/lib/python3.13/dist-packages/torch/serialization.py", line 1610, in load
    return _load(
        opened_zipfile,
    ...<3 lines>...
        **pickle_load_args,
    )
  File "/usr/local/lib/python3.13/dist-packages/torch/serialization.py", line 2221, in _load
    result = unpickler.load()
  File "/usr/local/lib/python3.13/dist-packages/numpy/__init__.py", line 795, in __getattr__
    raise AttributeError(f"module {__name__!r} has no attribute {attr!r}")
AttributeError: module 'numpy' has no attribute 'runstring'. Did you mean: 'fromstring'?

[validity-debug] Container failed with code 1
[validity-debug] Container stdout: 
[validity-debug] Container stderr: Traceback (most recent call last):
  File "<string>", line 3, in <module>
    obj = torch.load('/tmp/tmpad5cx7j0.pt', weights_only=False, map_location='cpu')
  File "/usr/local/lib/python3.13/dist-packages/torch/serialization.py", line 1610, in load
    return _load(
        opened_zipfile,
    ...<3 lines>...
        **pickle_load_args,
    )
  File "/usr/local/lib/python3.13/dist-packages/torch/serialization.py", line 2221, in _load
    result = unpickler.load()
AttributeError: module 'IPython' has no attribute 'system'

[validity-debug] Container failed with code 1
[validity-debug] Container stdout: 
[validity-debug] Container stderr: Traceback (most recent call last):
  File "<string>", line 3, in <module>
    obj = torch.load('/tmp/tmphjwa95cm.pt', weights_only=False, map_location='cpu')
  File "/usr/local/lib/python3.13/dist-packages/torch/serialization.py", line 1610, in load
    return _load(
        opened_zipfile,
    ...<3 lines>...
        **pickle_load_args,
    )
  File "/usr/local/lib/python3.13/dist-packages/torch/serialization.py", line 2221, in _load
    result = unpickler.load()
  File "/usr/local/lib/python3.13/dist-packages/numpy/__init__.py", line 795, in __getattr__
    raise AttributeError(f"module {__name__!r} has no attribute {attr!r}")
AttributeError: module 'numpy' has no attribute 'runstring'. Did you mean: 'fromstring'?

[validity-debug] Container failed with code 1
[validity-debug] Container stdout: 
[validity-debug] Container stderr: Traceback (most recent call last):
  File "<string>", line 3, in <module>
    obj = torch.load('/tmp/tmp_evlabfg.pt', weights_only=False, map_location='cpu')
  File "/usr/local/lib/python3.13/dist-packages/torch/serialization.py", line 1610, in load
    return _load(
        opened_zipfile,
    ...<3 lines>...
        **pickle_load_args,
    )
  File "/usr/local/lib/python3.13/dist-packages/torch/serialization.py", line 2221, in _load
    result = unpickler.load()
AttributeError: module 'IPython' has no attribute 'system'

[validity-debug] Container failed with code 1
[validity-debug] Container stdout: 
[validity-debug] Container stderr: Traceback (most recent call last):
  File "<string>", line 3, in <module>
    obj = torch.load('/tmp/tmp9k346vw_.pt', weights_only=False, map_location='cpu')
  File "/usr/local/lib/python3.13/dist-packages/torch/serialization.py", line 1610, in load
    return _load(
        opened_zipfile,
    ...<3 lines>...
        **pickle_load_args,
    )
  File "/usr/local/lib/python3.13/dist-packages/torch/serialization.py", line 2221, in _load
    result = unpickler.load()
AttributeError: module 'IPython' has no attribute 'system'

Round 3 Complete: Valid=10/20, Bypasses=0, Mean Fitness=3516.933, Opcode Cov=42.6%, Callable Cov=36.0%, Per-scanner evasions={'fickling': 20, 'modelscan': 1}

--- Round 4 / 5 ---
Mutation params: op_swap=0.30, sub=0.30, fuzz=0.30
Generated 20 candidate checkpoints (families: {'gadget': 5, 'overwritten': 4, 'pypi_injected': 5, 'external': 2, 'indirect_chain': 4}).
[validity-debug] Container failed with code 1
[validity-debug] Container stdout: 
[validity-debug] Container stderr: Traceback (most recent call last):
  File "<string>", line 3, in <module>
    obj = torch.load('/tmp/tmpxhb9ixks.pt', weights_only=False, map_location='cpu')
  File "/usr/local/lib/python3.13/dist-packages/torch/serialization.py", line 1610, in load
    return _load(
        opened_zipfile,
    ...<3 lines>...
        **pickle_load_args,
    )
  File "/usr/local/lib/python3.13/dist-packages/torch/serialization.py", line 2221, in _load
    result = unpickler.load()
  File "/usr/local/lib/python3.13/dist-packages/numpy/__init__.py", line 795, in __getattr__
    raise AttributeError(f"module {__name__!r} has no attribute {attr!r}")
AttributeError: module 'numpy' has no attribute 'runstring'. Did you mean: 'fromstring'?

[validity-debug] Container failed with code 1
[validity-debug] Container stdout: 
[validity-debug] Container stderr: Traceback (most recent call last):
  File "<string>", line 3, in <module>
    obj = torch.load('/tmp/tmpcoj38nke.pt', weights_only=False, map_location='cpu')
  File "/usr/local/lib/python3.13/dist-packages/torch/serialization.py", line 1610, in load
    return _load(
        opened_zipfile,
    ...<3 lines>...
        **pickle_load_args,
    )
  File "/usr/local/lib/python3.13/dist-packages/torch/serialization.py", line 2221, in _load
    result = unpickler.load()
AttributeError: module 'IPython' has no attribute 'system'

[validity-debug] Container failed with code 1
[validity-debug] Container stdout: 
[validity-debug] Container stderr: Traceback (most recent call last):
  File "<string>", line 3, in <module>
    obj = torch.load('/tmp/tmp4fcijzrj.pt', weights_only=False, map_location='cpu')
  File "/usr/local/lib/python3.13/dist-packages/torch/serialization.py", line 1610, in load
    return _load(
        opened_zipfile,
    ...<3 lines>...
        **pickle_load_args,
    )
  File "/usr/local/lib/python3.13/dist-packages/torch/serialization.py", line 2221, in _load
    result = unpickler.load()
AttributeError: module 'IPython' has no attribute 'system'

[validity-debug] Container failed with code 1
[validity-debug] Container stdout: 
[validity-debug] Container stderr: Traceback (most recent call last):
  File "<string>", line 3, in <module>
    obj = torch.load('/tmp/tmpncati_9u.pt', weights_only=False, map_location='cpu')
  File "/usr/local/lib/python3.13/dist-packages/torch/serialization.py", line 1610, in load
    return _load(
        opened_zipfile,
    ...<3 lines>...
        **pickle_load_args,
    )
  File "/usr/local/lib/python3.13/dist-packages/torch/serialization.py", line 2221, in _load
    result = unpickler.load()
  File "/usr/local/lib/python3.13/dist-packages/numpy/__init__.py", line 795, in __getattr__
    raise AttributeError(f"module {__name__!r} has no attribute {attr!r}")
AttributeError: module 'numpy' has no attribute 'runstring'. Did you mean: 'fromstring'?

[validity-debug] Container failed with code 1
[validity-debug] Container stdout: 
[validity-debug] Container stderr: Traceback (most recent call last):
  File "<string>", line 3, in <module>
    obj = torch.load('/tmp/tmppnab3mwh.pt', weights_only=False, map_location='cpu')
  File "/usr/local/lib/python3.13/dist-packages/torch/serialization.py", line 1610, in load
    return _load(
        opened_zipfile,
    ...<3 lines>...
        **pickle_load_args,
    )
  File "/usr/local/lib/python3.13/dist-packages/torch/serialization.py", line 2221, in _load
    result = unpickler.load()
AttributeError: module 'IPython' has no attribute 'system'

[validity-debug] Container failed with code 1
[validity-debug] Container stdout: 
[validity-debug] Container stderr: Traceback (most recent call last):
  File "<string>", line 3, in <module>
    obj = torch.load('/tmp/tmpi7mr4vj8.pt', weights_only=False, map_location='cpu')
  File "/usr/local/lib/python3.13/dist-packages/torch/serialization.py", line 1610, in load
    return _load(
        opened_zipfile,
    ...<3 lines>...
        **pickle_load_args,
    )
  File "/usr/local/lib/python3.13/dist-packages/torch/serialization.py", line 2221, in _load
    result = unpickler.load()
AttributeError: module 'IPython' has no attribute 'system'

Round 4 Complete: Valid=13/20, Bypasses=0, Mean Fitness=4522.643, Opcode Cov=42.6%, Callable Cov=44.0%, Per-scanner evasions={'fickling': 20}

--- Round 5 / 5 ---
Mutation params: op_swap=0.35, sub=0.35, fuzz=0.35
Generated 20 candidate checkpoints (families: {'gadget': 3, 'overwritten': 2, 'pypi_injected': 6, 'external': 4, 'indirect_chain': 5}).
[validity-debug] Container failed with code 1
[validity-debug] Container stdout: 
[validity-debug] Container stderr: Traceback (most recent call last):
  File "<string>", line 3, in <module>
    obj = torch.load('/tmp/tmpppk1lavg.pt', weights_only=False, map_location='cpu')
  File "/usr/local/lib/python3.13/dist-packages/torch/serialization.py", line 1610, in load
    return _load(
        opened_zipfile,
    ...<3 lines>...
        **pickle_load_args,
    )
  File "/usr/local/lib/python3.13/dist-packages/torch/serialization.py", line 2221, in _load
    result = unpickler.load()
AttributeError: module 'IPython' has no attribute 'system'

[validity-debug] Container failed with code 1
[validity-debug] Container stdout: 
[validity-debug] Container stderr: Traceback (most recent call last):
  File "<string>", line 3, in <module>
    obj = torch.load('/tmp/tmpac_0wed1.pt', weights_only=False, map_location='cpu')
  File "/usr/local/lib/python3.13/dist-packages/torch/serialization.py", line 1610, in load
    return _load(
        opened_zipfile,
    ...<3 lines>...
        **pickle_load_args,
    )
  File "/usr/local/lib/python3.13/dist-packages/torch/serialization.py", line 2221, in _load
    result = unpickler.load()
  File "/usr/local/lib/python3.13/dist-packages/numpy/__init__.py", line 795, in __getattr__
    raise AttributeError(f"module {__name__!r} has no attribute {attr!r}")
AttributeError: module 'numpy' has no attribute 'runstring'. Did you mean: 'fromstring'?

[validity-debug] Container failed with code 1
[validity-debug] Container stdout: 
[validity-debug] Container stderr: Traceback (most recent call last):
  File "<string>", line 3, in <module>
    obj = torch.load('/tmp/tmpqqs_56gg.pt', weights_only=False, map_location='cpu')
  File "/usr/local/lib/python3.13/dist-packages/torch/serialization.py", line 1610, in load
    return _load(
        opened_zipfile,
    ...<3 lines>...
        **pickle_load_args,
    )
  File "/usr/local/lib/python3.13/dist-packages/torch/serialization.py", line 2221, in _load
    result = unpickler.load()
AttributeError: module 'IPython' has no attribute 'system'

[validity-debug] Container failed with code 1
[validity-debug] Container stdout: 
[validity-debug] Container stderr: Traceback (most recent call last):
  File "<string>", line 3, in <module>
    obj = torch.load('/tmp/tmpkl1ouopl.pt', weights_only=False, map_location='cpu')
  File "/usr/local/lib/python3.13/dist-packages/torch/serialization.py", line 1610, in load
    return _load(
        opened_zipfile,
    ...<3 lines>...
        **pickle_load_args,
    )
  File "/usr/local/lib/python3.13/dist-packages/torch/serialization.py", line 2221, in _load
    result = unpickler.load()
  File "/usr/local/lib/python3.13/dist-packages/numpy/__init__.py", line 795, in __getattr__
    raise AttributeError(f"module {__name__!r} has no attribute {attr!r}")
AttributeError: module 'numpy' has no attribute 'runstring'. Did you mean: 'fromstring'?

[validity-debug] Container failed with code 1
[validity-debug] Container stdout: 
[validity-debug] Container stderr: Traceback (most recent call last):
  File "<string>", line 3, in <module>
    obj = torch.load('/tmp/tmppq3qw0h_.pt', weights_only=False, map_location='cpu')
  File "/usr/local/lib/python3.13/dist-packages/torch/serialization.py", line 1610, in load
    return _load(
        opened_zipfile,
    ...<3 lines>...
        **pickle_load_args,
    )
  File "/usr/local/lib/python3.13/dist-packages/torch/serialization.py", line 2221, in _load
    result = unpickler.load()
AttributeError: module 'IPython' has no attribute 'system'

[validity-debug] Container failed with code 1
[validity-debug] Container stdout: 
[validity-debug] Container stderr: Traceback (most recent call last):
  File "<string>", line 3, in <module>
    obj = torch.load('/tmp/tmpf390yzst.pt', weights_only=False, map_location='cpu')
  File "/usr/local/lib/python3.13/dist-packages/torch/serialization.py", line 1610, in load
    return _load(
        opened_zipfile,
    ...<3 lines>...
        **pickle_load_args,
    )
  File "/usr/local/lib/python3.13/dist-packages/torch/serialization.py", line 2221, in _load
    result = unpickler.load()
AttributeError: module 'IPython' has no attribute 'system'

[validity-debug] Container failed with code 1
[validity-debug] Container stdout: 
[validity-debug] Container stderr: Traceback (most recent call last):
  File "<string>", line 3, in <module>
    obj = torch.load('/tmp/tmpzt6umw0r.pt', weights_only=False, map_location='cpu')
  File "/usr/local/lib/python3.13/dist-packages/torch/serialization.py", line 1610, in load
    return _load(
        opened_zipfile,
    ...<3 lines>...
        **pickle_load_args,
    )
  File "/usr/local/lib/python3.13/dist-packages/torch/serialization.py", line 2221, in _load
    result = unpickler.load()
AttributeError: module 'IPython' has no attribute 'system'

Round 5 Complete: Valid=13/20, Bypasses=0, Mean Fitness=4027.208, Opcode Cov=42.6%, Callable Cov=44.0%, Per-scanner evasions={'fickling': 20, 'modelscan': 2}

Written fuzzing report to docs/fuzzing-report-guided-r1.md
============================================================
CAMPAIGN COMPLETE (guided, replicate 1)
  valid candidates : 61/100
  confirmed bypasses: 1
============================================================
[Mon Aug 24 07:27:25 PM +0530 2026] Completed guided-oracle_dominant-r1 successfully

[Mon Aug 24 07:27:35 PM +0530 2026] Starting unguided-current-r1 (seed=1337)...
============================================================
STARTING UNGUIDED FUZZING CAMPAIGN (replicate 1)
============================================================

--- Round 1 / 5 ---
Unguided mode: uniform random callable selection.
Generated 20 candidate checkpoints (families: {'gadget': 2, 'overwritten': 4, 'pypi_injected': 4, 'external': 3, 'indirect_chain': 7}).
[validity-debug] Container failed with code 1
[validity-debug] Container stdout: 
[validity-debug] Container stderr: Traceback (most recent call last):
  File "<string>", line 3, in <module>
    obj = torch.load('/tmp/tmp1wh59inq.pt', weights_only=False, map_location='cpu')
  File "/usr/local/lib/python3.13/dist-packages/torch/serialization.py", line 1610, in load
    return _load(
        opened_zipfile,
    ...<3 lines>...
        **pickle_load_args,
    )
  File "/usr/local/lib/python3.13/dist-packages/torch/serialization.py", line 2221, in _load
    result = unpickler.load()
  File "/usr/local/lib/python3.13/dist-packages/numpy/__init__.py", line 795, in __getattr__
    raise AttributeError(f"module {__name__!r} has no attribute {attr!r}")
AttributeError: module 'numpy' has no attribute 'runstring'. Did you mean: 'fromstring'?

[validity-debug] Container failed with code 1
[validity-debug] Container stdout: 
[validity-debug] Container stderr: Traceback (most recent call last):
  File "<string>", line 3, in <module>
    obj = torch.load('/tmp/tmpssatvrqx.pt', weights_only=False, map_location='cpu')
  File "/usr/local/lib/python3.13/dist-packages/torch/serialization.py", line 1610, in load
    return _load(
        opened_zipfile,
    ...<3 lines>...
        **pickle_load_args,
    )
  File "/usr/local/lib/python3.13/dist-packages/torch/serialization.py", line 2221, in _load
    result = unpickler.load()
AttributeError: module 'IPython' has no attribute 'system'

[validity-debug] Container failed with code 1
[validity-debug] Container stdout: 
[validity-debug] Container stderr: Traceback (most recent call last):
  File "<string>", line 3, in <module>
    obj = torch.load('/tmp/tmpl3nf5rtp.pt', weights_only=False, map_location='cpu')
  File "/usr/local/lib/python3.13/dist-packages/torch/serialization.py", line 1610, in load
    return _load(
        opened_zipfile,
    ...<3 lines>...
        **pickle_load_args,
    )
  File "/usr/local/lib/python3.13/dist-packages/torch/serialization.py", line 2221, in _load
    result = unpickler.load()
AttributeError: module 'IPython' has no attribute 'system'

[validity-debug] Container failed with code 1
[validity-debug] Container stdout: 
[validity-debug] Container stderr: Traceback (most recent call last):
  File "<string>", line 3, in <module>
    obj = torch.load('/tmp/tmp25vdsfay.pt', weights_only=False, map_location='cpu')
  File "/usr/local/lib/python3.13/dist-packages/torch/serialization.py", line 1610, in load
    return _load(
        opened_zipfile,
    ...<3 lines>...
        **pickle_load_args,
    )
  File "/usr/local/lib/python3.13/dist-packages/torch/serialization.py", line 2221, in _load
    result = unpickler.load()
  File "/usr/local/lib/python3.13/dist-packages/numpy/__init__.py", line 795, in __getattr__
    raise AttributeError(f"module {__name__!r} has no attribute {attr!r}")
AttributeError: module 'numpy' has no attribute 'runstring'. Did you mean: 'fromstring'?

[validity-debug] Container failed with code 1
[validity-debug] Container stdout: 
[validity-debug] Container stderr: Traceback (most recent call last):
  File "<string>", line 3, in <module>
    obj = torch.load('/tmp/tmpeyi1t0ge.pt', weights_only=False, map_location='cpu')
  File "/usr/local/lib/python3.13/dist-packages/torch/serialization.py", line 1610, in load
    return _load(
        opened_zipfile,
    ...<3 lines>...
        **pickle_load_args,
    )
  File "/usr/local/lib/python3.13/dist-packages/torch/serialization.py", line 2221, in _load
    result = unpickler.load()
AttributeError: module 'IPython' has no attribute 'system'

Round 1 Complete: Valid=15/20, Bypasses=0, Mean Fitness=1.342, Opcode Cov=41.2%, Callable Cov=24.0%, Per-scanner evasions={'fickling': 20, 'modelscan': 2}

--- Round 2 / 5 ---
Unguided mode: uniform random callable selection.
Generated 20 candidate checkpoints (families: {'gadget': 2, 'overwritten': 4, 'pypi_injected': 2, 'external': 10, 'indirect_chain': 2}).
[validity-debug] Container failed with code 1
[validity-debug] Container stdout: 
[validity-debug] Container stderr: Traceback (most recent call last):
  File "<string>", line 3, in <module>
    obj = torch.load('/tmp/tmp7boy9m_f.pt', weights_only=False, map_location='cpu')
  File "/usr/local/lib/python3.13/dist-packages/torch/serialization.py", line 1610, in load
    return _load(
        opened_zipfile,
    ...<3 lines>...
        **pickle_load_args,
    )
  File "/usr/local/lib/python3.13/dist-packages/torch/serialization.py", line 2221, in _load
    result = unpickler.load()
  File "/usr/local/lib/python3.13/dist-packages/numpy/__init__.py", line 795, in __getattr__
    raise AttributeError(f"module {__name__!r} has no attribute {attr!r}")
AttributeError: module 'numpy' has no attribute 'runstring'. Did you mean: 'fromstring'?

[validity-debug] Container failed with code 1
[validity-debug] Container stdout: 
[validity-debug] Container stderr: Traceback (most recent call last):
  File "<string>", line 3, in <module>
    obj = torch.load('/tmp/tmpj8jxgexn.pt', weights_only=False, map_location='cpu')
  File "/usr/local/lib/python3.13/dist-packages/torch/serialization.py", line 1610, in load
    return _load(
        opened_zipfile,
    ...<3 lines>...
        **pickle_load_args,
    )
  File "/usr/local/lib/python3.13/dist-packages/torch/serialization.py", line 2221, in _load
    result = unpickler.load()
  File "/usr/local/lib/python3.13/dist-packages/numpy/__init__.py", line 795, in __getattr__
    raise AttributeError(f"module {__name__!r} has no attribute {attr!r}")
AttributeError: module 'numpy' has no attribute 'runstring'. Did you mean: 'fromstring'?

[validity-debug] Container failed with code 1
[validity-debug] Container stdout: 
[validity-debug] Container stderr: Traceback (most recent call last):
  File "<string>", line 3, in <module>
    obj = torch.load('/tmp/tmpel1h8yir.pt', weights_only=False, map_location='cpu')
  File "/usr/local/lib/python3.13/dist-packages/torch/serialization.py", line 1610, in load
    return _load(
        opened_zipfile,
    ...<3 lines>...
        **pickle_load_args,
    )
  File "/usr/local/lib/python3.13/dist-packages/torch/serialization.py", line 2221, in _load
    result = unpickler.load()
  File "/usr/local/lib/python3.13/dist-packages/numpy/__init__.py", line 795, in __getattr__
    raise AttributeError(f"module {__name__!r} has no attribute {attr!r}")
AttributeError: module 'numpy' has no attribute 'runstring'. Did you mean: 'fromstring'?

[validity-debug] Container failed with code 1
[validity-debug] Container stdout: 
[validity-debug] Container stderr: Traceback (most recent call last):
  File "<string>", line 3, in <module>
    obj = torch.load('/tmp/tmphd3ov74q.pt', weights_only=False, map_location='cpu')
  File "/usr/local/lib/python3.13/dist-packages/torch/serialization.py", line 1610, in load
    return _load(
        opened_zipfile,
    ...<3 lines>...
        **pickle_load_args,
    )
  File "/usr/local/lib/python3.13/dist-packages/torch/serialization.py", line 2221, in _load
    result = unpickler.load()
  File "/usr/local/lib/python3.13/dist-packages/numpy/__init__.py", line 795, in __getattr__
    raise AttributeError(f"module {__name__!r} has no attribute {attr!r}")
AttributeError: module 'numpy' has no attribute 'runstring'. Did you mean: 'fromstring'?

Round 2 Complete: Valid=16/20, Bypasses=1, Mean Fitness=1.906, Opcode Cov=41.2%, Callable Cov=24.0%, Per-scanner evasions={'fickling': 20, 'modelscan': 8, 'picklescan': 1}

--- Round 3 / 5 ---
Unguided mode: uniform random callable selection.
Generated 20 candidate checkpoints (families: {'gadget': 8, 'overwritten': 1, 'pypi_injected': 3, 'external': 3, 'indirect_chain': 5}).
[validity-debug] Container failed with code 1
[validity-debug] Container stdout: 
[validity-debug] Container stderr: Traceback (most recent call last):
  File "<string>", line 3, in <module>
    obj = torch.load('/tmp/tmpipj1v57e.pt', weights_only=False, map_location='cpu')
  File "/usr/local/lib/python3.13/dist-packages/torch/serialization.py", line 1610, in load
    return _load(
        opened_zipfile,
    ...<3 lines>...
        **pickle_load_args,
    )
  File "/usr/local/lib/python3.13/dist-packages/torch/serialization.py", line 2221, in _load
    result = unpickler.load()
AttributeError: module 'IPython' has no attribute 'system'

[validity-debug] Container failed with code 1
[validity-debug] Container stdout: 
[validity-debug] Container stderr: Traceback (most recent call last):
  File "<string>", line 3, in <module>
    obj = torch.load('/tmp/tmpu7w97fxw.pt', weights_only=False, map_location='cpu')
  File "/usr/local/lib/python3.13/dist-packages/torch/serialization.py", line 1610, in load
    return _load(
        opened_zipfile,
    ...<3 lines>...
        **pickle_load_args,
    )
  File "/usr/local/lib/python3.13/dist-packages/torch/serialization.py", line 2221, in _load
    result = unpickler.load()
  File "/usr/local/lib/python3.13/dist-packages/numpy/__init__.py", line 795, in __getattr__
    raise AttributeError(f"module {__name__!r} has no attribute {attr!r}")
AttributeError: module 'numpy' has no attribute 'runstring'. Did you mean: 'fromstring'?

[validity-debug] Container failed with code 1
[validity-debug] Container stdout: 
[validity-debug] Container stderr: Traceback (most recent call last):
  File "<string>", line 3, in <module>
    obj = torch.load('/tmp/tmpnbroyzc4.pt', weights_only=False, map_location='cpu')
  File "/usr/local/lib/python3.13/dist-packages/torch/serialization.py", line 1610, in load
    return _load(
        opened_zipfile,
    ...<3 lines>...
        **pickle_load_args,
    )
  File "/usr/local/lib/python3.13/dist-packages/torch/serialization.py", line 2221, in _load
    result = unpickler.load()
AttributeError: module 'IPython' has no attribute 'system'

Round 3 Complete: Valid=16/20, Bypasses=1, Mean Fitness=1.455, Opcode Cov=42.6%, Callable Cov=40.0%, Per-scanner evasions={'fickling': 20, 'modelscan': 3, 'picklescan': 1}

--- Round 4 / 5 ---
Unguided mode: uniform random callable selection.
Generated 20 candidate checkpoints (families: {'gadget': 4, 'overwritten': 4, 'pypi_injected': 5, 'external': 3, 'indirect_chain': 4}).
[validity-debug] Container failed with code 1
[validity-debug] Container stdout: 
[validity-debug] Container stderr: Traceback (most recent call last):
  File "<string>", line 3, in <module>
    obj = torch.load('/tmp/tmp_88hd4y_.pt', weights_only=False, map_location='cpu')
  File "/usr/local/lib/python3.13/dist-packages/torch/serialization.py", line 1610, in load
    return _load(
        opened_zipfile,
    ...<3 lines>...
        **pickle_load_args,
    )
  File "/usr/local/lib/python3.13/dist-packages/torch/serialization.py", line 2221, in _load
    result = unpickler.load()
AttributeError: module 'IPython' has no attribute 'system'

[validity-debug] Container failed with code 1
[validity-debug] Container stdout: 
[validity-debug] Container stderr: Traceback (most recent call last):
  File "<string>", line 3, in <module>
    obj = torch.load('/tmp/tmpb8_a1ioh.pt', weights_only=False, map_location='cpu')
  File "/usr/local/lib/python3.13/dist-packages/torch/serialization.py", line 1610, in load
    return _load(
        opened_zipfile,
    ...<3 lines>...
        **pickle_load_args,
    )
  File "/usr/local/lib/python3.13/dist-packages/torch/serialization.py", line 2221, in _load
    result = unpickler.load()
AttributeError: module 'IPython' has no attribute 'system'

[validity-debug] Container failed with code 1
[validity-debug] Container stdout: 
[validity-debug] Container stderr: Traceback (most recent call last):
  File "<string>", line 3, in <module>
    obj = torch.load('/tmp/tmpm438ysqb.pt', weights_only=False, map_location='cpu')
  File "/usr/local/lib/python3.13/dist-packages/torch/serialization.py", line 1610, in load
    return _load(
        opened_zipfile,
    ...<3 lines>...
        **pickle_load_args,
    )
  File "/usr/local/lib/python3.13/dist-packages/torch/serialization.py", line 2221, in _load
    result = unpickler.load()
AttributeError: module 'IPython' has no attribute 'system'

[validity-debug] Container failed with code 1
[validity-debug] Container stdout: 
[validity-debug] Container stderr: Traceback (most recent call last):
  File "<string>", line 3, in <module>
    obj = torch.load('/tmp/tmplogfncxz.pt', weights_only=False, map_location='cpu')
  File "/usr/local/lib/python3.13/dist-packages/torch/serialization.py", line 1610, in load
    return _load(
        opened_zipfile,
    ...<3 lines>...
        **pickle_load_args,
    )
  File "/usr/local/lib/python3.13/dist-packages/torch/serialization.py", line 2221, in _load
    result = unpickler.load()
  File "/usr/local/lib/python3.13/dist-packages/numpy/__init__.py", line 795, in __getattr__
    raise AttributeError(f"module {__name__!r} has no attribute {attr!r}")
AttributeError: module 'numpy' has no attribute 'runstring'. Did you mean: 'fromstring'?

[validity-debug] Container failed with code 1
[validity-debug] Container stdout: 
[validity-debug] Container stderr: Traceback (most recent call last):
  File "<string>", line 3, in <module>
    obj = torch.load('/tmp/tmpnh0eobzj.pt', weights_only=False, map_location='cpu')
  File "/usr/local/lib/python3.13/dist-packages/torch/serialization.py", line 1610, in load
    return _load(
        opened_zipfile,
    ...<3 lines>...
        **pickle_load_args,
    )
  File "/usr/local/lib/python3.13/dist-packages/torch/serialization.py", line 2221, in _load
    result = unpickler.load()
AttributeError: module 'IPython' has no attribute 'system'

[validity-debug] Container failed with code 1
[validity-debug] Container stdout: 
[validity-debug] Container stderr: Traceback (most recent call last):
  File "<string>", line 3, in <module>
    obj = torch.load('/tmp/tmpa6t5qgfo.pt', weights_only=False, map_location='cpu')
  File "/usr/local/lib/python3.13/dist-packages/torch/serialization.py", line 1610, in load
    return _load(
        opened_zipfile,
    ...<3 lines>...
        **pickle_load_args,
    )
  File "/usr/local/lib/python3.13/dist-packages/torch/serialization.py", line 2221, in _load
    result = unpickler.load()
  File "/usr/local/lib/python3.13/dist-packages/numpy/__init__.py", line 795, in __getattr__
    raise AttributeError(f"module {__name__!r} has no attribute {attr!r}")
AttributeError: module 'numpy' has no attribute 'runstring'. Did you mean: 'fromstring'?

[validity-debug] Container failed with code 1
[validity-debug] Container stdout: 
[validity-debug] Container stderr: Traceback (most recent call last):
  File "<string>", line 3, in <module>
    obj = torch.load('/tmp/tmp234i5xrn.pt', weights_only=False, map_location='cpu')
  File "/usr/local/lib/python3.13/dist-packages/torch/serialization.py", line 1610, in load
    return _load(
        opened_zipfile,
    ...<3 lines>...
        **pickle_load_args,
    )
  File "/usr/local/lib/python3.13/dist-packages/torch/serialization.py", line 2221, in _load
    result = unpickler.load()
  File "/usr/local/lib/python3.13/dist-packages/numpy/__init__.py", line 795, in __getattr__
    raise AttributeError(f"module {__name__!r} has no attribute {attr!r}")
AttributeError: module 'numpy' has no attribute 'runstring'. Did you mean: 'fromstring'?

Round 4 Complete: Valid=13/20, Bypasses=2, Mean Fitness=1.378, Opcode Cov=42.6%, Callable Cov=40.0%, Per-scanner evasions={'fickling': 20, 'modelscan': 3, 'picklescan': 2}

--- Round 5 / 5 ---
Unguided mode: uniform random callable selection.
Generated 20 candidate checkpoints (families: {'gadget': 6, 'overwritten': 3, 'pypi_injected': 3, 'external': 2, 'indirect_chain': 6}).
[validity-debug] Container failed with code 1
[validity-debug] Container stdout: 
[validity-debug] Container stderr: Traceback (most recent call last):
  File "<string>", line 3, in <module>
    obj = torch.load('/tmp/tmpo8sb21bg.pt', weights_only=False, map_location='cpu')
  File "/usr/local/lib/python3.13/dist-packages/torch/serialization.py", line 1610, in load
    return _load(
        opened_zipfile,
    ...<3 lines>...
        **pickle_load_args,
    )
  File "/usr/local/lib/python3.13/dist-packages/torch/serialization.py", line 2221, in _load
    result = unpickler.load()
AttributeError: module 'IPython' has no attribute 'system'

[validity-debug] Container failed with code 1
[validity-debug] Container stdout: 
[validity-debug] Container stderr: Traceback (most recent call last):
  File "<string>", line 3, in <module>
    obj = torch.load('/tmp/tmp9w1uqeok.pt', weights_only=False, map_location='cpu')
  File "/usr/local/lib/python3.13/dist-packages/torch/serialization.py", line 1610, in load
    return _load(
        opened_zipfile,
    ...<3 lines>...
        **pickle_load_args,
    )
  File "/usr/local/lib/python3.13/dist-packages/torch/serialization.py", line 2221, in _load
    result = unpickler.load()
AttributeError: module 'IPython' has no attribute 'system'

[validity-debug] Container failed with code 1
[validity-debug] Container stdout: 
[validity-debug] Container stderr: Traceback (most recent call last):
  File "<string>", line 3, in <module>
    obj = torch.load('/tmp/tmp3f8u5p6n.pt', weights_only=False, map_location='cpu')
  File "/usr/local/lib/python3.13/dist-packages/torch/serialization.py", line 1610, in load
    return _load(
        opened_zipfile,
    ...<3 lines>...
        **pickle_load_args,
    )
  File "/usr/local/lib/python3.13/dist-packages/torch/serialization.py", line 2221, in _load
    result = unpickler.load()
  File "/usr/local/lib/python3.13/dist-packages/numpy/__init__.py", line 795, in __getattr__
    raise AttributeError(f"module {__name__!r} has no attribute {attr!r}")
AttributeError: module 'numpy' has no attribute 'runstring'. Did you mean: 'fromstring'?

[validity-debug] Container failed with code 1
[validity-debug] Container stdout: 
[validity-debug] Container stderr: Traceback (most recent call last):
  File "<string>", line 3, in <module>
    obj = torch.load('/tmp/tmpugg07fzt.pt', weights_only=False, map_location='cpu')
  File "/usr/local/lib/python3.13/dist-packages/torch/serialization.py", line 1610, in load
    return _load(
        opened_zipfile,
    ...<3 lines>...
        **pickle_load_args,
    )
  File "/usr/local/lib/python3.13/dist-packages/torch/serialization.py", line 2221, in _load
    result = unpickler.load()
  File "/usr/local/lib/python3.13/dist-packages/torch/serialization.py", line 2210, in find_class
    return super().find_class(mod_name, name)
           ~~~~~~~~~~~~~~~~~~^^^^^^^^^^^^^^^^
AttributeError: Can't get attribute 'popen' on <module 'platform' from '/usr/lib/python3.13/platform.py'>

Round 5 Complete: Valid=16/20, Bypasses=0, Mean Fitness=1.334, Opcode Cov=42.6%, Callable Cov=48.0%, Per-scanner evasions={'fickling': 20, 'modelscan': 1}

Written fuzzing report to docs/fuzzing-report-unguided-r1.md
============================================================
CAMPAIGN COMPLETE (unguided, replicate 1)
  valid candidates : 76/100
  confirmed bypasses: 4
============================================================
[Mon Aug 24 07:36:48 PM +0530 2026] Completed unguided-current-r1 successfully

[Mon Aug 24 07:36:58 PM +0530 2026] Starting guided-oracle_aware-r2 (seed=1338)...
============================================================
STARTING GUIDED FUZZING CAMPAIGN (replicate 2)
============================================================

--- Round 1 / 5 ---
Mutation params: op_swap=0.15, sub=0.15, fuzz=0.15
Generated 20 candidate checkpoints (families: {'gadget': 2, 'overwritten': 4, 'pypi_injected': 5, 'external': 4, 'indirect_chain': 5}).
[validity-debug] Container failed with code 1
[validity-debug] Container stdout: 
[validity-debug] Container stderr: Traceback (most recent call last):
  File "<string>", line 3, in <module>
    obj = torch.load('/tmp/tmp0gq0xd6m.pt', weights_only=False, map_location='cpu')
  File "/usr/local/lib/python3.13/dist-packages/torch/serialization.py", line 1610, in load
    return _load(
        opened_zipfile,
    ...<3 lines>...
        **pickle_load_args,
    )
  File "/usr/local/lib/python3.13/dist-packages/torch/serialization.py", line 2221, in _load
    result = unpickler.load()
  File "/usr/local/lib/python3.13/dist-packages/numpy/__init__.py", line 795, in __getattr__
    raise AttributeError(f"module {__name__!r} has no attribute {attr!r}")
AttributeError: module 'numpy' has no attribute 'runstring'. Did you mean: 'fromstring'?

Round 1 Complete: Valid=19/20, Bypasses=3, Mean Fitness=4.966, Opcode Cov=41.2%, Callable Cov=32.0%, Per-scanner evasions={'fickling': 20, 'modelscan': 6, 'picklescan': 3}

--- Round 2 / 5 ---
Mutation params: op_swap=0.20, sub=0.20, fuzz=0.20
Generated 20 candidate checkpoints (families: {'gadget': 3, 'overwritten': 0, 'pypi_injected': 12, 'external': 2, 'indirect_chain': 3}).
[validity-debug] Container failed with code 1
[validity-debug] Container stdout: 
[validity-debug] Container stderr: Traceback (most recent call last):
  File "<string>", line 3, in <module>
    obj = torch.load('/tmp/tmppp8sjk23.pt', weights_only=False, map_location='cpu')
  File "/usr/local/lib/python3.13/dist-packages/torch/serialization.py", line 1610, in load
    return _load(
        opened_zipfile,
    ...<3 lines>...
        **pickle_load_args,
    )
  File "/usr/local/lib/python3.13/dist-packages/torch/serialization.py", line 2221, in _load
    result = unpickler.load()
AttributeError: module 'IPython' has no attribute 'system'

[validity-debug] Container failed with code 1
[validity-debug] Container stdout: 
[validity-debug] Container stderr: Traceback (most recent call last):
  File "<string>", line 3, in <module>
    obj = torch.load('/tmp/tmpibbapzxj.pt', weights_only=False, map_location='cpu')
  File "/usr/local/lib/python3.13/dist-packages/torch/serialization.py", line 1610, in load
    return _load(
        opened_zipfile,
    ...<3 lines>...
        **pickle_load_args,
    )
  File "/usr/local/lib/python3.13/dist-packages/torch/serialization.py", line 2221, in _load
    result = unpickler.load()
AttributeError: module 'IPython' has no attribute 'system'

[validity-debug] Container failed with code 1
[validity-debug] Container stdout: 
[validity-debug] Container stderr: Traceback (most recent call last):
  File "<string>", line 3, in <module>
    obj = torch.load('/tmp/tmpqulrrpai.pt', weights_only=False, map_location='cpu')
  File "/usr/local/lib/python3.13/dist-packages/torch/serialization.py", line 1610, in load
    return _load(
        opened_zipfile,
    ...<3 lines>...
        **pickle_load_args,
    )
  File "/usr/local/lib/python3.13/dist-packages/torch/serialization.py", line 2221, in _load
    result = unpickler.load()
AttributeError: module 'IPython' has no attribute 'system'

[validity-debug] Container failed with code 1
[validity-debug] Container stdout: 
[validity-debug] Container stderr: Traceback (most recent call last):
  File "<string>", line 3, in <module>
    obj = torch.load('/tmp/tmpuingq9p6.pt', weights_only=False, map_location='cpu')
  File "/usr/local/lib/python3.13/dist-packages/torch/serialization.py", line 1610, in load
    return _load(
        opened_zipfile,
    ...<3 lines>...
        **pickle_load_args,
    )
  File "/usr/local/lib/python3.13/dist-packages/torch/serialization.py", line 2221, in _load
    result = unpickler.load()
AttributeError: module 'IPython' has no attribute 'system'

[validity-debug] Container failed with code 1
[validity-debug] Container stdout: 
[validity-debug] Container stderr: Traceback (most recent call last):
  File "<string>", line 3, in <module>
    obj = torch.load('/tmp/tmpt9_aietc.pt', weights_only=False, map_location='cpu')
  File "/usr/local/lib/python3.13/dist-packages/torch/serialization.py", line 1610, in load
    return _load(
        opened_zipfile,
    ...<3 lines>...
        **pickle_load_args,
    )
  File "/usr/local/lib/python3.13/dist-packages/torch/serialization.py", line 2221, in _load
    result = unpickler.load()
  File "/usr/local/lib/python3.13/dist-packages/numpy/__init__.py", line 795, in __getattr__
    raise AttributeError(f"module {__name__!r} has no attribute {attr!r}")
AttributeError: module 'numpy' has no attribute 'runstring'. Did you mean: 'fromstring'?

[validity-debug] Container failed with code 1
[validity-debug] Container stdout: 
[validity-debug] Container stderr: Traceback (most recent call last):
  File "<string>", line 3, in <module>
    obj = torch.load('/tmp/tmprxfiu763.pt', weights_only=False, map_location='cpu')
  File "/usr/local/lib/python3.13/dist-packages/torch/serialization.py", line 1610, in load
    return _load(
        opened_zipfile,
    ...<3 lines>...
        **pickle_load_args,
    )
  File "/usr/local/lib/python3.13/dist-packages/torch/serialization.py", line 2221, in _load
    result = unpickler.load()
AttributeError: module 'IPython' has no attribute 'system'

Round 2 Complete: Valid=13/20, Bypasses=0, Mean Fitness=3.413, Opcode Cov=42.6%, Callable Cov=36.0%, Per-scanner evasions={'fickling': 20, 'modelscan': 1}

--- Round 3 / 5 ---
Mutation params: op_swap=0.25, sub=0.25, fuzz=0.25
Generated 20 candidate checkpoints (families: {'gadget': 2, 'overwritten': 3, 'pypi_injected': 12, 'external': 1, 'indirect_chain': 2}).
[validity-debug] Container failed with code 1
[validity-debug] Container stdout: 
[validity-debug] Container stderr: Traceback (most recent call last):
  File "<string>", line 3, in <module>
    obj = torch.load('/tmp/tmp0whggaqx.pt', weights_only=False, map_location='cpu')
  File "/usr/local/lib/python3.13/dist-packages/torch/serialization.py", line 1610, in load
    return _load(
        opened_zipfile,
    ...<3 lines>...
        **pickle_load_args,
    )
  File "/usr/local/lib/python3.13/dist-packages/torch/serialization.py", line 2221, in _load
    result = unpickler.load()
AttributeError: module 'IPython' has no attribute 'system'

[validity-debug] Container failed with code 1
[validity-debug] Container stdout: 
[validity-debug] Container stderr: Traceback (most recent call last):
  File "<string>", line 3, in <module>
    obj = torch.load('/tmp/tmpzasoe7zl.pt', weights_only=False, map_location='cpu')
  File "/usr/local/lib/python3.13/dist-packages/torch/serialization.py", line 1610, in load
    return _load(
        opened_zipfile,
    ...<3 lines>...
        **pickle_load_args,
    )
  File "/usr/local/lib/python3.13/dist-packages/torch/serialization.py", line 2221, in _load
    result = unpickler.load()
AttributeError: module 'IPython' has no attribute 'system'

[validity-debug] Container failed with code 1
[validity-debug] Container stdout: 
[validity-debug] Container stderr: Traceback (most recent call last):
  File "<string>", line 3, in <module>
    obj = torch.load('/tmp/tmpkkwppody.pt', weights_only=False, map_location='cpu')
  File "/usr/local/lib/python3.13/dist-packages/torch/serialization.py", line 1610, in load
    return _load(
        opened_zipfile,
    ...<3 lines>...
        **pickle_load_args,
    )
  File "/usr/local/lib/python3.13/dist-packages/torch/serialization.py", line 2221, in _load
    result = unpickler.load()
AttributeError: module 'IPython' has no attribute 'system'

[validity-debug] Container failed with code 1
[validity-debug] Container stdout: 
[validity-debug] Container stderr: Traceback (most recent call last):
  File "<string>", line 3, in <module>
    obj = torch.load('/tmp/tmpidq5wyut.pt', weights_only=False, map_location='cpu')
  File "/usr/local/lib/python3.13/dist-packages/torch/serialization.py", line 1610, in load
    return _load(
        opened_zipfile,
    ...<3 lines>...
        **pickle_load_args,
    )
  File "/usr/local/lib/python3.13/dist-packages/torch/serialization.py", line 2221, in _load
    result = unpickler.load()
AttributeError: module 'IPython' has no attribute 'system'

[validity-debug] Container failed with code 1
[validity-debug] Container stdout: 
[validity-debug] Container stderr: Traceback (most recent call last):
  File "<string>", line 3, in <module>
    obj = torch.load('/tmp/tmp8irweq05.pt', weights_only=False, map_location='cpu')
  File "/usr/local/lib/python3.13/dist-packages/torch/serialization.py", line 1610, in load
    return _load(
        opened_zipfile,
    ...<3 lines>...
        **pickle_load_args,
    )
  File "/usr/local/lib/python3.13/dist-packages/torch/serialization.py", line 2221, in _load
    result = unpickler.load()
AttributeError: module 'IPython' has no attribute 'system'

[validity-debug] Container failed with code 1
[validity-debug] Container stdout: 
[validity-debug] Container stderr: Traceback (most recent call last):
  File "<string>", line 3, in <module>
    obj = torch.load('/tmp/tmpr35nulyo.pt', weights_only=False, map_location='cpu')
  File "/usr/local/lib/python3.13/dist-packages/torch/serialization.py", line 1610, in load
    return _load(
        opened_zipfile,
    ...<3 lines>...
        **pickle_load_args,
    )
  File "/usr/local/lib/python3.13/dist-packages/torch/serialization.py", line 2221, in _load
    result = unpickler.load()
AttributeError: module 'IPython' has no attribute 'system'

[validity-debug] Container failed with code 1
[validity-debug] Container stdout: 
[validity-debug] Container stderr: Traceback (most recent call last):
  File "<string>", line 3, in <module>
    obj = torch.load('/tmp/tmpjp33jqr9.pt', weights_only=False, map_location='cpu')
  File "/usr/local/lib/python3.13/dist-packages/torch/serialization.py", line 1610, in load
    return _load(
        opened_zipfile,
    ...<3 lines>...
        **pickle_load_args,
    )
  File "/usr/local/lib/python3.13/dist-packages/torch/serialization.py", line 2221, in _load
    result = unpickler.load()
  File "/usr/local/lib/python3.13/dist-packages/numpy/__init__.py", line 795, in __getattr__
    raise AttributeError(f"module {__name__!r} has no attribute {attr!r}")
AttributeError: module 'numpy' has no attribute 'runstring'. Did you mean: 'fromstring'?

Round 3 Complete: Valid=13/20, Bypasses=0, Mean Fitness=2.989, Opcode Cov=42.6%, Callable Cov=40.0%, Per-scanner evasions={'fickling': 20}

--- Round 4 / 5 ---
Mutation params: op_swap=0.30, sub=0.30, fuzz=0.30
Generated 20 candidate checkpoints (families: {'gadget': 2, 'overwritten': 4, 'pypi_injected': 8, 'external': 4, 'indirect_chain': 2}).
[validity-debug] Container failed with code 1
[validity-debug] Container stdout: 
[validity-debug] Container stderr: Traceback (most recent call last):
  File "<string>", line 3, in <module>
    obj = torch.load('/tmp/tmp09ld3ndc.pt', weights_only=False, map_location='cpu')
  File "/usr/local/lib/python3.13/dist-packages/torch/serialization.py", line 1610, in load
    return _load(
        opened_zipfile,
    ...<3 lines>...
        **pickle_load_args,
    )
  File "/usr/local/lib/python3.13/dist-packages/torch/serialization.py", line 2221, in _load
    result = unpickler.load()
AttributeError: module 'IPython' has no attribute 'system'

[validity-debug] Container failed with code 1
[validity-debug] Container stdout: 
[validity-debug] Container stderr: Traceback (most recent call last):
  File "<string>", line 3, in <module>
    obj = torch.load('/tmp/tmp6o4bksz3.pt', weights_only=False, map_location='cpu')
  File "/usr/local/lib/python3.13/dist-packages/torch/serialization.py", line 1610, in load
    return _load(
        opened_zipfile,
    ...<3 lines>...
        **pickle_load_args,
    )
  File "/usr/local/lib/python3.13/dist-packages/torch/serialization.py", line 2221, in _load
    result = unpickler.load()
AttributeError: module 'IPython' has no attribute 'system'

[validity-debug] Container failed with code 1
[validity-debug] Container stdout: 
[validity-debug] Container stderr: Traceback (most recent call last):
  File "<string>", line 3, in <module>
    obj = torch.load('/tmp/tmpsoj5369q.pt', weights_only=False, map_location='cpu')
  File "/usr/local/lib/python3.13/dist-packages/torch/serialization.py", line 1610, in load
    return _load(
        opened_zipfile,
    ...<3 lines>...
        **pickle_load_args,
    )
  File "/usr/local/lib/python3.13/dist-packages/torch/serialization.py", line 2221, in _load
    result = unpickler.load()
AttributeError: module 'IPython' has no attribute 'system'

[validity-debug] Container failed with code 1
[validity-debug] Container stdout: 
[validity-debug] Container stderr: Traceback (most recent call last):
  File "<string>", line 3, in <module>
    obj = torch.load('/tmp/tmp_iml6rx3.pt', weights_only=False, map_location='cpu')
  File "/usr/local/lib/python3.13/dist-packages/torch/serialization.py", line 1610, in load
    return _load(
        opened_zipfile,
    ...<3 lines>...
        **pickle_load_args,
    )
  File "/usr/local/lib/python3.13/dist-packages/torch/serialization.py", line 2221, in _load
    result = unpickler.load()
AttributeError: module 'IPython' has no attribute 'system'

[validity-debug] Container failed with code 1
[validity-debug] Container stdout: 
[validity-debug] Container stderr: Traceback (most recent call last):
  File "<string>", line 3, in <module>
    obj = torch.load('/tmp/tmpa_ozfzju.pt', weights_only=False, map_location='cpu')
  File "/usr/local/lib/python3.13/dist-packages/torch/serialization.py", line 1610, in load
    return _load(
        opened_zipfile,
    ...<3 lines>...
        **pickle_load_args,
    )
  File "/usr/local/lib/python3.13/dist-packages/torch/serialization.py", line 2221, in _load
    result = unpickler.load()
  File "/usr/local/lib/python3.13/dist-packages/numpy/__init__.py", line 795, in __getattr__
    raise AttributeError(f"module {__name__!r} has no attribute {attr!r}")
AttributeError: module 'numpy' has no attribute 'runstring'. Did you mean: 'fromstring'?

[validity-debug] Container failed with code 1
[validity-debug] Container stdout: 
[validity-debug] Container stderr: Traceback (most recent call last):
  File "<string>", line 3, in <module>
    obj = torch.load('/tmp/tmp3uuv44jc.pt', weights_only=False, map_location='cpu')
  File "/usr/local/lib/python3.13/dist-packages/torch/serialization.py", line 1610, in load
    return _load(
        opened_zipfile,
    ...<3 lines>...
        **pickle_load_args,
    )
  File "/usr/local/lib/python3.13/dist-packages/torch/serialization.py", line 2221, in _load
    result = unpickler.load()
  File "/usr/local/lib/python3.13/dist-packages/numpy/__init__.py", line 795, in __getattr__
    raise AttributeError(f"module {__name__!r} has no attribute {attr!r}")
AttributeError: module 'numpy' has no attribute 'runstring'. Did you mean: 'fromstring'?

[validity-debug] Container failed with code 1
[validity-debug] Container stdout: 
[validity-debug] Container stderr: Traceback (most recent call last):
  File "<string>", line 3, in <module>
    obj = torch.load('/tmp/tmpe0re28gg.pt', weights_only=False, map_location='cpu')
  File "/usr/local/lib/python3.13/dist-packages/torch/serialization.py", line 1610, in load
    return _load(
        opened_zipfile,
    ...<3 lines>...
        **pickle_load_args,
    )
  File "/usr/local/lib/python3.13/dist-packages/torch/serialization.py", line 2221, in _load
    result = unpickler.load()
  File "/usr/local/lib/python3.13/dist-packages/numpy/__init__.py", line 795, in __getattr__
    raise AttributeError(f"module {__name__!r} has no attribute {attr!r}")
AttributeError: module 'numpy' has no attribute 'runstring'. Did you mean: 'fromstring'?

Round 4 Complete: Valid=13/20, Bypasses=0, Mean Fitness=2.587, Opcode Cov=42.6%, Callable Cov=40.0%, Per-scanner evasions={'fickling': 20, 'modelscan': 1}

--- Round 5 / 5 ---
Mutation params: op_swap=0.35, sub=0.35, fuzz=0.35
Generated 20 candidate checkpoints (families: {'gadget': 3, 'overwritten': 2, 'pypi_injected': 8, 'external': 3, 'indirect_chain': 4}).
[validity-debug] Container failed with code 1
[validity-debug] Container stdout: 
[validity-debug] Container stderr: Traceback (most recent call last):
  File "<string>", line 3, in <module>
    obj = torch.load('/tmp/tmp2ed5av4f.pt', weights_only=False, map_location='cpu')
  File "/usr/local/lib/python3.13/dist-packages/torch/serialization.py", line 1610, in load
    return _load(
        opened_zipfile,
    ...<3 lines>...
        **pickle_load_args,
    )
  File "/usr/local/lib/python3.13/dist-packages/torch/serialization.py", line 2221, in _load
    result = unpickler.load()
  File "/usr/local/lib/python3.13/dist-packages/torch/serialization.py", line 2210, in find_class
    return super().find_class(mod_name, name)
           ~~~~~~~~~~~~~~~~~~^^^^^^^^^^^^^^^^
AttributeError: Can't get attribute 'popen' on <module 'platform' from '/usr/lib/python3.13/platform.py'>

[validity-debug] Container failed with code 1
[validity-debug] Container stdout: 
[validity-debug] Container stderr: Traceback (most recent call last):
  File "<string>", line 3, in <module>
    obj = torch.load('/tmp/tmpi11p3o4r.pt', weights_only=False, map_location='cpu')
  File "/usr/local/lib/python3.13/dist-packages/torch/serialization.py", line 1610, in load
    return _load(
        opened_zipfile,
    ...<3 lines>...
        **pickle_load_args,
    )
  File "/usr/local/lib/python3.13/dist-packages/torch/serialization.py", line 2221, in _load
    result = unpickler.load()
AttributeError: module 'IPython' has no attribute 'system'

[validity-debug] Container failed with code 1
[validity-debug] Container stdout: 
[validity-debug] Container stderr: Traceback (most recent call last):
  File "<string>", line 3, in <module>
    obj = torch.load('/tmp/tmptsppd4hg.pt', weights_only=False, map_location='cpu')
  File "/usr/local/lib/python3.13/dist-packages/torch/serialization.py", line 1610, in load
    return _load(
        opened_zipfile,
    ...<3 lines>...
        **pickle_load_args,
    )
  File "/usr/local/lib/python3.13/dist-packages/torch/serialization.py", line 2221, in _load
    result = unpickler.load()
  File "/usr/local/lib/python3.13/dist-packages/numpy/__init__.py", line 795, in __getattr__
    raise AttributeError(f"module {__name__!r} has no attribute {attr!r}")
AttributeError: module 'numpy' has no attribute 'runstring'. Did you mean: 'fromstring'?

[validity-debug] Container failed with code 1
[validity-debug] Container stdout: 
[validity-debug] Container stderr: Traceback (most recent call last):
  File "<string>", line 3, in <module>
    obj = torch.load('/tmp/tmp1ptcf3ir.pt', weights_only=False, map_location='cpu')
  File "/usr/local/lib/python3.13/dist-packages/torch/serialization.py", line 1610, in load
    return _load(
        opened_zipfile,
    ...<3 lines>...
        **pickle_load_args,
    )
  File "/usr/local/lib/python3.13/dist-packages/torch/serialization.py", line 2221, in _load
    result = unpickler.load()
AttributeError: module 'IPython' has no attribute 'system'

[validity-debug] Container failed with code 1
[validity-debug] Container stdout: 
[validity-debug] Container stderr: Traceback (most recent call last):
  File "<string>", line 3, in <module>
    obj = torch.load('/tmp/tmpmlyucj3y.pt', weights_only=False, map_location='cpu')
  File "/usr/local/lib/python3.13/dist-packages/torch/serialization.py", line 1610, in load
    return _load(
        opened_zipfile,
    ...<3 lines>...
        **pickle_load_args,
    )
  File "/usr/local/lib/python3.13/dist-packages/torch/serialization.py", line 2221, in _load
    result = unpickler.load()
  File "/usr/local/lib/python3.13/dist-packages/numpy/__init__.py", line 795, in __getattr__
    raise AttributeError(f"module {__name__!r} has no attribute {attr!r}")
AttributeError: module 'numpy' has no attribute 'runstring'. Did you mean: 'fromstring'?

[validity-debug] Container failed with code 1
[validity-debug] Container stdout: 
[validity-debug] Container stderr: Traceback (most recent call last):
  File "<string>", line 3, in <module>
    obj = torch.load('/tmp/tmp0_7uk7xf.pt', weights_only=False, map_location='cpu')
  File "/usr/local/lib/python3.13/dist-packages/torch/serialization.py", line 1610, in load
    return _load(
        opened_zipfile,
    ...<3 lines>...
        **pickle_load_args,
    )
  File "/usr/local/lib/python3.13/dist-packages/torch/serialization.py", line 2221, in _load
    result = unpickler.load()
AttributeError: module 'IPython' has no attribute 'system'

[validity-debug] Container failed with code 1
[validity-debug] Container stdout: 
[validity-debug] Container stderr: Traceback (most recent call last):
  File "<string>", line 3, in <module>
    obj = torch.load('/tmp/tmpr2jyhieb.pt', weights_only=False, map_location='cpu')
  File "/usr/local/lib/python3.13/dist-packages/torch/serialization.py", line 1610, in load
    return _load(
        opened_zipfile,
    ...<3 lines>...
        **pickle_load_args,
    )
  File "/usr/local/lib/python3.13/dist-packages/torch/serialization.py", line 2221, in _load
    result = unpickler.load()
AttributeError: module 'IPython' has no attribute 'system'

[validity-debug] Container failed with code 1
[validity-debug] Container stdout: 
[validity-debug] Container stderr: Traceback (most recent call last):
  File "<string>", line 3, in <module>
    obj = torch.load('/tmp/tmpkehmsi6a.pt', weights_only=False, map_location='cpu')
  File "/usr/local/lib/python3.13/dist-packages/torch/serialization.py", line 1610, in load
    return _load(
        opened_zipfile,
    ...<3 lines>...
        **pickle_load_args,
    )
  File "/usr/local/lib/python3.13/dist-packages/torch/serialization.py", line 2221, in _load
    result = unpickler.load()
AttributeError: module 'IPython' has no attribute 'system'

[validity-debug] Container failed with code 1
[validity-debug] Container stdout: 
[validity-debug] Container stderr: Traceback (most recent call last):
  File "<string>", line 3, in <module>
    obj = torch.load('/tmp/tmpxdhgtkze.pt', weights_only=False, map_location='cpu')
  File "/usr/local/lib/python3.13/dist-packages/torch/serialization.py", line 1610, in load
    return _load(
        opened_zipfile,
    ...<3 lines>...
        **pickle_load_args,
    )
  File "/usr/local/lib/python3.13/dist-packages/torch/serialization.py", line 2221, in _load
    result = unpickler.load()
  File "/usr/local/lib/python3.13/dist-packages/numpy/__init__.py", line 795, in __getattr__
    raise AttributeError(f"module {__name__!r} has no attribute {attr!r}")
AttributeError: module 'numpy' has no attribute 'runstring'. Did you mean: 'fromstring'?

[validity-debug] Container failed with code 1
[validity-debug] Container stdout: 
[validity-debug] Container stderr: Traceback (most recent call last):
  File "<string>", line 3, in <module>
    obj = torch.load('/tmp/tmpnz1luiqk.pt', weights_only=False, map_location='cpu')
  File "/usr/local/lib/python3.13/dist-packages/torch/serialization.py", line 1610, in load
    return _load(
        opened_zipfile,
    ...<3 lines>...
        **pickle_load_args,
    )
  File "/usr/local/lib/python3.13/dist-packages/torch/serialization.py", line 2221, in _load
    result = unpickler.load()
  File "/usr/local/lib/python3.13/dist-packages/numpy/__init__.py", line 795, in __getattr__
    raise AttributeError(f"module {__name__!r} has no attribute {attr!r}")
AttributeError: module 'numpy' has no attribute 'runstring'. Did you mean: 'fromstring'?

Round 5 Complete: Valid=10/20, Bypasses=0, Mean Fitness=2.048, Opcode Cov=42.6%, Callable Cov=44.0%, Per-scanner evasions={'fickling': 20}

Written fuzzing report to docs/fuzzing-report-guided-r2.md
============================================================
CAMPAIGN COMPLETE (guided, replicate 2)
  valid candidates : 68/100
  confirmed bypasses: 3
============================================================
[Mon Aug 24 07:49:02 PM +0530 2026] Completed guided-oracle_aware-r2 successfully

[Mon Aug 24 07:49:12 PM +0530 2026] Starting guided-oracle_dominant-r2 (seed=1338)...
============================================================
STARTING GUIDED FUZZING CAMPAIGN (replicate 2)
============================================================

--- Round 1 / 5 ---
Mutation params: op_swap=0.15, sub=0.15, fuzz=0.15
Generated 20 candidate checkpoints (families: {'gadget': 2, 'overwritten': 4, 'pypi_injected': 5, 'external': 4, 'indirect_chain': 5}).
[validity-debug] Container failed with code 1
[validity-debug] Container stdout: 
[validity-debug] Container stderr: Traceback (most recent call last):
  File "<string>", line 3, in <module>
    obj = torch.load('/tmp/tmpuqyq5zwp.pt', weights_only=False, map_location='cpu')
  File "/usr/local/lib/python3.13/dist-packages/torch/serialization.py", line 1610, in load
    return _load(
        opened_zipfile,
    ...<3 lines>...
        **pickle_load_args,
    )
  File "/usr/local/lib/python3.13/dist-packages/torch/serialization.py", line 2221, in _load
    result = unpickler.load()
  File "/usr/local/lib/python3.13/dist-packages/numpy/__init__.py", line 795, in __getattr__
    raise AttributeError(f"module {__name__!r} has no attribute {attr!r}")
AttributeError: module 'numpy' has no attribute 'runstring'. Did you mean: 'fromstring'?

Round 1 Complete: Valid=19/20, Bypasses=3, Mean Fitness=6040.805, Opcode Cov=41.2%, Callable Cov=32.0%, Per-scanner evasions={'fickling': 20, 'modelscan': 6, 'picklescan': 3}

--- Round 2 / 5 ---
Mutation params: op_swap=0.20, sub=0.20, fuzz=0.20
Generated 20 candidate checkpoints (families: {'gadget': 3, 'overwritten': 0, 'pypi_injected': 12, 'external': 2, 'indirect_chain': 3}).
[validity-debug] Container failed with code 1
[validity-debug] Container stdout: 
[validity-debug] Container stderr: Traceback (most recent call last):
  File "<string>", line 3, in <module>
    obj = torch.load('/tmp/tmp1dlep47b.pt', weights_only=False, map_location='cpu')
  File "/usr/local/lib/python3.13/dist-packages/torch/serialization.py", line 1610, in load
    return _load(
        opened_zipfile,
    ...<3 lines>...
        **pickle_load_args,
    )
  File "/usr/local/lib/python3.13/dist-packages/torch/serialization.py", line 2221, in _load
    result = unpickler.load()
AttributeError: module 'IPython' has no attribute 'system'

[validity-debug] Container failed with code 1
[validity-debug] Container stdout: 
[validity-debug] Container stderr: Traceback (most recent call last):
  File "<string>", line 3, in <module>
    obj = torch.load('/tmp/tmpk1rfssrh.pt', weights_only=False, map_location='cpu')
  File "/usr/local/lib/python3.13/dist-packages/torch/serialization.py", line 1610, in load
    return _load(
        opened_zipfile,
    ...<3 lines>...
        **pickle_load_args,
    )
  File "/usr/local/lib/python3.13/dist-packages/torch/serialization.py", line 2221, in _load
    result = unpickler.load()
AttributeError: module 'IPython' has no attribute 'system'

[validity-debug] Container failed with code 1
[validity-debug] Container stdout: 
[validity-debug] Container stderr: Traceback (most recent call last):
  File "<string>", line 3, in <module>
    obj = torch.load('/tmp/tmpnrohorv3.pt', weights_only=False, map_location='cpu')
  File "/usr/local/lib/python3.13/dist-packages/torch/serialization.py", line 1610, in load
    return _load(
        opened_zipfile,
    ...<3 lines>...
        **pickle_load_args,
    )
  File "/usr/local/lib/python3.13/dist-packages/torch/serialization.py", line 2221, in _load
    result = unpickler.load()
AttributeError: module 'IPython' has no attribute 'system'

[validity-debug] Container failed with code 1
[validity-debug] Container stdout: 
[validity-debug] Container stderr: Traceback (most recent call last):
  File "<string>", line 3, in <module>
    obj = torch.load('/tmp/tmpaxvgspzu.pt', weights_only=False, map_location='cpu')
  File "/usr/local/lib/python3.13/dist-packages/torch/serialization.py", line 1610, in load
    return _load(
        opened_zipfile,
    ...<3 lines>...
        **pickle_load_args,
    )
  File "/usr/local/lib/python3.13/dist-packages/torch/serialization.py", line 2221, in _load
    result = unpickler.load()
AttributeError: module 'IPython' has no attribute 'system'

[validity-debug] Container failed with code 1
[validity-debug] Container stdout: 
[validity-debug] Container stderr: Traceback (most recent call last):
  File "<string>", line 3, in <module>
    obj = torch.load('/tmp/tmpvht7m34c.pt', weights_only=False, map_location='cpu')
  File "/usr/local/lib/python3.13/dist-packages/torch/serialization.py", line 1610, in load
    return _load(
        opened_zipfile,
    ...<3 lines>...
        **pickle_load_args,
    )
  File "/usr/local/lib/python3.13/dist-packages/torch/serialization.py", line 2221, in _load
    result = unpickler.load()
  File "/usr/local/lib/python3.13/dist-packages/numpy/__init__.py", line 795, in __getattr__
    raise AttributeError(f"module {__name__!r} has no attribute {attr!r}")
AttributeError: module 'numpy' has no attribute 'runstring'. Did you mean: 'fromstring'?

[validity-debug] Container failed with code 1
[validity-debug] Container stdout: 
[validity-debug] Container stderr: Traceback (most recent call last):
  File "<string>", line 3, in <module>
    obj = torch.load('/tmp/tmp_4b__kou.pt', weights_only=False, map_location='cpu')
  File "/usr/local/lib/python3.13/dist-packages/torch/serialization.py", line 1610, in load
    return _load(
        opened_zipfile,
    ...<3 lines>...
        **pickle_load_args,
    )
  File "/usr/local/lib/python3.13/dist-packages/torch/serialization.py", line 2221, in _load
    result = unpickler.load()
AttributeError: module 'IPython' has no attribute 'system'

Round 2 Complete: Valid=14/20, Bypasses=0, Mean Fitness=6508.811, Opcode Cov=42.6%, Callable Cov=32.0%, Per-scanner evasions={'fickling': 20, 'modelscan': 1}

--- Round 3 / 5 ---
Mutation params: op_swap=0.25, sub=0.25, fuzz=0.25
Generated 20 candidate checkpoints (families: {'gadget': 2, 'overwritten': 3, 'pypi_injected': 12, 'external': 1, 'indirect_chain': 2}).
[validity-debug] Container failed with code 1
[validity-debug] Container stdout: 
[validity-debug] Container stderr: Traceback (most recent call last):
  File "<string>", line 3, in <module>
    obj = torch.load('/tmp/tmpuuznt329.pt', weights_only=False, map_location='cpu')
  File "/usr/local/lib/python3.13/dist-packages/torch/serialization.py", line 1610, in load
    return _load(
        opened_zipfile,
    ...<3 lines>...
        **pickle_load_args,
    )
  File "/usr/local/lib/python3.13/dist-packages/torch/serialization.py", line 2221, in _load
    result = unpickler.load()
AttributeError: module 'IPython' has no attribute 'system'

[validity-debug] Container failed with code 1
[validity-debug] Container stdout: 
[validity-debug] Container stderr: Traceback (most recent call last):
  File "<string>", line 3, in <module>
    obj = torch.load('/tmp/tmp1aurcgxh.pt', weights_only=False, map_location='cpu')
  File "/usr/local/lib/python3.13/dist-packages/torch/serialization.py", line 1610, in load
    return _load(
        opened_zipfile,
    ...<3 lines>...
        **pickle_load_args,
    )
  File "/usr/local/lib/python3.13/dist-packages/torch/serialization.py", line 2221, in _load
    result = unpickler.load()
AttributeError: module 'IPython' has no attribute 'system'

[validity-debug] Container failed with code 1
[validity-debug] Container stdout: 
[validity-debug] Container stderr: Traceback (most recent call last):
  File "<string>", line 3, in <module>
    obj = torch.load('/tmp/tmpx4508pax.pt', weights_only=False, map_location='cpu')
  File "/usr/local/lib/python3.13/dist-packages/torch/serialization.py", line 1610, in load
    return _load(
        opened_zipfile,
    ...<3 lines>...
        **pickle_load_args,
    )
  File "/usr/local/lib/python3.13/dist-packages/torch/serialization.py", line 2221, in _load
    result = unpickler.load()
AttributeError: module 'IPython' has no attribute 'system'

[validity-debug] Container failed with code 1
[validity-debug] Container stdout: 
[validity-debug] Container stderr: Traceback (most recent call last):
  File "<string>", line 3, in <module>
    obj = torch.load('/tmp/tmpnciq6qdx.pt', weights_only=False, map_location='cpu')
  File "/usr/local/lib/python3.13/dist-packages/torch/serialization.py", line 1610, in load
    return _load(
        opened_zipfile,
    ...<3 lines>...
        **pickle_load_args,
    )
  File "/usr/local/lib/python3.13/dist-packages/torch/serialization.py", line 2221, in _load
    result = unpickler.load()
AttributeError: module 'IPython' has no attribute 'system'

[validity-debug] Container failed with code 1
[validity-debug] Container stdout: 
[validity-debug] Container stderr: Traceback (most recent call last):
  File "<string>", line 3, in <module>
    obj = torch.load('/tmp/tmpzs6sp4l7.pt', weights_only=False, map_location='cpu')
  File "/usr/local/lib/python3.13/dist-packages/torch/serialization.py", line 1610, in load
    return _load(
        opened_zipfile,
    ...<3 lines>...
        **pickle_load_args,
    )
  File "/usr/local/lib/python3.13/dist-packages/torch/serialization.py", line 2221, in _load
    result = unpickler.load()
AttributeError: module 'IPython' has no attribute 'system'

[validity-debug] Container failed with code 1
[validity-debug] Container stdout: 
[validity-debug] Container stderr: Traceback (most recent call last):
  File "<string>", line 3, in <module>
    obj = torch.load('/tmp/tmp07bj6oo7.pt', weights_only=False, map_location='cpu')
  File "/usr/local/lib/python3.13/dist-packages/torch/serialization.py", line 1610, in load
    return _load(
        opened_zipfile,
    ...<3 lines>...
        **pickle_load_args,
    )
  File "/usr/local/lib/python3.13/dist-packages/torch/serialization.py", line 2221, in _load
    result = unpickler.load()
AttributeError: module 'IPython' has no attribute 'system'

[validity-debug] Container failed with code 1
[validity-debug] Container stdout: 
[validity-debug] Container stderr: Traceback (most recent call last):
  File "<string>", line 3, in <module>
    obj = torch.load('/tmp/tmp79tlxa4z.pt', weights_only=False, map_location='cpu')
  File "/usr/local/lib/python3.13/dist-packages/torch/serialization.py", line 1610, in load
    return _load(
        opened_zipfile,
    ...<3 lines>...
        **pickle_load_args,
    )
  File "/usr/local/lib/python3.13/dist-packages/torch/serialization.py", line 2221, in _load
    result = unpickler.load()
  File "/usr/local/lib/python3.13/dist-packages/numpy/__init__.py", line 795, in __getattr__
    raise AttributeError(f"module {__name__!r} has no attribute {attr!r}")
AttributeError: module 'numpy' has no attribute 'runstring'. Did you mean: 'fromstring'?

Round 3 Complete: Valid=13/20, Bypasses=0, Mean Fitness=5017.988, Opcode Cov=42.6%, Callable Cov=32.0%, Per-scanner evasions={'fickling': 20}

--- Round 4 / 5 ---
Mutation params: op_swap=0.30, sub=0.30, fuzz=0.30
Generated 20 candidate checkpoints (families: {'gadget': 2, 'overwritten': 4, 'pypi_injected': 8, 'external': 4, 'indirect_chain': 2}).
[validity-debug] Container failed with code 1
[validity-debug] Container stdout: 
[validity-debug] Container stderr: Traceback (most recent call last):
  File "<string>", line 3, in <module>
    obj = torch.load('/tmp/tmps2qptyev.pt', weights_only=False, map_location='cpu')
  File "/usr/local/lib/python3.13/dist-packages/torch/serialization.py", line 1610, in load
    return _load(
        opened_zipfile,
    ...<3 lines>...
        **pickle_load_args,
    )
  File "/usr/local/lib/python3.13/dist-packages/torch/serialization.py", line 2221, in _load
    result = unpickler.load()
AttributeError: module 'IPython' has no attribute 'system'

[validity-debug] Container failed with code 1
[validity-debug] Container stdout: 
[validity-debug] Container stderr: Traceback (most recent call last):
  File "<string>", line 3, in <module>
    obj = torch.load('/tmp/tmpfnjhdp00.pt', weights_only=False, map_location='cpu')
  File "/usr/local/lib/python3.13/dist-packages/torch/serialization.py", line 1610, in load
    return _load(
        opened_zipfile,
    ...<3 lines>...
        **pickle_load_args,
    )
  File "/usr/local/lib/python3.13/dist-packages/torch/serialization.py", line 2221, in _load
    result = unpickler.load()
AttributeError: module 'IPython' has no attribute 'system'

[validity-debug] Container failed with code 1
[validity-debug] Container stdout: 
[validity-debug] Container stderr: Traceback (most recent call last):
  File "<string>", line 3, in <module>
    obj = torch.load('/tmp/tmpoodovvlg.pt', weights_only=False, map_location='cpu')
  File "/usr/local/lib/python3.13/dist-packages/torch/serialization.py", line 1610, in load
    return _load(
        opened_zipfile,
    ...<3 lines>...
        **pickle_load_args,
    )
  File "/usr/local/lib/python3.13/dist-packages/torch/serialization.py", line 2221, in _load
    result = unpickler.load()
AttributeError: module 'IPython' has no attribute 'system'

[validity-debug] Container failed with code 1
[validity-debug] Container stdout: 
[validity-debug] Container stderr: Traceback (most recent call last):
  File "<string>", line 3, in <module>
    obj = torch.load('/tmp/tmpsl2yaptq.pt', weights_only=False, map_location='cpu')
  File "/usr/local/lib/python3.13/dist-packages/torch/serialization.py", line 1610, in load
    return _load(
        opened_zipfile,
    ...<3 lines>...
        **pickle_load_args,
    )
  File "/usr/local/lib/python3.13/dist-packages/torch/serialization.py", line 2221, in _load
    result = unpickler.load()
AttributeError: module 'IPython' has no attribute 'system'

[validity-debug] Container failed with code 1
[validity-debug] Container stdout: 
[validity-debug] Container stderr: Traceback (most recent call last):
  File "<string>", line 3, in <module>
    obj = torch.load('/tmp/tmp66r6cupw.pt', weights_only=False, map_location='cpu')
  File "/usr/local/lib/python3.13/dist-packages/torch/serialization.py", line 1610, in load
    return _load(
        opened_zipfile,
    ...<3 lines>...
        **pickle_load_args,
    )
  File "/usr/local/lib/python3.13/dist-packages/torch/serialization.py", line 2221, in _load
    result = unpickler.load()
  File "/usr/local/lib/python3.13/dist-packages/numpy/__init__.py", line 795, in __getattr__
    raise AttributeError(f"module {__name__!r} has no attribute {attr!r}")
AttributeError: module 'numpy' has no attribute 'runstring'. Did you mean: 'fromstring'?

[validity-debug] Container failed with code 1
[validity-debug] Container stdout: 
[validity-debug] Container stderr: Traceback (most recent call last):
  File "<string>", line 3, in <module>
    obj = torch.load('/tmp/tmp6yccrbes.pt', weights_only=False, map_location='cpu')
  File "/usr/local/lib/python3.13/dist-packages/torch/serialization.py", line 1610, in load
    return _load(
        opened_zipfile,
    ...<3 lines>...
        **pickle_load_args,
    )
  File "/usr/local/lib/python3.13/dist-packages/torch/serialization.py", line 2221, in _load
    result = unpickler.load()
  File "/usr/local/lib/python3.13/dist-packages/numpy/__init__.py", line 795, in __getattr__
    raise AttributeError(f"module {__name__!r} has no attribute {attr!r}")
AttributeError: module 'numpy' has no attribute 'runstring'. Did you mean: 'fromstring'?

[validity-debug] Container failed with code 1
[validity-debug] Container stdout: 
[validity-debug] Container stderr: Traceback (most recent call last):
  File "<string>", line 3, in <module>
    obj = torch.load('/tmp/tmpjntnaqkd.pt', weights_only=False, map_location='cpu')
  File "/usr/local/lib/python3.13/dist-packages/torch/serialization.py", line 1610, in load
    return _load(
        opened_zipfile,
    ...<3 lines>...
        **pickle_load_args,
    )
  File "/usr/local/lib/python3.13/dist-packages/torch/serialization.py", line 2221, in _load
    result = unpickler.load()
  File "/usr/local/lib/python3.13/dist-packages/numpy/__init__.py", line 795, in __getattr__
    raise AttributeError(f"module {__name__!r} has no attribute {attr!r}")
AttributeError: module 'numpy' has no attribute 'runstring'. Did you mean: 'fromstring'?

Round 4 Complete: Valid=13/20, Bypasses=0, Mean Fitness=3531.938, Opcode Cov=42.6%, Callable Cov=32.0%, Per-scanner evasions={'fickling': 20, 'modelscan': 1}

--- Round 5 / 5 ---
Mutation params: op_swap=0.35, sub=0.35, fuzz=0.35
Generated 20 candidate checkpoints (families: {'gadget': 3, 'overwritten': 2, 'pypi_injected': 8, 'external': 4, 'indirect_chain': 3}).
[validity-debug] Container failed with code 1
[validity-debug] Container stdout: 
[validity-debug] Container stderr: Traceback (most recent call last):
  File "<string>", line 3, in <module>
    obj = torch.load('/tmp/tmpwjdal7fo.pt', weights_only=False, map_location='cpu')
  File "/usr/local/lib/python3.13/dist-packages/torch/serialization.py", line 1610, in load
    return _load(
        opened_zipfile,
    ...<3 lines>...
        **pickle_load_args,
    )
  File "/usr/local/lib/python3.13/dist-packages/torch/serialization.py", line 2221, in _load
    result = unpickler.load()
AttributeError: module 'IPython' has no attribute 'system'

[validity-debug] Container failed with code 1
[validity-debug] Container stdout: 
[validity-debug] Container stderr: Traceback (most recent call last):
  File "<string>", line 3, in <module>
    obj = torch.load('/tmp/tmpvlq73qlw.pt', weights_only=False, map_location='cpu')
  File "/usr/local/lib/python3.13/dist-packages/torch/serialization.py", line 1610, in load
    return _load(
        opened_zipfile,
    ...<3 lines>...
        **pickle_load_args,
    )
  File "/usr/local/lib/python3.13/dist-packages/torch/serialization.py", line 2221, in _load
    result = unpickler.load()
  File "/usr/local/lib/python3.13/dist-packages/numpy/__init__.py", line 795, in __getattr__
    raise AttributeError(f"module {__name__!r} has no attribute {attr!r}")
AttributeError: module 'numpy' has no attribute 'runstring'. Did you mean: 'fromstring'?

[validity-debug] Container failed with code 1
[validity-debug] Container stdout: 
[validity-debug] Container stderr: Traceback (most recent call last):
  File "<string>", line 3, in <module>
    obj = torch.load('/tmp/tmpri88fnae.pt', weights_only=False, map_location='cpu')
  File "/usr/local/lib/python3.13/dist-packages/torch/serialization.py", line 1610, in load
    return _load(
        opened_zipfile,
    ...<3 lines>...
        **pickle_load_args,
    )
  File "/usr/local/lib/python3.13/dist-packages/torch/serialization.py", line 2221, in _load
    result = unpickler.load()
AttributeError: module 'IPython' has no attribute 'system'

[validity-debug] Container failed with code 1
[validity-debug] Container stdout: 
[validity-debug] Container stderr: Traceback (most recent call last):
  File "<string>", line 3, in <module>
    obj = torch.load('/tmp/tmpaxw3q4yb.pt', weights_only=False, map_location='cpu')
  File "/usr/local/lib/python3.13/dist-packages/torch/serialization.py", line 1610, in load
    return _load(
        opened_zipfile,
    ...<3 lines>...
        **pickle_load_args,
    )
  File "/usr/local/lib/python3.13/dist-packages/torch/serialization.py", line 2221, in _load
    result = unpickler.load()
  File "/usr/local/lib/python3.13/dist-packages/numpy/__init__.py", line 795, in __getattr__
    raise AttributeError(f"module {__name__!r} has no attribute {attr!r}")
AttributeError: module 'numpy' has no attribute 'runstring'. Did you mean: 'fromstring'?

[validity-debug] Container failed with code 1
[validity-debug] Container stdout: 
[validity-debug] Container stderr: Traceback (most recent call last):
  File "<string>", line 3, in <module>
    obj = torch.load('/tmp/tmpu2gm0_w0.pt', weights_only=False, map_location='cpu')
  File "/usr/local/lib/python3.13/dist-packages/torch/serialization.py", line 1610, in load
    return _load(
        opened_zipfile,
    ...<3 lines>...
        **pickle_load_args,
    )
  File "/usr/local/lib/python3.13/dist-packages/torch/serialization.py", line 2221, in _load
    result = unpickler.load()
AttributeError: module 'IPython' has no attribute 'system'

[validity-debug] Container failed with code 1
[validity-debug] Container stdout: 
[validity-debug] Container stderr: Traceback (most recent call last):
  File "<string>", line 3, in <module>
    obj = torch.load('/tmp/tmpduq5ypdo.pt', weights_only=False, map_location='cpu')
  File "/usr/local/lib/python3.13/dist-packages/torch/serialization.py", line 1610, in load
    return _load(
        opened_zipfile,
    ...<3 lines>...
        **pickle_load_args,
    )
  File "/usr/local/lib/python3.13/dist-packages/torch/serialization.py", line 2221, in _load
    result = unpickler.load()
AttributeError: module 'IPython' has no attribute 'system'

[validity-debug] Container failed with code 1
[validity-debug] Container stdout: 
[validity-debug] Container stderr: Traceback (most recent call last):
  File "<string>", line 3, in <module>
    obj = torch.load('/tmp/tmpptlp_8zt.pt', weights_only=False, map_location='cpu')
  File "/usr/local/lib/python3.13/dist-packages/torch/serialization.py", line 1610, in load
    return _load(
        opened_zipfile,
    ...<3 lines>...
        **pickle_load_args,
    )
  File "/usr/local/lib/python3.13/dist-packages/torch/serialization.py", line 2221, in _load
    result = unpickler.load()
AttributeError: module 'IPython' has no attribute 'system'

[validity-debug] Container failed with code 1
[validity-debug] Container stdout: 
[validity-debug] Container stderr: Traceback (most recent call last):
  File "<string>", line 3, in <module>
    obj = torch.load('/tmp/tmp6_5haodj.pt', weights_only=False, map_location='cpu')
  File "/usr/local/lib/python3.13/dist-packages/torch/serialization.py", line 1610, in load
    return _load(
        opened_zipfile,
    ...<3 lines>...
        **pickle_load_args,
    )
  File "/usr/local/lib/python3.13/dist-packages/torch/serialization.py", line 2221, in _load
    result = unpickler.load()
  File "/usr/local/lib/python3.13/dist-packages/numpy/__init__.py", line 795, in __getattr__
    raise AttributeError(f"module {__name__!r} has no attribute {attr!r}")
AttributeError: module 'numpy' has no attribute 'runstring'. Did you mean: 'fromstring'?

[validity-debug] Container failed with code 1
[validity-debug] Container stdout: 
[validity-debug] Container stderr: Traceback (most recent call last):
  File "<string>", line 3, in <module>
    obj = torch.load('/tmp/tmp34wurae2.pt', weights_only=False, map_location='cpu')
  File "/usr/local/lib/python3.13/dist-packages/torch/serialization.py", line 1610, in load
    return _load(
        opened_zipfile,
    ...<3 lines>...
        **pickle_load_args,
    )
  File "/usr/local/lib/python3.13/dist-packages/torch/serialization.py", line 2221, in _load
    result = unpickler.load()
  File "/usr/local/lib/python3.13/dist-packages/numpy/__init__.py", line 795, in __getattr__
    raise AttributeError(f"module {__name__!r} has no attribute {attr!r}")
AttributeError: module 'numpy' has no attribute 'runstring'. Did you mean: 'fromstring'?

Round 5 Complete: Valid=11/20, Bypasses=0, Mean Fitness=4016.206, Opcode Cov=42.6%, Callable Cov=32.0%, Per-scanner evasions={'fickling': 20, 'modelscan': 1}

Written fuzzing report to docs/fuzzing-report-guided-r2.md
============================================================
CAMPAIGN COMPLETE (guided, replicate 2)
  valid candidates : 70/100
  confirmed bypasses: 3
============================================================
[Mon Aug 24 08:00:26 PM +0530 2026] Completed guided-oracle_dominant-r2 successfully

[Mon Aug 24 08:00:36 PM +0530 2026] Starting unguided-current-r2 (seed=1338)...
============================================================
STARTING UNGUIDED FUZZING CAMPAIGN (replicate 2)
============================================================

--- Round 1 / 5 ---
Unguided mode: uniform random callable selection.
Generated 20 candidate checkpoints (families: {'gadget': 3, 'overwritten': 6, 'pypi_injected': 6, 'external': 1, 'indirect_chain': 4}).
[validity-debug] Container failed with code 1
[validity-debug] Container stdout: 
[validity-debug] Container stderr: Traceback (most recent call last):
  File "<string>", line 3, in <module>
    obj = torch.load('/tmp/tmpx_3j025f.pt', weights_only=False, map_location='cpu')
  File "/usr/local/lib/python3.13/dist-packages/torch/serialization.py", line 1610, in load
    return _load(
        opened_zipfile,
    ...<3 lines>...
        **pickle_load_args,
    )
  File "/usr/local/lib/python3.13/dist-packages/torch/serialization.py", line 2221, in _load
    result = unpickler.load()
AttributeError: module 'IPython' has no attribute 'system'

[validity-debug] Container failed with code 1
[validity-debug] Container stdout: 
[validity-debug] Container stderr: Traceback (most recent call last):
  File "<string>", line 3, in <module>
    obj = torch.load('/tmp/tmpdvqz6vbd.pt', weights_only=False, map_location='cpu')
  File "/usr/local/lib/python3.13/dist-packages/torch/serialization.py", line 1610, in load
    return _load(
        opened_zipfile,
    ...<3 lines>...
        **pickle_load_args,
    )
  File "/usr/local/lib/python3.13/dist-packages/torch/serialization.py", line 2221, in _load
    result = unpickler.load()
AttributeError: module 'IPython' has no attribute 'system'

[validity-debug] Container failed with code 1
[validity-debug] Container stdout: 
[validity-debug] Container stderr: Traceback (most recent call last):
  File "<string>", line 3, in <module>
    obj = torch.load('/tmp/tmp5tit_1m8.pt', weights_only=False, map_location='cpu')
  File "/usr/local/lib/python3.13/dist-packages/torch/serialization.py", line 1610, in load
    return _load(
        opened_zipfile,
    ...<3 lines>...
        **pickle_load_args,
    )
  File "/usr/local/lib/python3.13/dist-packages/torch/serialization.py", line 2221, in _load
    result = unpickler.load()
  File "/usr/local/lib/python3.13/dist-packages/numpy/__init__.py", line 795, in __getattr__
    raise AttributeError(f"module {__name__!r} has no attribute {attr!r}")
AttributeError: module 'numpy' has no attribute 'runstring'. Did you mean: 'fromstring'?

[validity-debug] Container failed with code 1
[validity-debug] Container stdout: 
[validity-debug] Container stderr: Traceback (most recent call last):
  File "<string>", line 3, in <module>
    obj = torch.load('/tmp/tmph_bux8_h.pt', weights_only=False, map_location='cpu')
  File "/usr/local/lib/python3.13/dist-packages/torch/serialization.py", line 1610, in load
    return _load(
        opened_zipfile,
    ...<3 lines>...
        **pickle_load_args,
    )
  File "/usr/local/lib/python3.13/dist-packages/torch/serialization.py", line 2221, in _load
    result = unpickler.load()
AttributeError: module 'IPython' has no attribute 'system'

[validity-debug] Container failed with code 1
[validity-debug] Container stdout: 
[validity-debug] Container stderr: Traceback (most recent call last):
  File "<string>", line 3, in <module>
    obj = torch.load('/tmp/tmp8w5jvd_x.pt', weights_only=False, map_location='cpu')
  File "/usr/local/lib/python3.13/dist-packages/torch/serialization.py", line 1610, in load
    return _load(
        opened_zipfile,
    ...<3 lines>...
        **pickle_load_args,
    )
  File "/usr/local/lib/python3.13/dist-packages/torch/serialization.py", line 2221, in _load
    result = unpickler.load()
AttributeError: module 'IPython' has no attribute 'system'

[validity-debug] Container failed with code 1
[validity-debug] Container stdout: 
[validity-debug] Container stderr: Traceback (most recent call last):
  File "<string>", line 3, in <module>
    obj = torch.load('/tmp/tmprfqzbiw2.pt', weights_only=False, map_location='cpu')
  File "/usr/local/lib/python3.13/dist-packages/torch/serialization.py", line 1610, in load
    return _load(
        opened_zipfile,
    ...<3 lines>...
        **pickle_load_args,
    )
  File "/usr/local/lib/python3.13/dist-packages/torch/serialization.py", line 2221, in _load
    result = unpickler.load()
AttributeError: module 'IPython' has no attribute 'system'

Round 1 Complete: Valid=14/20, Bypasses=0, Mean Fitness=1.170, Opcode Cov=42.6%, Callable Cov=28.0%, Per-scanner evasions={'fickling': 20}

--- Round 2 / 5 ---
Unguided mode: uniform random callable selection.
Generated 20 candidate checkpoints (families: {'gadget': 4, 'overwritten': 3, 'pypi_injected': 3, 'external': 4, 'indirect_chain': 6}).
[validity-debug] Container failed with code 1
[validity-debug] Container stdout: 
[validity-debug] Container stderr: Traceback (most recent call last):
  File "<string>", line 3, in <module>
    obj = torch.load('/tmp/tmpod6ik2_5.pt', weights_only=False, map_location='cpu')
  File "/usr/local/lib/python3.13/dist-packages/torch/serialization.py", line 1610, in load
    return _load(
        opened_zipfile,
    ...<3 lines>...
        **pickle_load_args,
    )
  File "/usr/local/lib/python3.13/dist-packages/torch/serialization.py", line 2221, in _load
    result = unpickler.load()
AttributeError: module 'IPython' has no attribute 'system'

[validity-debug] Container failed with code 1
[validity-debug] Container stdout: 
[validity-debug] Container stderr: Traceback (most recent call last):
  File "<string>", line 3, in <module>
    obj = torch.load('/tmp/tmpcue1etkv.pt', weights_only=False, map_location='cpu')
  File "/usr/local/lib/python3.13/dist-packages/torch/serialization.py", line 1610, in load
    return _load(
        opened_zipfile,
    ...<3 lines>...
        **pickle_load_args,
    )
  File "/usr/local/lib/python3.13/dist-packages/torch/serialization.py", line 2221, in _load
    result = unpickler.load()
AttributeError: module 'IPython' has no attribute 'system'

[validity-debug] Container failed with code 1
[validity-debug] Container stdout: 
[validity-debug] Container stderr: Traceback (most recent call last):
  File "<string>", line 3, in <module>
    obj = torch.load('/tmp/tmps11h8dt4.pt', weights_only=False, map_location='cpu')
  File "/usr/local/lib/python3.13/dist-packages/torch/serialization.py", line 1610, in load
    return _load(
        opened_zipfile,
    ...<3 lines>...
        **pickle_load_args,
    )
  File "/usr/local/lib/python3.13/dist-packages/torch/serialization.py", line 2221, in _load
    result = unpickler.load()
AttributeError: module 'IPython' has no attribute 'system'

[validity-debug] Container failed with code 1
[validity-debug] Container stdout: 
[validity-debug] Container stderr: Traceback (most recent call last):
  File "<string>", line 3, in <module>
    obj = torch.load('/tmp/tmpg9jnou8u.pt', weights_only=False, map_location='cpu')
  File "/usr/local/lib/python3.13/dist-packages/torch/serialization.py", line 1610, in load
    return _load(
        opened_zipfile,
    ...<3 lines>...
        **pickle_load_args,
    )
  File "/usr/local/lib/python3.13/dist-packages/torch/serialization.py", line 2221, in _load
    result = unpickler.load()
AttributeError: module 'IPython' has no attribute 'system'

[validity-debug] Container failed with code 1
[validity-debug] Container stdout: 
[validity-debug] Container stderr: Traceback (most recent call last):
  File "<string>", line 3, in <module>
    obj = torch.load('/tmp/tmpiqcar1nt.pt', weights_only=False, map_location='cpu')
  File "/usr/local/lib/python3.13/dist-packages/torch/serialization.py", line 1610, in load
    return _load(
        opened_zipfile,
    ...<3 lines>...
        **pickle_load_args,
    )
  File "/usr/local/lib/python3.13/dist-packages/torch/serialization.py", line 2221, in _load
    result = unpickler.load()
AttributeError: module 'IPython' has no attribute 'system'

[validity-debug] Container failed with code 1
[validity-debug] Container stdout: 
[validity-debug] Container stderr: Traceback (most recent call last):
  File "<string>", line 3, in <module>
    obj = torch.load('/tmp/tmpjuu8j7nd.pt', weights_only=False, map_location='cpu')
  File "/usr/local/lib/python3.13/dist-packages/torch/serialization.py", line 1610, in load
    return _load(
        opened_zipfile,
    ...<3 lines>...
        **pickle_load_args,
    )
  File "/usr/local/lib/python3.13/dist-packages/torch/serialization.py", line 2221, in _load
    result = unpickler.load()
  File "/usr/local/lib/python3.13/dist-packages/numpy/__init__.py", line 795, in __getattr__
    raise AttributeError(f"module {__name__!r} has no attribute {attr!r}")
AttributeError: module 'numpy' has no attribute 'runstring'. Did you mean: 'fromstring'?

[validity-debug] Container failed with code 1
[validity-debug] Container stdout: 
[validity-debug] Container stderr: Traceback (most recent call last):
  File "<string>", line 3, in <module>
    obj = torch.load('/tmp/tmpiiavz37j.pt', weights_only=False, map_location='cpu')
  File "/usr/local/lib/python3.13/dist-packages/torch/serialization.py", line 1610, in load
    return _load(
        opened_zipfile,
    ...<3 lines>...
        **pickle_load_args,
    )
  File "/usr/local/lib/python3.13/dist-packages/torch/serialization.py", line 2221, in _load
    result = unpickler.load()
  File "/usr/local/lib/python3.13/dist-packages/numpy/__init__.py", line 795, in __getattr__
    raise AttributeError(f"module {__name__!r} has no attribute {attr!r}")
AttributeError: module 'numpy' has no attribute 'runstring'. Did you mean: 'fromstring'?

[validity-debug] Container failed with code 1
[validity-debug] Container stdout: 
[validity-debug] Container stderr: Traceback (most recent call last):
  File "<string>", line 3, in <module>
    obj = torch.load('/tmp/tmp3aquqbyl.pt', weights_only=False, map_location='cpu')
  File "/usr/local/lib/python3.13/dist-packages/torch/serialization.py", line 1610, in load
    return _load(
        opened_zipfile,
    ...<3 lines>...
        **pickle_load_args,
    )
  File "/usr/local/lib/python3.13/dist-packages/torch/serialization.py", line 2221, in _load
    result = unpickler.load()
  File "/usr/local/lib/python3.13/dist-packages/numpy/__init__.py", line 795, in __getattr__
    raise AttributeError(f"module {__name__!r} has no attribute {attr!r}")
AttributeError: module 'numpy' has no attribute 'runstring'. Did you mean: 'fromstring'?

Round 2 Complete: Valid=12/20, Bypasses=0, Mean Fitness=1.099, Opcode Cov=42.6%, Callable Cov=36.0%, Per-scanner evasions={'fickling': 20, 'modelscan': 2}

--- Round 3 / 5 ---
Unguided mode: uniform random callable selection.
Generated 20 candidate checkpoints (families: {'gadget': 4, 'overwritten': 3, 'pypi_injected': 4, 'external': 5, 'indirect_chain': 4}).
[validity-debug] Container failed with code 1
[validity-debug] Container stdout: 
[validity-debug] Container stderr: Traceback (most recent call last):
  File "<string>", line 3, in <module>
    obj = torch.load('/tmp/tmpamt6n1xj.pt', weights_only=False, map_location='cpu')
  File "/usr/local/lib/python3.13/dist-packages/torch/serialization.py", line 1610, in load
    return _load(
        opened_zipfile,
    ...<3 lines>...
        **pickle_load_args,
    )
  File "/usr/local/lib/python3.13/dist-packages/torch/serialization.py", line 2221, in _load
    result = unpickler.load()
  File "/usr/local/lib/python3.13/dist-packages/numpy/__init__.py", line 795, in __getattr__
    raise AttributeError(f"module {__name__!r} has no attribute {attr!r}")
AttributeError: module 'numpy' has no attribute 'runstring'. Did you mean: 'fromstring'?

[validity-debug] Container failed with code 1
[validity-debug] Container stdout: 
[validity-debug] Container stderr: Traceback (most recent call last):
  File "<string>", line 3, in <module>
    obj = torch.load('/tmp/tmpb8pedtdv.pt', weights_only=False, map_location='cpu')
  File "/usr/local/lib/python3.13/dist-packages/torch/serialization.py", line 1610, in load
    return _load(
        opened_zipfile,
    ...<3 lines>...
        **pickle_load_args,
    )
  File "/usr/local/lib/python3.13/dist-packages/torch/serialization.py", line 2221, in _load
    result = unpickler.load()
  File "/usr/local/lib/python3.13/dist-packages/numpy/__init__.py", line 795, in __getattr__
    raise AttributeError(f"module {__name__!r} has no attribute {attr!r}")
AttributeError: module 'numpy' has no attribute 'runstring'. Did you mean: 'fromstring'?

[validity-debug] Container failed with code 1
[validity-debug] Container stdout: 
[validity-debug] Container stderr: Traceback (most recent call last):
  File "<string>", line 3, in <module>
    obj = torch.load('/tmp/tmp_d6_73uk.pt', weights_only=False, map_location='cpu')
  File "/usr/local/lib/python3.13/dist-packages/torch/serialization.py", line 1610, in load
    return _load(
        opened_zipfile,
    ...<3 lines>...
        **pickle_load_args,
    )
  File "/usr/local/lib/python3.13/dist-packages/torch/serialization.py", line 2221, in _load
    result = unpickler.load()
AttributeError: module 'IPython' has no attribute 'system'

[validity-debug] Container failed with code 1
[validity-debug] Container stdout: 
[validity-debug] Container stderr: Traceback (most recent call last):
  File "<string>", line 3, in <module>
    obj = torch.load('/tmp/tmprbcorfj5.pt', weights_only=False, map_location='cpu')
  File "/usr/local/lib/python3.13/dist-packages/torch/serialization.py", line 1610, in load
    return _load(
        opened_zipfile,
    ...<3 lines>...
        **pickle_load_args,
    )
  File "/usr/local/lib/python3.13/dist-packages/torch/serialization.py", line 2221, in _load
    result = unpickler.load()
AttributeError: module 'IPython' has no attribute 'system'

[validity-debug] Container failed with code 1
[validity-debug] Container stdout: 
[validity-debug] Container stderr: Traceback (most recent call last):
  File "<string>", line 3, in <module>
    obj = torch.load('/tmp/tmp0tjt749p.pt', weights_only=False, map_location='cpu')
  File "/usr/local/lib/python3.13/dist-packages/torch/serialization.py", line 1610, in load
    return _load(
        opened_zipfile,
    ...<3 lines>...
        **pickle_load_args,
    )
  File "/usr/local/lib/python3.13/dist-packages/torch/serialization.py", line 2221, in _load
    result = unpickler.load()
  File "/usr/local/lib/python3.13/dist-packages/numpy/__init__.py", line 795, in __getattr__
    raise AttributeError(f"module {__name__!r} has no attribute {attr!r}")
AttributeError: module 'numpy' has no attribute 'runstring'. Did you mean: 'fromstring'?

[validity-debug] Container failed with code 1
[validity-debug] Container stdout: 
[validity-debug] Container stderr: Traceback (most recent call last):
  File "<string>", line 3, in <module>
    obj = torch.load('/tmp/tmpb5h746jw.pt', weights_only=False, map_location='cpu')
  File "/usr/local/lib/python3.13/dist-packages/torch/serialization.py", line 1610, in load
    return _load(
        opened_zipfile,
    ...<3 lines>...
        **pickle_load_args,
    )
  File "/usr/local/lib/python3.13/dist-packages/torch/serialization.py", line 2221, in _load
    result = unpickler.load()
AttributeError: module 'IPython' has no attribute 'system'

Round 3 Complete: Valid=14/20, Bypasses=1, Mean Fitness=1.449, Opcode Cov=42.6%, Callable Cov=36.0%, Per-scanner evasions={'fickling': 20, 'modelscan': 4, 'picklescan': 1}

--- Round 4 / 5 ---
Unguided mode: uniform random callable selection.
Generated 20 candidate checkpoints (families: {'gadget': 6, 'overwritten': 1, 'pypi_injected': 6, 'external': 3, 'indirect_chain': 4}).
[validity-debug] Container failed with code 1
[validity-debug] Container stdout: 
[validity-debug] Container stderr: Traceback (most recent call last):
  File "<string>", line 3, in <module>
    obj = torch.load('/tmp/tmp1qu81uem.pt', weights_only=False, map_location='cpu')
  File "/usr/local/lib/python3.13/dist-packages/torch/serialization.py", line 1610, in load
    return _load(
        opened_zipfile,
    ...<3 lines>...
        **pickle_load_args,
    )
  File "/usr/local/lib/python3.13/dist-packages/torch/serialization.py", line 2221, in _load
    result = unpickler.load()
AttributeError: module 'IPython' has no attribute 'system'

[validity-debug] Container failed with code 1
[validity-debug] Container stdout: 
[validity-debug] Container stderr: Traceback (most recent call last):
  File "<string>", line 3, in <module>
    obj = torch.load('/tmp/tmpgf2qctw3.pt', weights_only=False, map_location='cpu')
  File "/usr/local/lib/python3.13/dist-packages/torch/serialization.py", line 1610, in load
    return _load(
        opened_zipfile,
    ...<3 lines>...
        **pickle_load_args,
    )
  File "/usr/local/lib/python3.13/dist-packages/torch/serialization.py", line 2221, in _load
    result = unpickler.load()
AttributeError: module 'IPython' has no attribute 'system'

[validity-debug] Container failed with code 1
[validity-debug] Container stdout: 
[validity-debug] Container stderr: Traceback (most recent call last):
  File "<string>", line 3, in <module>
    obj = torch.load('/tmp/tmpod93z13_.pt', weights_only=False, map_location='cpu')
  File "/usr/local/lib/python3.13/dist-packages/torch/serialization.py", line 1610, in load
    return _load(
        opened_zipfile,
    ...<3 lines>...
        **pickle_load_args,
    )
  File "/usr/local/lib/python3.13/dist-packages/torch/serialization.py", line 2221, in _load
    result = unpickler.load()
AttributeError: module 'IPython' has no attribute 'system'

[validity-debug] Container failed with code 1
[validity-debug] Container stdout: 
[validity-debug] Container stderr: Traceback (most recent call last):
  File "<string>", line 3, in <module>
    obj = torch.load('/tmp/tmp2va_jkih.pt', weights_only=False, map_location='cpu')
  File "/usr/local/lib/python3.13/dist-packages/torch/serialization.py", line 1610, in load
    return _load(
        opened_zipfile,
    ...<3 lines>...
        **pickle_load_args,
    )
  File "/usr/local/lib/python3.13/dist-packages/torch/serialization.py", line 2221, in _load
    result = unpickler.load()
  File "/usr/local/lib/python3.13/dist-packages/numpy/__init__.py", line 795, in __getattr__
    raise AttributeError(f"module {__name__!r} has no attribute {attr!r}")
AttributeError: module 'numpy' has no attribute 'runstring'. Did you mean: 'fromstring'?

Round 4 Complete: Valid=16/20, Bypasses=3, Mean Fitness=1.763, Opcode Cov=42.6%, Callable Cov=40.0%, Per-scanner evasions={'fickling': 20, 'modelscan': 6, 'picklescan': 3}

--- Round 5 / 5 ---
Unguided mode: uniform random callable selection.
Generated 20 candidate checkpoints (families: {'gadget': 6, 'overwritten': 2, 'pypi_injected': 4, 'external': 5, 'indirect_chain': 3}).
[validity-debug] Container failed with code 1
[validity-debug] Container stdout: 
[validity-debug] Container stderr: Traceback (most recent call last):
  File "<string>", line 3, in <module>
    obj = torch.load('/tmp/tmpjxrlwzkc.pt', weights_only=False, map_location='cpu')
  File "/usr/local/lib/python3.13/dist-packages/torch/serialization.py", line 1610, in load
    return _load(
        opened_zipfile,
    ...<3 lines>...
        **pickle_load_args,
    )
  File "/usr/local/lib/python3.13/dist-packages/torch/serialization.py", line 2221, in _load
    result = unpickler.load()
  File "/usr/local/lib/python3.13/dist-packages/numpy/__init__.py", line 795, in __getattr__
    raise AttributeError(f"module {__name__!r} has no attribute {attr!r}")
AttributeError: module 'numpy' has no attribute 'runstring'. Did you mean: 'fromstring'?

[validity-debug] Container failed with code 1
[validity-debug] Container stdout: 
[validity-debug] Container stderr: Traceback (most recent call last):
  File "<string>", line 3, in <module>
    obj = torch.load('/tmp/tmp7bqkz4i9.pt', weights_only=False, map_location='cpu')
  File "/usr/local/lib/python3.13/dist-packages/torch/serialization.py", line 1610, in load
    return _load(
        opened_zipfile,
    ...<3 lines>...
        **pickle_load_args,
    )
  File "/usr/local/lib/python3.13/dist-packages/torch/serialization.py", line 2221, in _load
    result = unpickler.load()
  File "/usr/local/lib/python3.13/dist-packages/numpy/__init__.py", line 795, in __getattr__
    raise AttributeError(f"module {__name__!r} has no attribute {attr!r}")
AttributeError: module 'numpy' has no attribute 'runstring'. Did you mean: 'fromstring'?

[validity-debug] Container failed with code 1
[validity-debug] Container stdout: 
[validity-debug] Container stderr: Traceback (most recent call last):
  File "<string>", line 3, in <module>
    obj = torch.load('/tmp/tmpiwgnjz3f.pt', weights_only=False, map_location='cpu')
  File "/usr/local/lib/python3.13/dist-packages/torch/serialization.py", line 1610, in load
    return _load(
        opened_zipfile,
    ...<3 lines>...
        **pickle_load_args,
    )
  File "/usr/local/lib/python3.13/dist-packages/torch/serialization.py", line 2221, in _load
    result = unpickler.load()
AttributeError: module 'IPython' has no attribute 'system'

[validity-debug] Container failed with code 1
[validity-debug] Container stdout: 
[validity-debug] Container stderr: Traceback (most recent call last):
  File "<string>", line 3, in <module>
    obj = torch.load('/tmp/tmpamx11zgu.pt', weights_only=False, map_location='cpu')
  File "/usr/local/lib/python3.13/dist-packages/torch/serialization.py", line 1610, in load
    return _load(
        opened_zipfile,
    ...<3 lines>...
        **pickle_load_args,
    )
  File "/usr/local/lib/python3.13/dist-packages/torch/serialization.py", line 2221, in _load
    result = unpickler.load()
  File "/usr/local/lib/python3.13/dist-packages/numpy/__init__.py", line 795, in __getattr__
    raise AttributeError(f"module {__name__!r} has no attribute {attr!r}")
AttributeError: module 'numpy' has no attribute 'runstring'. Did you mean: 'fromstring'?

Round 5 Complete: Valid=16/20, Bypasses=3, Mean Fitness=1.713, Opcode Cov=42.6%, Callable Cov=52.0%, Per-scanner evasions={'fickling': 20, 'modelscan': 5, 'picklescan': 3}

Written fuzzing report to docs/fuzzing-report-unguided-r2.md
============================================================
CAMPAIGN COMPLETE (unguided, replicate 2)
  valid candidates : 72/100
  confirmed bypasses: 7
============================================================
[Mon Aug 24 08:10:41 PM +0530 2026] Completed unguided-current-r2 successfully

[Mon Aug 24 08:10:51 PM +0530 2026] Starting guided-current-r2 (seed=1338)...
============================================================
STARTING GUIDED FUZZING CAMPAIGN (replicate 2)
============================================================

--- Round 1 / 5 ---
Mutation params: op_swap=0.15, sub=0.15, fuzz=0.15
Generated 20 candidate checkpoints (families: {'gadget': 2, 'overwritten': 4, 'pypi_injected': 5, 'external': 4, 'indirect_chain': 5}).
[validity-debug] Container failed with code 1
[validity-debug] Container stdout: 
[validity-debug] Container stderr: Traceback (most recent call last):
  File "<string>", line 3, in <module>
    obj = torch.load('/tmp/tmp36e8klfi.pt', weights_only=False, map_location='cpu')
  File "/usr/local/lib/python3.13/dist-packages/torch/serialization.py", line 1610, in load
    return _load(
        opened_zipfile,
    ...<3 lines>...
        **pickle_load_args,
    )
  File "/usr/local/lib/python3.13/dist-packages/torch/serialization.py", line 2221, in _load
    result = unpickler.load()
  File "/usr/local/lib/python3.13/dist-packages/numpy/__init__.py", line 795, in __getattr__
    raise AttributeError(f"module {__name__!r} has no attribute {attr!r}")
AttributeError: module 'numpy' has no attribute 'runstring'. Did you mean: 'fromstring'?

Round 1 Complete: Valid=19/20, Bypasses=3, Mean Fitness=3.166, Opcode Cov=41.2%, Callable Cov=32.0%, Per-scanner evasions={'fickling': 20, 'modelscan': 6, 'picklescan': 3}

--- Round 2 / 5 ---
Mutation params: op_swap=0.20, sub=0.20, fuzz=0.20
Generated 20 candidate checkpoints (families: {'gadget': 3, 'overwritten': 0, 'pypi_injected': 12, 'external': 2, 'indirect_chain': 3}).
[validity-debug] Container failed with code 1
[validity-debug] Container stdout: 
[validity-debug] Container stderr: Traceback (most recent call last):
  File "<string>", line 3, in <module>
    obj = torch.load('/tmp/tmp7r0rm7s0.pt', weights_only=False, map_location='cpu')
  File "/usr/local/lib/python3.13/dist-packages/torch/serialization.py", line 1610, in load
    return _load(
        opened_zipfile,
    ...<3 lines>...
        **pickle_load_args,
    )
  File "/usr/local/lib/python3.13/dist-packages/torch/serialization.py", line 2221, in _load
    result = unpickler.load()
AttributeError: module 'IPython' has no attribute 'system'

[validity-debug] Container failed with code 1
[validity-debug] Container stdout: 
[validity-debug] Container stderr: Traceback (most recent call last):
  File "<string>", line 3, in <module>
    obj = torch.load('/tmp/tmprq2j_use.pt', weights_only=False, map_location='cpu')
  File "/usr/local/lib/python3.13/dist-packages/torch/serialization.py", line 1610, in load
    return _load(
        opened_zipfile,
    ...<3 lines>...
        **pickle_load_args,
    )
  File "/usr/local/lib/python3.13/dist-packages/torch/serialization.py", line 2221, in _load
    result = unpickler.load()
AttributeError: module 'IPython' has no attribute 'system'

[validity-debug] Container failed with code 1
[validity-debug] Container stdout: 
[validity-debug] Container stderr: Traceback (most recent call last):
  File "<string>", line 3, in <module>
    obj = torch.load('/tmp/tmpr4hfob73.pt', weights_only=False, map_location='cpu')
  File "/usr/local/lib/python3.13/dist-packages/torch/serialization.py", line 1610, in load
    return _load(
        opened_zipfile,
    ...<3 lines>...
        **pickle_load_args,
    )
  File "/usr/local/lib/python3.13/dist-packages/torch/serialization.py", line 2221, in _load
    result = unpickler.load()
AttributeError: module 'IPython' has no attribute 'system'

[validity-debug] Container failed with code 1
[validity-debug] Container stdout: 
[validity-debug] Container stderr: Traceback (most recent call last):
  File "<string>", line 3, in <module>
    obj = torch.load('/tmp/tmpwn9ntf2k.pt', weights_only=False, map_location='cpu')
  File "/usr/local/lib/python3.13/dist-packages/torch/serialization.py", line 1610, in load
    return _load(
        opened_zipfile,
    ...<3 lines>...
        **pickle_load_args,
    )
  File "/usr/local/lib/python3.13/dist-packages/torch/serialization.py", line 2221, in _load
    result = unpickler.load()
AttributeError: module 'IPython' has no attribute 'system'

[validity-debug] Container failed with code 1
[validity-debug] Container stdout: 
[validity-debug] Container stderr: Traceback (most recent call last):
  File "<string>", line 3, in <module>
    obj = torch.load('/tmp/tmpuinrnls8.pt', weights_only=False, map_location='cpu')
  File "/usr/local/lib/python3.13/dist-packages/torch/serialization.py", line 1610, in load
    return _load(
        opened_zipfile,
    ...<3 lines>...
        **pickle_load_args,
    )
  File "/usr/local/lib/python3.13/dist-packages/torch/serialization.py", line 2221, in _load
    result = unpickler.load()
  File "/usr/local/lib/python3.13/dist-packages/numpy/__init__.py", line 795, in __getattr__
    raise AttributeError(f"module {__name__!r} has no attribute {attr!r}")
AttributeError: module 'numpy' has no attribute 'runstring'. Did you mean: 'fromstring'?

[validity-debug] Container failed with code 1
[validity-debug] Container stdout: 
[validity-debug] Container stderr: Traceback (most recent call last):
  File "<string>", line 3, in <module>
    obj = torch.load('/tmp/tmpkyhj0y1e.pt', weights_only=False, map_location='cpu')
  File "/usr/local/lib/python3.13/dist-packages/torch/serialization.py", line 1610, in load
    return _load(
        opened_zipfile,
    ...<3 lines>...
        **pickle_load_args,
    )
  File "/usr/local/lib/python3.13/dist-packages/torch/serialization.py", line 2221, in _load
    result = unpickler.load()
AttributeError: module 'IPython' has no attribute 'system'

Round 2 Complete: Valid=13/20, Bypasses=0, Mean Fitness=1.763, Opcode Cov=42.6%, Callable Cov=36.0%, Per-scanner evasions={'fickling': 20, 'modelscan': 1}

--- Round 3 / 5 ---
Mutation params: op_swap=0.25, sub=0.25, fuzz=0.25
Generated 20 candidate checkpoints (families: {'gadget': 2, 'overwritten': 3, 'pypi_injected': 12, 'external': 1, 'indirect_chain': 2}).
[validity-debug] Container failed with code 1
[validity-debug] Container stdout: 
[validity-debug] Container stderr: Traceback (most recent call last):
  File "<string>", line 3, in <module>
    obj = torch.load('/tmp/tmpo28vkmq1.pt', weights_only=False, map_location='cpu')
  File "/usr/local/lib/python3.13/dist-packages/torch/serialization.py", line 1610, in load
    return _load(
        opened_zipfile,
    ...<3 lines>...
        **pickle_load_args,
    )
  File "/usr/local/lib/python3.13/dist-packages/torch/serialization.py", line 2221, in _load
    result = unpickler.load()
AttributeError: module 'IPython' has no attribute 'system'

[validity-debug] Container failed with code 1
[validity-debug] Container stdout: 
[validity-debug] Container stderr: Traceback (most recent call last):
  File "<string>", line 3, in <module>
    obj = torch.load('/tmp/tmpfn7bz8r7.pt', weights_only=False, map_location='cpu')
  File "/usr/local/lib/python3.13/dist-packages/torch/serialization.py", line 1610, in load
    return _load(
        opened_zipfile,
    ...<3 lines>...
        **pickle_load_args,
    )
  File "/usr/local/lib/python3.13/dist-packages/torch/serialization.py", line 2221, in _load
    result = unpickler.load()
AttributeError: module 'IPython' has no attribute 'system'

[validity-debug] Container failed with code 1
[validity-debug] Container stdout: 
[validity-debug] Container stderr: Traceback (most recent call last):
  File "<string>", line 3, in <module>
    obj = torch.load('/tmp/tmph0g2ph7a.pt', weights_only=False, map_location='cpu')
  File "/usr/local/lib/python3.13/dist-packages/torch/serialization.py", line 1610, in load
    return _load(
        opened_zipfile,
    ...<3 lines>...
        **pickle_load_args,
    )
  File "/usr/local/lib/python3.13/dist-packages/torch/serialization.py", line 2221, in _load
    result = unpickler.load()
AttributeError: module 'IPython' has no attribute 'system'

[validity-debug] Container failed with code 1
[validity-debug] Container stdout: 
[validity-debug] Container stderr: Traceback (most recent call last):
  File "<string>", line 3, in <module>
    obj = torch.load('/tmp/tmpz7r3rud0.pt', weights_only=False, map_location='cpu')
  File "/usr/local/lib/python3.13/dist-packages/torch/serialization.py", line 1610, in load
    return _load(
        opened_zipfile,
    ...<3 lines>...
        **pickle_load_args,
    )
  File "/usr/local/lib/python3.13/dist-packages/torch/serialization.py", line 2221, in _load
    result = unpickler.load()
AttributeError: module 'IPython' has no attribute 'system'

[validity-debug] Container failed with code 1
[validity-debug] Container stdout: 
[validity-debug] Container stderr: Traceback (most recent call last):
  File "<string>", line 3, in <module>
    obj = torch.load('/tmp/tmpq9y1jj8k.pt', weights_only=False, map_location='cpu')
  File "/usr/local/lib/python3.13/dist-packages/torch/serialization.py", line 1610, in load
    return _load(
        opened_zipfile,
    ...<3 lines>...
        **pickle_load_args,
    )
  File "/usr/local/lib/python3.13/dist-packages/torch/serialization.py", line 2221, in _load
    result = unpickler.load()
AttributeError: module 'IPython' has no attribute 'system'

[validity-debug] Container failed with code 1
[validity-debug] Container stdout: 
[validity-debug] Container stderr: Traceback (most recent call last):
  File "<string>", line 3, in <module>
    obj = torch.load('/tmp/tmpxznyielb.pt', weights_only=False, map_location='cpu')
  File "/usr/local/lib/python3.13/dist-packages/torch/serialization.py", line 1610, in load
    return _load(
        opened_zipfile,
    ...<3 lines>...
        **pickle_load_args,
    )
  File "/usr/local/lib/python3.13/dist-packages/torch/serialization.py", line 2221, in _load
    result = unpickler.load()
AttributeError: module 'IPython' has no attribute 'system'

[validity-debug] Container failed with code 1
[validity-debug] Container stdout: 
[validity-debug] Container stderr: Traceback (most recent call last):
  File "<string>", line 3, in <module>
    obj = torch.load('/tmp/tmpprdu395a.pt', weights_only=False, map_location='cpu')
  File "/usr/local/lib/python3.13/dist-packages/torch/serialization.py", line 1610, in load
    return _load(
        opened_zipfile,
    ...<3 lines>...
        **pickle_load_args,
    )
  File "/usr/local/lib/python3.13/dist-packages/torch/serialization.py", line 2221, in _load
    result = unpickler.load()
  File "/usr/local/lib/python3.13/dist-packages/numpy/__init__.py", line 795, in __getattr__
    raise AttributeError(f"module {__name__!r} has no attribute {attr!r}")
AttributeError: module 'numpy' has no attribute 'runstring'. Did you mean: 'fromstring'?

Round 3 Complete: Valid=13/20, Bypasses=0, Mean Fitness=1.610, Opcode Cov=42.6%, Callable Cov=40.0%, Per-scanner evasions={'fickling': 20}

--- Round 4 / 5 ---
Mutation params: op_swap=0.30, sub=0.30, fuzz=0.30
Generated 20 candidate checkpoints (families: {'gadget': 2, 'overwritten': 4, 'pypi_injected': 8, 'external': 4, 'indirect_chain': 2}).
[validity-debug] Container failed with code 1
[validity-debug] Container stdout: 
[validity-debug] Container stderr: Traceback (most recent call last):
  File "<string>", line 3, in <module>
    obj = torch.load('/tmp/tmpzlwfkfxc.pt', weights_only=False, map_location='cpu')
  File "/usr/local/lib/python3.13/dist-packages/torch/serialization.py", line 1610, in load
    return _load(
        opened_zipfile,
    ...<3 lines>...
        **pickle_load_args,
    )
  File "/usr/local/lib/python3.13/dist-packages/torch/serialization.py", line 2221, in _load
    result = unpickler.load()
AttributeError: module 'IPython' has no attribute 'system'

[validity-debug] Container failed with code 1
[validity-debug] Container stdout: 
[validity-debug] Container stderr: Traceback (most recent call last):
  File "<string>", line 3, in <module>
    obj = torch.load('/tmp/tmpry00dsn2.pt', weights_only=False, map_location='cpu')
  File "/usr/local/lib/python3.13/dist-packages/torch/serialization.py", line 1610, in load
    return _load(
        opened_zipfile,
    ...<3 lines>...
        **pickle_load_args,
    )
  File "/usr/local/lib/python3.13/dist-packages/torch/serialization.py", line 2221, in _load
    result = unpickler.load()
AttributeError: module 'IPython' has no attribute 'system'

[validity-debug] Container failed with code 1
[validity-debug] Container stdout: 
[validity-debug] Container stderr: Traceback (most recent call last):
  File "<string>", line 3, in <module>
    obj = torch.load('/tmp/tmptc69qdlh.pt', weights_only=False, map_location='cpu')
  File "/usr/local/lib/python3.13/dist-packages/torch/serialization.py", line 1610, in load
    return _load(
        opened_zipfile,
    ...<3 lines>...
        **pickle_load_args,
    )
  File "/usr/local/lib/python3.13/dist-packages/torch/serialization.py", line 2221, in _load
    result = unpickler.load()
AttributeError: module 'IPython' has no attribute 'system'

[validity-debug] Container failed with code 1
[validity-debug] Container stdout: 
[validity-debug] Container stderr: Traceback (most recent call last):
  File "<string>", line 3, in <module>
    obj = torch.load('/tmp/tmpq6ekkqi2.pt', weights_only=False, map_location='cpu')
  File "/usr/local/lib/python3.13/dist-packages/torch/serialization.py", line 1610, in load
    return _load(
        opened_zipfile,
    ...<3 lines>...
        **pickle_load_args,
    )
  File "/usr/local/lib/python3.13/dist-packages/torch/serialization.py", line 2221, in _load
    result = unpickler.load()
AttributeError: module 'IPython' has no attribute 'system'

[validity-debug] Container failed with code 1
[validity-debug] Container stdout: 
[validity-debug] Container stderr: Traceback (most recent call last):
  File "<string>", line 3, in <module>
    obj = torch.load('/tmp/tmpfuywppl8.pt', weights_only=False, map_location='cpu')
  File "/usr/local/lib/python3.13/dist-packages/torch/serialization.py", line 1610, in load
    return _load(
        opened_zipfile,
    ...<3 lines>...
        **pickle_load_args,
    )
  File "/usr/local/lib/python3.13/dist-packages/torch/serialization.py", line 2221, in _load
    result = unpickler.load()
  File "/usr/local/lib/python3.13/dist-packages/numpy/__init__.py", line 795, in __getattr__
    raise AttributeError(f"module {__name__!r} has no attribute {attr!r}")
AttributeError: module 'numpy' has no attribute 'runstring'. Did you mean: 'fromstring'?

[validity-debug] Container failed with code 1
[validity-debug] Container stdout: 
[validity-debug] Container stderr: Traceback (most recent call last):
  File "<string>", line 3, in <module>
    obj = torch.load('/tmp/tmp_ie43qtn.pt', weights_only=False, map_location='cpu')
  File "/usr/local/lib/python3.13/dist-packages/torch/serialization.py", line 1610, in load
    return _load(
        opened_zipfile,
    ...<3 lines>...
        **pickle_load_args,
    )
  File "/usr/local/lib/python3.13/dist-packages/torch/serialization.py", line 2221, in _load
    result = unpickler.load()
  File "/usr/local/lib/python3.13/dist-packages/numpy/__init__.py", line 795, in __getattr__
    raise AttributeError(f"module {__name__!r} has no attribute {attr!r}")
AttributeError: module 'numpy' has no attribute 'runstring'. Did you mean: 'fromstring'?

[validity-debug] Container failed with code 1
[validity-debug] Container stdout: 
[validity-debug] Container stderr: Traceback (most recent call last):
  File "<string>", line 3, in <module>
    obj = torch.load('/tmp/tmptrxm507a.pt', weights_only=False, map_location='cpu')
  File "/usr/local/lib/python3.13/dist-packages/torch/serialization.py", line 1610, in load
    return _load(
        opened_zipfile,
    ...<3 lines>...
        **pickle_load_args,
    )
  File "/usr/local/lib/python3.13/dist-packages/torch/serialization.py", line 2221, in _load
    result = unpickler.load()
  File "/usr/local/lib/python3.13/dist-packages/numpy/__init__.py", line 795, in __getattr__
    raise AttributeError(f"module {__name__!r} has no attribute {attr!r}")
AttributeError: module 'numpy' has no attribute 'runstring'. Did you mean: 'fromstring'?

Round 4 Complete: Valid=13/20, Bypasses=0, Mean Fitness=1.537, Opcode Cov=42.6%, Callable Cov=40.0%, Per-scanner evasions={'fickling': 20, 'modelscan': 1}

--- Round 5 / 5 ---
Mutation params: op_swap=0.35, sub=0.35, fuzz=0.35
Generated 20 candidate checkpoints (families: {'gadget': 3, 'overwritten': 2, 'pypi_injected': 8, 'external': 3, 'indirect_chain': 4}).
[validity-debug] Container failed with code 1
[validity-debug] Container stdout: 
[validity-debug] Container stderr: Traceback (most recent call last):
  File "<string>", line 3, in <module>
    obj = torch.load('/tmp/tmp_ohs_fj3.pt', weights_only=False, map_location='cpu')
  File "/usr/local/lib/python3.13/dist-packages/torch/serialization.py", line 1610, in load
    return _load(
        opened_zipfile,
    ...<3 lines>...
        **pickle_load_args,
    )
  File "/usr/local/lib/python3.13/dist-packages/torch/serialization.py", line 2221, in _load
    result = unpickler.load()
  File "/usr/local/lib/python3.13/dist-packages/torch/serialization.py", line 2210, in find_class
    return super().find_class(mod_name, name)
           ~~~~~~~~~~~~~~~~~~^^^^^^^^^^^^^^^^
AttributeError: Can't get attribute 'popen' on <module 'platform' from '/usr/lib/python3.13/platform.py'>

[validity-debug] Container failed with code 1
[validity-debug] Container stdout: 
[validity-debug] Container stderr: Traceback (most recent call last):
  File "<string>", line 3, in <module>
    obj = torch.load('/tmp/tmpb105m487.pt', weights_only=False, map_location='cpu')
  File "/usr/local/lib/python3.13/dist-packages/torch/serialization.py", line 1610, in load
    return _load(
        opened_zipfile,
    ...<3 lines>...
        **pickle_load_args,
    )
  File "/usr/local/lib/python3.13/dist-packages/torch/serialization.py", line 2221, in _load
    result = unpickler.load()
AttributeError: module 'IPython' has no attribute 'system'

[validity-debug] Container failed with code 1
[validity-debug] Container stdout: 
[validity-debug] Container stderr: Traceback (most recent call last):
  File "<string>", line 3, in <module>
    obj = torch.load('/tmp/tmpe3zw9417.pt', weights_only=False, map_location='cpu')
  File "/usr/local/lib/python3.13/dist-packages/torch/serialization.py", line 1610, in load
    return _load(
        opened_zipfile,
    ...<3 lines>...
        **pickle_load_args,
    )
  File "/usr/local/lib/python3.13/dist-packages/torch/serialization.py", line 2221, in _load
    result = unpickler.load()
  File "/usr/local/lib/python3.13/dist-packages/numpy/__init__.py", line 795, in __getattr__
    raise AttributeError(f"module {__name__!r} has no attribute {attr!r}")
AttributeError: module 'numpy' has no attribute 'runstring'. Did you mean: 'fromstring'?

[validity-debug] Container failed with code 1
[validity-debug] Container stdout: 
[validity-debug] Container stderr: Traceback (most recent call last):
  File "<string>", line 3, in <module>
    obj = torch.load('/tmp/tmpl49x7jim.pt', weights_only=False, map_location='cpu')
  File "/usr/local/lib/python3.13/dist-packages/torch/serialization.py", line 1610, in load
    return _load(
        opened_zipfile,
    ...<3 lines>...
        **pickle_load_args,
    )
  File "/usr/local/lib/python3.13/dist-packages/torch/serialization.py", line 2221, in _load
    result = unpickler.load()
AttributeError: module 'IPython' has no attribute 'system'

[validity-debug] Container failed with code 1
[validity-debug] Container stdout: 
[validity-debug] Container stderr: Traceback (most recent call last):
  File "<string>", line 3, in <module>
    obj = torch.load('/tmp/tmp2o6p142q.pt', weights_only=False, map_location='cpu')
  File "/usr/local/lib/python3.13/dist-packages/torch/serialization.py", line 1610, in load
    return _load(
        opened_zipfile,
    ...<3 lines>...
        **pickle_load_args,
    )
  File "/usr/local/lib/python3.13/dist-packages/torch/serialization.py", line 2221, in _load
    result = unpickler.load()
  File "/usr/local/lib/python3.13/dist-packages/numpy/__init__.py", line 795, in __getattr__
    raise AttributeError(f"module {__name__!r} has no attribute {attr!r}")
AttributeError: module 'numpy' has no attribute 'runstring'. Did you mean: 'fromstring'?

[validity-debug] Container failed with code 1
[validity-debug] Container stdout: 
[validity-debug] Container stderr: Traceback (most recent call last):
  File "<string>", line 3, in <module>
    obj = torch.load('/tmp/tmp17jddtj_.pt', weights_only=False, map_location='cpu')
  File "/usr/local/lib/python3.13/dist-packages/torch/serialization.py", line 1610, in load
    return _load(
        opened_zipfile,
    ...<3 lines>...
        **pickle_load_args,
    )
  File "/usr/local/lib/python3.13/dist-packages/torch/serialization.py", line 2221, in _load
    result = unpickler.load()
AttributeError: module 'IPython' has no attribute 'system'

[validity-debug] Container failed with code 1
[validity-debug] Container stdout: 
[validity-debug] Container stderr: Traceback (most recent call last):
  File "<string>", line 3, in <module>
    obj = torch.load('/tmp/tmpuhfp4yhh.pt', weights_only=False, map_location='cpu')
  File "/usr/local/lib/python3.13/dist-packages/torch/serialization.py", line 1610, in load
    return _load(
        opened_zipfile,
    ...<3 lines>...
        **pickle_load_args,
    )
  File "/usr/local/lib/python3.13/dist-packages/torch/serialization.py", line 2221, in _load
    result = unpickler.load()
AttributeError: module 'IPython' has no attribute 'system'

[validity-debug] Container failed with code 1
[validity-debug] Container stdout: 
[validity-debug] Container stderr: Traceback (most recent call last):
  File "<string>", line 3, in <module>
    obj = torch.load('/tmp/tmpqv09vj3i.pt', weights_only=False, map_location='cpu')
  File "/usr/local/lib/python3.13/dist-packages/torch/serialization.py", line 1610, in load
    return _load(
        opened_zipfile,
    ...<3 lines>...
        **pickle_load_args,
    )
  File "/usr/local/lib/python3.13/dist-packages/torch/serialization.py", line 2221, in _load
    result = unpickler.load()
AttributeError: module 'IPython' has no attribute 'system'

[validity-debug] Container failed with code 1
[validity-debug] Container stdout: 
[validity-debug] Container stderr: Traceback (most recent call last):
  File "<string>", line 3, in <module>
    obj = torch.load('/tmp/tmpogiiczyx.pt', weights_only=False, map_location='cpu')
  File "/usr/local/lib/python3.13/dist-packages/torch/serialization.py", line 1610, in load
    return _load(
        opened_zipfile,
    ...<3 lines>...
        **pickle_load_args,
    )
  File "/usr/local/lib/python3.13/dist-packages/torch/serialization.py", line 2221, in _load
    result = unpickler.load()
  File "/usr/local/lib/python3.13/dist-packages/numpy/__init__.py", line 795, in __getattr__
    raise AttributeError(f"module {__name__!r} has no attribute {attr!r}")
AttributeError: module 'numpy' has no attribute 'runstring'. Did you mean: 'fromstring'?

[validity-debug] Container failed with code 1
[validity-debug] Container stdout: 
[validity-debug] Container stderr: Traceback (most recent call last):
  File "<string>", line 3, in <module>
    obj = torch.load('/tmp/tmp2z8qru7f.pt', weights_only=False, map_location='cpu')
  File "/usr/local/lib/python3.13/dist-packages/torch/serialization.py", line 1610, in load
    return _load(
        opened_zipfile,
    ...<3 lines>...
        **pickle_load_args,
    )
  File "/usr/local/lib/python3.13/dist-packages/torch/serialization.py", line 2221, in _load
    result = unpickler.load()
  File "/usr/local/lib/python3.13/dist-packages/numpy/__init__.py", line 795, in __getattr__
    raise AttributeError(f"module {__name__!r} has no attribute {attr!r}")
AttributeError: module 'numpy' has no attribute 'runstring'. Did you mean: 'fromstring'?

Round 5 Complete: Valid=10/20, Bypasses=0, Mean Fitness=0.998, Opcode Cov=42.6%, Callable Cov=44.0%, Per-scanner evasions={'fickling': 20}

Written fuzzing report to docs/fuzzing-report-guided-r2.md
============================================================
CAMPAIGN COMPLETE (guided, replicate 2)
  valid candidates : 68/100
  confirmed bypasses: 3
============================================================
[Mon Aug 24 08:21:16 PM +0530 2026] Completed guided-current-r2 successfully

[Mon Aug 24 08:21:26 PM +0530 2026] Starting guided-oracle_dominant-r3 (seed=1339)...
============================================================
STARTING GUIDED FUZZING CAMPAIGN (replicate 3)
============================================================

--- Round 1 / 5 ---
Mutation params: op_swap=0.15, sub=0.15, fuzz=0.15
Generated 20 candidate checkpoints (families: {'gadget': 2, 'overwritten': 4, 'pypi_injected': 5, 'external': 7, 'indirect_chain': 2}).
[validity-debug] Container failed with code 1
[validity-debug] Container stdout: 
[validity-debug] Container stderr: Traceback (most recent call last):
  File "<string>", line 3, in <module>
    obj = torch.load('/tmp/tmp6wv2qidm.pt', weights_only=False, map_location='cpu')
  File "/usr/local/lib/python3.13/dist-packages/torch/serialization.py", line 1610, in load
    return _load(
        opened_zipfile,
    ...<3 lines>...
        **pickle_load_args,
    )
  File "/usr/local/lib/python3.13/dist-packages/torch/serialization.py", line 2221, in _load
    result = unpickler.load()
  File "/usr/local/lib/python3.13/dist-packages/numpy/__init__.py", line 795, in __getattr__
    raise AttributeError(f"module {__name__!r} has no attribute {attr!r}")
AttributeError: module 'numpy' has no attribute 'runstring'. Did you mean: 'fromstring'?

[validity-debug] Container failed with code 1
[validity-debug] Container stdout: 
[validity-debug] Container stderr: Traceback (most recent call last):
  File "<string>", line 3, in <module>
    obj = torch.load('/tmp/tmp6juequc2.pt', weights_only=False, map_location='cpu')
  File "/usr/local/lib/python3.13/dist-packages/torch/serialization.py", line 1610, in load
    return _load(
        opened_zipfile,
    ...<3 lines>...
        **pickle_load_args,
    )
  File "/usr/local/lib/python3.13/dist-packages/torch/serialization.py", line 2221, in _load
    result = unpickler.load()
  File "/usr/local/lib/python3.13/dist-packages/numpy/__init__.py", line 795, in __getattr__
    raise AttributeError(f"module {__name__!r} has no attribute {attr!r}")
AttributeError: module 'numpy' has no attribute 'runstring'. Did you mean: 'fromstring'?

[validity-debug] Container failed with code 1
[validity-debug] Container stdout: 
[validity-debug] Container stderr: Traceback (most recent call last):
  File "<string>", line 3, in <module>
    obj = torch.load('/tmp/tmpyfmp3874.pt', weights_only=False, map_location='cpu')
  File "/usr/local/lib/python3.13/dist-packages/torch/serialization.py", line 1610, in load
    return _load(
        opened_zipfile,
    ...<3 lines>...
        **pickle_load_args,
    )
  File "/usr/local/lib/python3.13/dist-packages/torch/serialization.py", line 2221, in _load
    result = unpickler.load()
  File "/usr/local/lib/python3.13/dist-packages/numpy/__init__.py", line 795, in __getattr__
    raise AttributeError(f"module {__name__!r} has no attribute {attr!r}")
AttributeError: module 'numpy' has no attribute 'runstring'. Did you mean: 'fromstring'?

[validity-debug] Container failed with code 1
[validity-debug] Container stdout: 
[validity-debug] Container stderr: Traceback (most recent call last):
  File "<string>", line 3, in <module>
    obj = torch.load('/tmp/tmp1k0xsito.pt', weights_only=False, map_location='cpu')
  File "/usr/local/lib/python3.13/dist-packages/torch/serialization.py", line 1610, in load
    return _load(
        opened_zipfile,
    ...<3 lines>...
        **pickle_load_args,
    )
  File "/usr/local/lib/python3.13/dist-packages/torch/serialization.py", line 2221, in _load
    result = unpickler.load()
  File "/usr/local/lib/python3.13/dist-packages/numpy/__init__.py", line 795, in __getattr__
    raise AttributeError(f"module {__name__!r} has no attribute {attr!r}")
AttributeError: module 'numpy' has no attribute 'runstring'. Did you mean: 'fromstring'?

[validity-debug] Container failed with code 125
[validity-debug] Container stdout: 
[validity-debug] Container stderr: python3: invalid option -- 'c'
Try 'python3 --help' for more information.

[validity-debug] Container failed with code 1
[validity-debug] Container stdout: 
[validity-debug] Container stderr: Traceback (most recent call last):
  File "<string>", line 3, in <module>
    obj = torch.load('/tmp/tmp4s0n6c78.pt', weights_only=False, map_location='cpu')
  File "/usr/local/lib/python3.13/dist-packages/torch/serialization.py", line 1610, in load
    return _load(
        opened_zipfile,
    ...<3 lines>...
        **pickle_load_args,
    )
  File "/usr/local/lib/python3.13/dist-packages/torch/serialization.py", line 2221, in _load
    result = unpickler.load()
AttributeError: module 'IPython' has no attribute 'system'

Round 1 Complete: Valid=14/20, Bypasses=0, Mean Fitness=3539.771, Opcode Cov=42.6%, Callable Cov=32.0%, Per-scanner evasions={'fickling': 20, 'modelscan': 3}

--- Round 2 / 5 ---
Mutation params: op_swap=0.20, sub=0.20, fuzz=0.20
Generated 20 candidate checkpoints (families: {'gadget': 2, 'overwritten': 5, 'pypi_injected': 4, 'external': 3, 'indirect_chain': 6}).
[validity-debug] Container failed with code 1
[validity-debug] Container stdout: 
[validity-debug] Container stderr: Traceback (most recent call last):
  File "<string>", line 3, in <module>
    obj = torch.load('/tmp/tmpe149msz7.pt', weights_only=False, map_location='cpu')
  File "/usr/local/lib/python3.13/dist-packages/torch/serialization.py", line 1610, in load
    return _load(
        opened_zipfile,
    ...<3 lines>...
        **pickle_load_args,
    )
  File "/usr/local/lib/python3.13/dist-packages/torch/serialization.py", line 2221, in _load
    result = unpickler.load()
AttributeError: module 'IPython' has no attribute 'system'

[validity-debug] Container failed with code 1
[validity-debug] Container stdout: 
[validity-debug] Container stderr: Traceback (most recent call last):
  File "<string>", line 3, in <module>
    obj = torch.load('/tmp/tmpzk1ftqoa.pt', weights_only=False, map_location='cpu')
  File "/usr/local/lib/python3.13/dist-packages/torch/serialization.py", line 1610, in load
    return _load(
        opened_zipfile,
    ...<3 lines>...
        **pickle_load_args,
    )
  File "/usr/local/lib/python3.13/dist-packages/torch/serialization.py", line 2221, in _load
    result = unpickler.load()
AttributeError: module 'IPython' has no attribute 'system'

[validity-debug] Container failed with code 1
[validity-debug] Container stdout: 
[validity-debug] Container stderr: Traceback (most recent call last):
  File "<string>", line 3, in <module>
    obj = torch.load('/tmp/tmpxha_oqd7.pt', weights_only=False, map_location='cpu')
  File "/usr/local/lib/python3.13/dist-packages/torch/serialization.py", line 1610, in load
    return _load(
        opened_zipfile,
    ...<3 lines>...
        **pickle_load_args,
    )
  File "/usr/local/lib/python3.13/dist-packages/torch/serialization.py", line 2221, in _load
    result = unpickler.load()
  File "/usr/local/lib/python3.13/dist-packages/numpy/__init__.py", line 795, in __getattr__
    raise AttributeError(f"module {__name__!r} has no attribute {attr!r}")
AttributeError: module 'numpy' has no attribute 'runstring'. Did you mean: 'fromstring'?

[validity-debug] Container failed with code 1
[validity-debug] Container stdout: 
[validity-debug] Container stderr: Traceback (most recent call last):
  File "<string>", line 3, in <module>
    obj = torch.load('/tmp/tmpd_rk0e4i.pt', weights_only=False, map_location='cpu')
  File "/usr/local/lib/python3.13/dist-packages/torch/serialization.py", line 1610, in load
    return _load(
        opened_zipfile,
    ...<3 lines>...
        **pickle_load_args,
    )
  File "/usr/local/lib/python3.13/dist-packages/torch/serialization.py", line 2221, in _load
    result = unpickler.load()
AttributeError: module 'IPython' has no attribute 'system'

[validity-debug] Container failed with code 1
[validity-debug] Container stdout: 
[validity-debug] Container stderr: Traceback (most recent call last):
  File "<string>", line 3, in <module>
    obj = torch.load('/tmp/tmpsg36eaat.pt', weights_only=False, map_location='cpu')
  File "/usr/local/lib/python3.13/dist-packages/torch/serialization.py", line 1610, in load
    return _load(
        opened_zipfile,
    ...<3 lines>...
        **pickle_load_args,
    )
  File "/usr/local/lib/python3.13/dist-packages/torch/serialization.py", line 2221, in _load
    result = unpickler.load()
AttributeError: module 'IPython' has no attribute 'system'

Round 2 Complete: Valid=15/20, Bypasses=0, Mean Fitness=4040.433, Opcode Cov=42.6%, Callable Cov=32.0%, Per-scanner evasions={'fickling': 20, 'modelscan': 2}

--- Round 3 / 5 ---
Mutation params: op_swap=0.25, sub=0.25, fuzz=0.25
Generated 20 candidate checkpoints (families: {'gadget': 3, 'overwritten': 3, 'pypi_injected': 3, 'external': 2, 'indirect_chain': 9}).
[validity-debug] Container failed with code 1
[validity-debug] Container stdout: 
[validity-debug] Container stderr: Traceback (most recent call last):
  File "<string>", line 3, in <module>
    obj = torch.load('/tmp/tmp7in5_1w3.pt', weights_only=False, map_location='cpu')
  File "/usr/local/lib/python3.13/dist-packages/torch/serialization.py", line 1610, in load
    return _load(
        opened_zipfile,
    ...<3 lines>...
        **pickle_load_args,
    )
  File "/usr/local/lib/python3.13/dist-packages/torch/serialization.py", line 2221, in _load
    result = unpickler.load()
AttributeError: module 'IPython' has no attribute 'system'

[validity-debug] Container failed with code 1
[validity-debug] Container stdout: 
[validity-debug] Container stderr: Traceback (most recent call last):
  File "<string>", line 3, in <module>
    obj = torch.load('/tmp/tmpxfr2vgzl.pt', weights_only=False, map_location='cpu')
  File "/usr/local/lib/python3.13/dist-packages/torch/serialization.py", line 1610, in load
    return _load(
        opened_zipfile,
    ...<3 lines>...
        **pickle_load_args,
    )
  File "/usr/local/lib/python3.13/dist-packages/torch/serialization.py", line 2221, in _load
    result = unpickler.load()
AttributeError: module 'IPython' has no attribute 'system'

[validity-debug] Container failed with code 1
[validity-debug] Container stdout: 
[validity-debug] Container stderr: Traceback (most recent call last):
  File "<string>", line 3, in <module>
    obj = torch.load('/tmp/tmpdyd4ommf.pt', weights_only=False, map_location='cpu')
  File "/usr/local/lib/python3.13/dist-packages/torch/serialization.py", line 1610, in load
    return _load(
        opened_zipfile,
    ...<3 lines>...
        **pickle_load_args,
    )
  File "/usr/local/lib/python3.13/dist-packages/torch/serialization.py", line 2221, in _load
    result = unpickler.load()
  File "/usr/local/lib/python3.13/dist-packages/numpy/__init__.py", line 795, in __getattr__
    raise AttributeError(f"module {__name__!r} has no attribute {attr!r}")
AttributeError: module 'numpy' has no attribute 'runstring'. Did you mean: 'fromstring'?

Round 3 Complete: Valid=17/20, Bypasses=0, Mean Fitness=6523.204, Opcode Cov=42.6%, Callable Cov=32.0%, Per-scanner evasions={'fickling': 20, 'modelscan': 1}

--- Round 4 / 5 ---
Mutation params: op_swap=0.30, sub=0.30, fuzz=0.30
Generated 20 candidate checkpoints (families: {'gadget': 2, 'overwritten': 5, 'pypi_injected': 4, 'external': 1, 'indirect_chain': 8}).
[validity-debug] Container failed with code 1
[validity-debug] Container stdout: 
[validity-debug] Container stderr: Traceback (most recent call last):
  File "<string>", line 3, in <module>
    obj = torch.load('/tmp/tmp7dbnmiu1.pt', weights_only=False, map_location='cpu')
  File "/usr/local/lib/python3.13/dist-packages/torch/serialization.py", line 1610, in load
    return _load(
        opened_zipfile,
    ...<3 lines>...
        **pickle_load_args,
    )
  File "/usr/local/lib/python3.13/dist-packages/torch/serialization.py", line 2221, in _load
    result = unpickler.load()
AttributeError: module 'IPython' has no attribute 'system'

[validity-debug] Container failed with code 1
[validity-debug] Container stdout: 
[validity-debug] Container stderr: Traceback (most recent call last):
  File "<string>", line 3, in <module>
    obj = torch.load('/tmp/tmphwgi3q4x.pt', weights_only=False, map_location='cpu')
  File "/usr/local/lib/python3.13/dist-packages/torch/serialization.py", line 1610, in load
    return _load(
        opened_zipfile,
    ...<3 lines>...
        **pickle_load_args,
    )
  File "/usr/local/lib/python3.13/dist-packages/torch/serialization.py", line 2221, in _load
    result = unpickler.load()
AttributeError: module 'IPython' has no attribute 'system'

[validity-debug] Container failed with code 1
[validity-debug] Container stdout: 
[validity-debug] Container stderr: Traceback (most recent call last):
  File "<string>", line 3, in <module>
    obj = torch.load('/tmp/tmpuq7x6pwk.pt', weights_only=False, map_location='cpu')
  File "/usr/local/lib/python3.13/dist-packages/torch/serialization.py", line 1610, in load
    return _load(
        opened_zipfile,
    ...<3 lines>...
        **pickle_load_args,
    )
  File "/usr/local/lib/python3.13/dist-packages/torch/serialization.py", line 2221, in _load
    result = unpickler.load()
  File "/usr/local/lib/python3.13/dist-packages/numpy/__init__.py", line 795, in __getattr__
    raise AttributeError(f"module {__name__!r} has no attribute {attr!r}")
AttributeError: module 'numpy' has no attribute 'runstring'. Did you mean: 'fromstring'?

[validity-debug] Container failed with code 1
[validity-debug] Container stdout: 
[validity-debug] Container stderr: Traceback (most recent call last):
  File "<string>", line 3, in <module>
    obj = torch.load('/tmp/tmpbus805y4.pt', weights_only=False, map_location='cpu')
  File "/usr/local/lib/python3.13/dist-packages/torch/serialization.py", line 1610, in load
    return _load(
        opened_zipfile,
    ...<3 lines>...
        **pickle_load_args,
    )
  File "/usr/local/lib/python3.13/dist-packages/torch/serialization.py", line 2221, in _load
    result = unpickler.load()
AttributeError: module 'IPython' has no attribute 'system'

[validity-debug] Container failed with code 1
[validity-debug] Container stdout: 
[validity-debug] Container stderr: Traceback (most recent call last):
  File "<string>", line 3, in <module>
    obj = torch.load('/tmp/tmp39yoq7zu.pt', weights_only=False, map_location='cpu')
  File "/usr/local/lib/python3.13/dist-packages/torch/serialization.py", line 1610, in load
    return _load(
        opened_zipfile,
    ...<3 lines>...
        **pickle_load_args,
    )
  File "/usr/local/lib/python3.13/dist-packages/torch/serialization.py", line 2221, in _load
    result = unpickler.load()
AttributeError: module 'IPython' has no attribute 'system'

Round 4 Complete: Valid=15/20, Bypasses=0, Mean Fitness=5026.356, Opcode Cov=42.6%, Callable Cov=32.0%, Per-scanner evasions={'fickling': 20}

--- Round 5 / 5 ---
Mutation params: op_swap=0.35, sub=0.35, fuzz=0.35
Generated 20 candidate checkpoints (families: {'gadget': 6, 'overwritten': 4, 'pypi_injected': 0, 'external': 2, 'indirect_chain': 8}).
[validity-debug] Container failed with code 1
[validity-debug] Container stdout: 
[validity-debug] Container stderr: Traceback (most recent call last):
  File "<string>", line 3, in <module>
    obj = torch.load('/tmp/tmpwvd54bke.pt', weights_only=False, map_location='cpu')
  File "/usr/local/lib/python3.13/dist-packages/torch/serialization.py", line 1610, in load
    return _load(
        opened_zipfile,
    ...<3 lines>...
        **pickle_load_args,
    )
  File "/usr/local/lib/python3.13/dist-packages/torch/serialization.py", line 2221, in _load
    result = unpickler.load()
  File "/usr/local/lib/python3.13/dist-packages/numpy/__init__.py", line 795, in __getattr__
    raise AttributeError(f"module {__name__!r} has no attribute {attr!r}")
AttributeError: module 'numpy' has no attribute 'runstring'. Did you mean: 'fromstring'?

[validity-debug] Container failed with code 1
[validity-debug] Container stdout: 
[validity-debug] Container stderr: Traceback (most recent call last):
  File "<string>", line 3, in <module>
    obj = torch.load('/tmp/tmpjyi7z7gy.pt', weights_only=False, map_location='cpu')
  File "/usr/local/lib/python3.13/dist-packages/torch/serialization.py", line 1610, in load
    return _load(
        opened_zipfile,
    ...<3 lines>...
        **pickle_load_args,
    )
  File "/usr/local/lib/python3.13/dist-packages/torch/serialization.py", line 2221, in _load
    result = unpickler.load()
  File "/usr/local/lib/python3.13/dist-packages/numpy/__init__.py", line 795, in __getattr__
    raise AttributeError(f"module {__name__!r} has no attribute {attr!r}")
AttributeError: module 'numpy' has no attribute 'runstring'. Did you mean: 'fromstring'?

Round 5 Complete: Valid=18/20, Bypasses=0, Mean Fitness=6527.597, Opcode Cov=42.6%, Callable Cov=32.0%, Per-scanner evasions={'fickling': 20}

Written fuzzing report to docs/fuzzing-report-guided-r3.md
============================================================
CAMPAIGN COMPLETE (guided, replicate 3)
  valid candidates : 79/100
  confirmed bypasses: 0
============================================================
[Mon Aug 24 08:30:57 PM +0530 2026] Completed guided-oracle_dominant-r3 successfully

[Mon Aug 24 08:31:07 PM +0530 2026] Starting unguided-current-r3 (seed=1339)...
============================================================
STARTING UNGUIDED FUZZING CAMPAIGN (replicate 3)
============================================================

--- Round 1 / 5 ---
Unguided mode: uniform random callable selection.
Generated 20 candidate checkpoints (families: {'gadget': 5, 'overwritten': 6, 'pypi_injected': 4, 'external': 2, 'indirect_chain': 3}).
[validity-debug] Container failed with code 1
[validity-debug] Container stdout: 
[validity-debug] Container stderr: Traceback (most recent call last):
  File "<string>", line 3, in <module>
    obj = torch.load('/tmp/tmpklz5n78o.pt', weights_only=False, map_location='cpu')
  File "/usr/local/lib/python3.13/dist-packages/torch/serialization.py", line 1610, in load
    return _load(
        opened_zipfile,
    ...<3 lines>...
        **pickle_load_args,
    )
  File "/usr/local/lib/python3.13/dist-packages/torch/serialization.py", line 2221, in _load
    result = unpickler.load()
AttributeError: module 'IPython' has no attribute 'system'

[validity-debug] Container failed with code 1
[validity-debug] Container stdout: 
[validity-debug] Container stderr: Traceback (most recent call last):
  File "<string>", line 3, in <module>
    obj = torch.load('/tmp/tmpit160jjm.pt', weights_only=False, map_location='cpu')
  File "/usr/local/lib/python3.13/dist-packages/torch/serialization.py", line 1610, in load
    return _load(
        opened_zipfile,
    ...<3 lines>...
        **pickle_load_args,
    )
  File "/usr/local/lib/python3.13/dist-packages/torch/serialization.py", line 2221, in _load
    result = unpickler.load()
AttributeError: module 'IPython' has no attribute 'system'

[validity-debug] Container failed with code 1
[validity-debug] Container stdout: 
[validity-debug] Container stderr: Traceback (most recent call last):
  File "<string>", line 3, in <module>
    obj = torch.load('/tmp/tmpvevw3tmu.pt', weights_only=False, map_location='cpu')
  File "/usr/local/lib/python3.13/dist-packages/torch/serialization.py", line 1610, in load
    return _load(
        opened_zipfile,
    ...<3 lines>...
        **pickle_load_args,
    )
  File "/usr/local/lib/python3.13/dist-packages/torch/serialization.py", line 2221, in _load
    result = unpickler.load()
  File "/usr/local/lib/python3.13/dist-packages/numpy/__init__.py", line 795, in __getattr__
    raise AttributeError(f"module {__name__!r} has no attribute {attr!r}")
AttributeError: module 'numpy' has no attribute 'runstring'. Did you mean: 'fromstring'?

[validity-debug] Container failed with code 1
[validity-debug] Container stdout: 
[validity-debug] Container stderr: Traceback (most recent call last):
  File "<string>", line 3, in <module>
    obj = torch.load('/tmp/tmp1xpzd2tx.pt', weights_only=False, map_location='cpu')
  File "/usr/local/lib/python3.13/dist-packages/torch/serialization.py", line 1610, in load
    return _load(
        opened_zipfile,
    ...<3 lines>...
        **pickle_load_args,
    )
  File "/usr/local/lib/python3.13/dist-packages/torch/serialization.py", line 2221, in _load
    result = unpickler.load()
  File "/usr/local/lib/python3.13/dist-packages/numpy/__init__.py", line 795, in __getattr__
    raise AttributeError(f"module {__name__!r} has no attribute {attr!r}")
AttributeError: module 'numpy' has no attribute 'runstring'. Did you mean: 'fromstring'?

Round 1 Complete: Valid=16/20, Bypasses=3, Mean Fitness=1.749, Opcode Cov=42.6%, Callable Cov=32.0%, Per-scanner evasions={'fickling': 20, 'modelscan': 4, 'picklescan': 3}

--- Round 2 / 5 ---
Unguided mode: uniform random callable selection.
Generated 20 candidate checkpoints (families: {'gadget': 3, 'overwritten': 2, 'pypi_injected': 7, 'external': 4, 'indirect_chain': 4}).
[validity-debug] Container failed with code 1
[validity-debug] Container stdout: 
[validity-debug] Container stderr: Traceback (most recent call last):
  File "<string>", line 3, in <module>
    obj = torch.load('/tmp/tmptqerqe66.pt', weights_only=False, map_location='cpu')
  File "/usr/local/lib/python3.13/dist-packages/torch/serialization.py", line 1610, in load
    return _load(
        opened_zipfile,
    ...<3 lines>...
        **pickle_load_args,
    )
  File "/usr/local/lib/python3.13/dist-packages/torch/serialization.py", line 2221, in _load
    result = unpickler.load()
  File "/usr/local/lib/python3.13/dist-packages/numpy/__init__.py", line 795, in __getattr__
    raise AttributeError(f"module {__name__!r} has no attribute {attr!r}")
AttributeError: module 'numpy' has no attribute 'runstring'. Did you mean: 'fromstring'?

[validity-debug] Container failed with code 1
[validity-debug] Container stdout: 
[validity-debug] Container stderr: Traceback (most recent call last):
  File "<string>", line 3, in <module>
    obj = torch.load('/tmp/tmpmxeqg4d8.pt', weights_only=False, map_location='cpu')
  File "/usr/local/lib/python3.13/dist-packages/torch/serialization.py", line 1610, in load
    return _load(
        opened_zipfile,
    ...<3 lines>...
        **pickle_load_args,
    )
  File "/usr/local/lib/python3.13/dist-packages/torch/serialization.py", line 2221, in _load
    result = unpickler.load()
  File "/usr/local/lib/python3.13/dist-packages/numpy/__init__.py", line 795, in __getattr__
    raise AttributeError(f"module {__name__!r} has no attribute {attr!r}")
AttributeError: module 'numpy' has no attribute 'runstring'. Did you mean: 'fromstring'?

[validity-debug] Container failed with code 1
[validity-debug] Container stdout: 
[validity-debug] Container stderr: Traceback (most recent call last):
  File "<string>", line 3, in <module>
    obj = torch.load('/tmp/tmpbwzbzd2l.pt', weights_only=False, map_location='cpu')
  File "/usr/local/lib/python3.13/dist-packages/torch/serialization.py", line 1610, in load
    return _load(
        opened_zipfile,
    ...<3 lines>...
        **pickle_load_args,
    )
  File "/usr/local/lib/python3.13/dist-packages/torch/serialization.py", line 2221, in _load
    result = unpickler.load()
AttributeError: module 'IPython' has no attribute 'system'

[validity-debug] Container failed with code 1
[validity-debug] Container stdout: 
[validity-debug] Container stderr: Traceback (most recent call last):
  File "<string>", line 3, in <module>
    obj = torch.load('/tmp/tmpsbzopnzv.pt', weights_only=False, map_location='cpu')
  File "/usr/local/lib/python3.13/dist-packages/torch/serialization.py", line 1610, in load
    return _load(
        opened_zipfile,
    ...<3 lines>...
        **pickle_load_args,
    )
  File "/usr/local/lib/python3.13/dist-packages/torch/serialization.py", line 2221, in _load
    result = unpickler.load()
  File "/usr/local/lib/python3.13/dist-packages/numpy/__init__.py", line 795, in __getattr__
    raise AttributeError(f"module {__name__!r} has no attribute {attr!r}")
AttributeError: module 'numpy' has no attribute 'runstring'. Did you mean: 'fromstring'?

[validity-debug] Container failed with code 1
[validity-debug] Container stdout: 
[validity-debug] Container stderr: Traceback (most recent call last):
  File "<string>", line 3, in <module>
    obj = torch.load('/tmp/tmp93rkzmsv.pt', weights_only=False, map_location='cpu')
  File "/usr/local/lib/python3.13/dist-packages/torch/serialization.py", line 1610, in load
    return _load(
        opened_zipfile,
    ...<3 lines>...
        **pickle_load_args,
    )
  File "/usr/local/lib/python3.13/dist-packages/torch/serialization.py", line 2221, in _load
    result = unpickler.load()
AttributeError: module 'IPython' has no attribute 'system'

[validity-debug] Container failed with code 1
[validity-debug] Container stdout: 
[validity-debug] Container stderr: Traceback (most recent call last):
  File "<string>", line 3, in <module>
    obj = torch.load('/tmp/tmpcyh821hd.pt', weights_only=False, map_location='cpu')
  File "/usr/local/lib/python3.13/dist-packages/torch/serialization.py", line 1610, in load
    return _load(
        opened_zipfile,
    ...<3 lines>...
        **pickle_load_args,
    )
  File "/usr/local/lib/python3.13/dist-packages/torch/serialization.py", line 2221, in _load
    result = unpickler.load()
  File "/usr/local/lib/python3.13/dist-packages/numpy/__init__.py", line 795, in __getattr__
    raise AttributeError(f"module {__name__!r} has no attribute {attr!r}")
AttributeError: module 'numpy' has no attribute 'runstring'. Did you mean: 'fromstring'?

[validity-debug] Container failed with code 1
[validity-debug] Container stdout: 
[validity-debug] Container stderr: Traceback (most recent call last):
  File "<string>", line 3, in <module>
    obj = torch.load('/tmp/tmp5n553ioz.pt', weights_only=False, map_location='cpu')
  File "/usr/local/lib/python3.13/dist-packages/torch/serialization.py", line 1610, in load
    return _load(
        opened_zipfile,
    ...<3 lines>...
        **pickle_load_args,
    )
  File "/usr/local/lib/python3.13/dist-packages/torch/serialization.py", line 2221, in _load
    result = unpickler.load()
AttributeError: module 'IPython' has no attribute 'system'

Round 2 Complete: Valid=13/20, Bypasses=2, Mean Fitness=1.292, Opcode Cov=42.6%, Callable Cov=36.0%, Per-scanner evasions={'fickling': 20, 'modelscan': 3, 'picklescan': 2}

--- Round 3 / 5 ---
Unguided mode: uniform random callable selection.
Generated 20 candidate checkpoints (families: {'gadget': 6, 'overwritten': 4, 'pypi_injected': 2, 'external': 3, 'indirect_chain': 5}).
[validity-debug] Container failed with code 1
[validity-debug] Container stdout: 
[validity-debug] Container stderr: Traceback (most recent call last):
  File "<string>", line 3, in <module>
    obj = torch.load('/tmp/tmpm3uf4dcj.pt', weights_only=False, map_location='cpu')
  File "/usr/local/lib/python3.13/dist-packages/torch/serialization.py", line 1610, in load
    return _load(
        opened_zipfile,
    ...<3 lines>...
        **pickle_load_args,
    )
  File "/usr/local/lib/python3.13/dist-packages/torch/serialization.py", line 2221, in _load
    result = unpickler.load()
  File "/usr/local/lib/python3.13/dist-packages/numpy/__init__.py", line 795, in __getattr__
    raise AttributeError(f"module {__name__!r} has no attribute {attr!r}")
AttributeError: module 'numpy' has no attribute 'runstring'. Did you mean: 'fromstring'?

[validity-debug] Container failed with code 1
[validity-debug] Container stdout: 
[validity-debug] Container stderr: Traceback (most recent call last):
  File "<string>", line 3, in <module>
    obj = torch.load('/tmp/tmpotxkoju0.pt', weights_only=False, map_location='cpu')
  File "/usr/local/lib/python3.13/dist-packages/torch/serialization.py", line 1610, in load
    return _load(
        opened_zipfile,
    ...<3 lines>...
        **pickle_load_args,
    )
  File "/usr/local/lib/python3.13/dist-packages/torch/serialization.py", line 2221, in _load
    result = unpickler.load()
  File "/usr/local/lib/python3.13/dist-packages/numpy/__init__.py", line 795, in __getattr__
    raise AttributeError(f"module {__name__!r} has no attribute {attr!r}")
AttributeError: module 'numpy' has no attribute 'runstring'. Did you mean: 'fromstring'?

[validity-debug] Container failed with code 1
[validity-debug] Container stdout: 
[validity-debug] Container stderr: Traceback (most recent call last):
  File "<string>", line 3, in <module>
    obj = torch.load('/tmp/tmp69v6r2fl.pt', weights_only=False, map_location='cpu')
  File "/usr/local/lib/python3.13/dist-packages/torch/serialization.py", line 1610, in load
    return _load(
        opened_zipfile,
    ...<3 lines>...
        **pickle_load_args,
    )
  File "/usr/local/lib/python3.13/dist-packages/torch/serialization.py", line 2221, in _load
    result = unpickler.load()
AttributeError: module 'IPython' has no attribute 'system'

[validity-debug] Container failed with code 1
[validity-debug] Container stdout: 
[validity-debug] Container stderr: Traceback (most recent call last):
  File "<string>", line 3, in <module>
    obj = torch.load('/tmp/tmpoxx5y0p_.pt', weights_only=False, map_location='cpu')
  File "/usr/local/lib/python3.13/dist-packages/torch/serialization.py", line 1610, in load
    return _load(
        opened_zipfile,
    ...<3 lines>...
        **pickle_load_args,
    )
  File "/usr/local/lib/python3.13/dist-packages/torch/serialization.py", line 2221, in _load
    result = unpickler.load()
AttributeError: module 'platform' has no attribute 'popen'

Round 3 Complete: Valid=15/20, Bypasses=1, Mean Fitness=1.392, Opcode Cov=42.6%, Callable Cov=48.0%, Per-scanner evasions={'fickling': 20, 'modelscan': 2, 'picklescan': 1}

--- Round 4 / 5 ---
Unguided mode: uniform random callable selection.
Generated 20 candidate checkpoints (families: {'gadget': 3, 'overwritten': 2, 'pypi_injected': 6, 'external': 6, 'indirect_chain': 3}).
[validity-debug] Container failed with code 1
[validity-debug] Container stdout: 
[validity-debug] Container stderr: Traceback (most recent call last):
  File "<string>", line 3, in <module>
    obj = torch.load('/tmp/tmpg598m10l.pt', weights_only=False, map_location='cpu')
  File "/usr/local/lib/python3.13/dist-packages/torch/serialization.py", line 1610, in load
    return _load(
        opened_zipfile,
    ...<3 lines>...
        **pickle_load_args,
    )
  File "/usr/local/lib/python3.13/dist-packages/torch/serialization.py", line 2221, in _load
    result = unpickler.load()
  File "/usr/local/lib/python3.13/dist-packages/numpy/__init__.py", line 795, in __getattr__
    raise AttributeError(f"module {__name__!r} has no attribute {attr!r}")
AttributeError: module 'numpy' has no attribute 'runstring'. Did you mean: 'fromstring'?

[validity-debug] Container failed with code 1
[validity-debug] Container stdout: 
[validity-debug] Container stderr: Traceback (most recent call last):
  File "<string>", line 3, in <module>
    obj = torch.load('/tmp/tmpimvle2zm.pt', weights_only=False, map_location='cpu')
  File "/usr/local/lib/python3.13/dist-packages/torch/serialization.py", line 1610, in load
    return _load(
        opened_zipfile,
    ...<3 lines>...
        **pickle_load_args,
    )
  File "/usr/local/lib/python3.13/dist-packages/torch/serialization.py", line 2221, in _load
    result = unpickler.load()
  File "/usr/local/lib/python3.13/dist-packages/torch/serialization.py", line 2210, in find_class
    return super().find_class(mod_name, name)
           ~~~~~~~~~~~~~~~~~~^^^^^^^^^^^^^^^^
AttributeError: Can't get attribute 'popen' on <module 'platform' from '/usr/lib/python3.13/platform.py'>

[validity-debug] Container failed with code 1
[validity-debug] Container stdout: 
[validity-debug] Container stderr: Traceback (most recent call last):
  File "<string>", line 3, in <module>
    obj = torch.load('/tmp/tmp9ye51t9g.pt', weights_only=False, map_location='cpu')
  File "/usr/local/lib/python3.13/dist-packages/torch/serialization.py", line 1610, in load
    return _load(
        opened_zipfile,
    ...<3 lines>...
        **pickle_load_args,
    )
  File "/usr/local/lib/python3.13/dist-packages/torch/serialization.py", line 2221, in _load
    result = unpickler.load()
AttributeError: module 'IPython' has no attribute 'system'

[validity-debug] Container failed with code 1
[validity-debug] Container stdout: 
[validity-debug] Container stderr: Traceback (most recent call last):
  File "<string>", line 3, in <module>
    obj = torch.load('/tmp/tmpzaa67nb3.pt', weights_only=False, map_location='cpu')
  File "/usr/local/lib/python3.13/dist-packages/torch/serialization.py", line 1610, in load
    return _load(
        opened_zipfile,
    ...<3 lines>...
        **pickle_load_args,
    )
  File "/usr/local/lib/python3.13/dist-packages/torch/serialization.py", line 2221, in _load
    result = unpickler.load()
  File "/usr/local/lib/python3.13/dist-packages/numpy/__init__.py", line 795, in __getattr__
    raise AttributeError(f"module {__name__!r} has no attribute {attr!r}")
AttributeError: module 'numpy' has no attribute 'runstring'. Did you mean: 'fromstring'?

[validity-debug] Container failed with code 1
[validity-debug] Container stdout: 
[validity-debug] Container stderr: Traceback (most recent call last):
  File "<string>", line 3, in <module>
    obj = torch.load('/tmp/tmpdmb1zr1e.pt', weights_only=False, map_location='cpu')
  File "/usr/local/lib/python3.13/dist-packages/torch/serialization.py", line 1610, in load
    return _load(
        opened_zipfile,
    ...<3 lines>...
        **pickle_load_args,
    )
  File "/usr/local/lib/python3.13/dist-packages/torch/serialization.py", line 2221, in _load
    result = unpickler.load()
  File "/usr/local/lib/python3.13/dist-packages/numpy/__init__.py", line 795, in __getattr__
    raise AttributeError(f"module {__name__!r} has no attribute {attr!r}")
AttributeError: module 'numpy' has no attribute 'runstring'. Did you mean: 'fromstring'?

[validity-debug] Container failed with code 1
[validity-debug] Container stdout: 
[validity-debug] Container stderr: Traceback (most recent call last):
  File "<string>", line 3, in <module>
    obj = torch.load('/tmp/tmp3juywqro.pt', weights_only=False, map_location='cpu')
  File "/usr/local/lib/python3.13/dist-packages/torch/serialization.py", line 1610, in load
    return _load(
        opened_zipfile,
    ...<3 lines>...
        **pickle_load_args,
    )
  File "/usr/local/lib/python3.13/dist-packages/torch/serialization.py", line 2221, in _load
    result = unpickler.load()
AttributeError: module 'IPython' has no attribute 'system'

[validity-debug] Container failed with code 1
[validity-debug] Container stdout: 
[validity-debug] Container stderr: Traceback (most recent call last):
  File "<string>", line 3, in <module>
    obj = torch.load('/tmp/tmpzhasx94_.pt', weights_only=False, map_location='cpu')
  File "/usr/local/lib/python3.13/dist-packages/torch/serialization.py", line 1610, in load
    return _load(
        opened_zipfile,
    ...<3 lines>...
        **pickle_load_args,
    )
  File "/usr/local/lib/python3.13/dist-packages/torch/serialization.py", line 2221, in _load
    result = unpickler.load()
  File "/usr/local/lib/python3.13/dist-packages/numpy/__init__.py", line 795, in __getattr__
    raise AttributeError(f"module {__name__!r} has no attribute {attr!r}")
AttributeError: module 'numpy' has no attribute 'runstring'. Did you mean: 'fromstring'?

[validity-debug] Container failed with code 1
[validity-debug] Container stdout: 
[validity-debug] Container stderr: Traceback (most recent call last):
  File "<string>", line 3, in <module>
    obj = torch.load('/tmp/tmpsyg0rbae.pt', weights_only=False, map_location='cpu')
  File "/usr/local/lib/python3.13/dist-packages/torch/serialization.py", line 1610, in load
    return _load(
        opened_zipfile,
    ...<3 lines>...
        **pickle_load_args,
    )
  File "/usr/local/lib/python3.13/dist-packages/torch/serialization.py", line 2221, in _load
    result = unpickler.load()
AttributeError: module 'IPython' has no attribute 'system'

Round 4 Complete: Valid=11/20, Bypasses=0, Mean Fitness=1.028, Opcode Cov=42.6%, Callable Cov=52.0%, Per-scanner evasions={'fickling': 20, 'modelscan': 3, 'picklescan': 1}

--- Round 5 / 5 ---
Unguided mode: uniform random callable selection.
Generated 20 candidate checkpoints (families: {'gadget': 2, 'overwritten': 3, 'pypi_injected': 4, 'external': 5, 'indirect_chain': 6}).
[validity-debug] Container failed with code 1
[validity-debug] Container stdout: 
[validity-debug] Container stderr: Traceback (most recent call last):
  File "<string>", line 3, in <module>
    obj = torch.load('/tmp/tmp3sq57jfb.pt', weights_only=False, map_location='cpu')
  File "/usr/local/lib/python3.13/dist-packages/torch/serialization.py", line 1610, in load
    return _load(
        opened_zipfile,
    ...<3 lines>...
        **pickle_load_args,
    )
  File "/usr/local/lib/python3.13/dist-packages/torch/serialization.py", line 2221, in _load
    result = unpickler.load()
AttributeError: module 'IPython' has no attribute 'system'

[validity-debug] Container failed with code 1
[validity-debug] Container stdout: 
[validity-debug] Container stderr: Traceback (most recent call last):
  File "<string>", line 3, in <module>
    obj = torch.load('/tmp/tmpv_vhumej.pt', weights_only=False, map_location='cpu')
  File "/usr/local/lib/python3.13/dist-packages/torch/serialization.py", line 1610, in load
    return _load(
        opened_zipfile,
    ...<3 lines>...
        **pickle_load_args,
    )
  File "/usr/local/lib/python3.13/dist-packages/torch/serialization.py", line 2221, in _load
    result = unpickler.load()
AttributeError: module 'IPython' has no attribute 'system'

[validity-debug] Container failed with code 1
[validity-debug] Container stdout: 
[validity-debug] Container stderr: Traceback (most recent call last):
  File "<string>", line 3, in <module>
    obj = torch.load('/tmp/tmpime4anuw.pt', weights_only=False, map_location='cpu')
  File "/usr/local/lib/python3.13/dist-packages/torch/serialization.py", line 1610, in load
    return _load(
        opened_zipfile,
    ...<3 lines>...
        **pickle_load_args,
    )
  File "/usr/local/lib/python3.13/dist-packages/torch/serialization.py", line 2221, in _load
    result = unpickler.load()
AttributeError: module 'IPython' has no attribute 'system'

[validity-debug] Container failed with code 1
[validity-debug] Container stdout: 
[validity-debug] Container stderr: Traceback (most recent call last):
  File "<string>", line 3, in <module>
    obj = torch.load('/tmp/tmp7_kdg1co.pt', weights_only=False, map_location='cpu')
  File "/usr/local/lib/python3.13/dist-packages/torch/serialization.py", line 1610, in load
    return _load(
        opened_zipfile,
    ...<3 lines>...
        **pickle_load_args,
    )
  File "/usr/local/lib/python3.13/dist-packages/torch/serialization.py", line 2221, in _load
    result = unpickler.load()
  File "/usr/local/lib/python3.13/dist-packages/numpy/__init__.py", line 795, in __getattr__
    raise AttributeError(f"module {__name__!r} has no attribute {attr!r}")
AttributeError: module 'numpy' has no attribute 'runstring'. Did you mean: 'fromstring'?

[validity-debug] Container failed with code 1
[validity-debug] Container stdout: 
[validity-debug] Container stderr: Traceback (most recent call last):
  File "<string>", line 3, in <module>
    obj = torch.load('/tmp/tmp9dufaysw.pt', weights_only=False, map_location='cpu')
  File "/usr/local/lib/python3.13/dist-packages/torch/serialization.py", line 1610, in load
    return _load(
        opened_zipfile,
    ...<3 lines>...
        **pickle_load_args,
    )
  File "/usr/local/lib/python3.13/dist-packages/torch/serialization.py", line 2221, in _load
    result = unpickler.load()
AttributeError: module 'IPython' has no attribute 'system'

Round 5 Complete: Valid=15/20, Bypasses=0, Mean Fitness=1.499, Opcode Cov=42.6%, Callable Cov=56.0%, Per-scanner evasions={'fickling': 20, 'modelscan': 4}

Written fuzzing report to docs/fuzzing-report-unguided-r3.md
============================================================
CAMPAIGN COMPLETE (unguided, replicate 3)
  valid candidates : 70/100
  confirmed bypasses: 6
============================================================
[Mon Aug 24 08:41:25 PM +0530 2026] Completed unguided-current-r3 successfully

[Mon Aug 24 08:41:35 PM +0530 2026] Starting guided-current-r3 (seed=1339)...
============================================================
STARTING GUIDED FUZZING CAMPAIGN (replicate 3)
============================================================

--- Round 1 / 5 ---
Mutation params: op_swap=0.15, sub=0.15, fuzz=0.15
Generated 20 candidate checkpoints (families: {'gadget': 2, 'overwritten': 4, 'pypi_injected': 5, 'external': 7, 'indirect_chain': 2}).
[validity-debug] Container failed with code 1
[validity-debug] Container stdout: 
[validity-debug] Container stderr: Traceback (most recent call last):
  File "<string>", line 3, in <module>
    obj = torch.load('/tmp/tmpauylz2dm.pt', weights_only=False, map_location='cpu')
  File "/usr/local/lib/python3.13/dist-packages/torch/serialization.py", line 1610, in load
    return _load(
        opened_zipfile,
    ...<3 lines>...
        **pickle_load_args,
    )
  File "/usr/local/lib/python3.13/dist-packages/torch/serialization.py", line 2221, in _load
    result = unpickler.load()
  File "/usr/local/lib/python3.13/dist-packages/numpy/__init__.py", line 795, in __getattr__
    raise AttributeError(f"module {__name__!r} has no attribute {attr!r}")
AttributeError: module 'numpy' has no attribute 'runstring'. Did you mean: 'fromstring'?

[validity-debug] Container failed with code 1
[validity-debug] Container stdout: 
[validity-debug] Container stderr: Traceback (most recent call last):
  File "<string>", line 3, in <module>
    obj = torch.load('/tmp/tmporq6d2w5.pt', weights_only=False, map_location='cpu')
  File "/usr/local/lib/python3.13/dist-packages/torch/serialization.py", line 1610, in load
    return _load(
        opened_zipfile,
    ...<3 lines>...
        **pickle_load_args,
    )
  File "/usr/local/lib/python3.13/dist-packages/torch/serialization.py", line 2221, in _load
    result = unpickler.load()
  File "/usr/local/lib/python3.13/dist-packages/numpy/__init__.py", line 795, in __getattr__
    raise AttributeError(f"module {__name__!r} has no attribute {attr!r}")
AttributeError: module 'numpy' has no attribute 'runstring'. Did you mean: 'fromstring'?

[validity-debug] Container failed with code 1
[validity-debug] Container stdout: 
[validity-debug] Container stderr: Traceback (most recent call last):
  File "<string>", line 3, in <module>
    obj = torch.load('/tmp/tmp7ngxp_vi.pt', weights_only=False, map_location='cpu')
  File "/usr/local/lib/python3.13/dist-packages/torch/serialization.py", line 1610, in load
    return _load(
        opened_zipfile,
    ...<3 lines>...
        **pickle_load_args,
    )
  File "/usr/local/lib/python3.13/dist-packages/torch/serialization.py", line 2221, in _load
    result = unpickler.load()
  File "/usr/local/lib/python3.13/dist-packages/numpy/__init__.py", line 795, in __getattr__
    raise AttributeError(f"module {__name__!r} has no attribute {attr!r}")
AttributeError: module 'numpy' has no attribute 'runstring'. Did you mean: 'fromstring'?

[validity-debug] Container failed with code 1
[validity-debug] Container stdout: 
[validity-debug] Container stderr: Traceback (most recent call last):
  File "<string>", line 3, in <module>
    obj = torch.load('/tmp/tmprhgjsf_0.pt', weights_only=False, map_location='cpu')
  File "/usr/local/lib/python3.13/dist-packages/torch/serialization.py", line 1610, in load
    return _load(
        opened_zipfile,
    ...<3 lines>...
        **pickle_load_args,
    )
  File "/usr/local/lib/python3.13/dist-packages/torch/serialization.py", line 2221, in _load
    result = unpickler.load()
  File "/usr/local/lib/python3.13/dist-packages/numpy/__init__.py", line 795, in __getattr__
    raise AttributeError(f"module {__name__!r} has no attribute {attr!r}")
AttributeError: module 'numpy' has no attribute 'runstring'. Did you mean: 'fromstring'?

[validity-debug] Container failed with code 125
[validity-debug] Container stdout: 
[validity-debug] Container stderr: python3: invalid option -- 'c'
Try 'python3 --help' for more information.

[validity-debug] Container failed with code 1
[validity-debug] Container stdout: 
[validity-debug] Container stderr: Traceback (most recent call last):
  File "<string>", line 3, in <module>
    obj = torch.load('/tmp/tmp11gr3jpp.pt', weights_only=False, map_location='cpu')
  File "/usr/local/lib/python3.13/dist-packages/torch/serialization.py", line 1610, in load
    return _load(
        opened_zipfile,
    ...<3 lines>...
        **pickle_load_args,
    )
  File "/usr/local/lib/python3.13/dist-packages/torch/serialization.py", line 2221, in _load
    result = unpickler.load()
AttributeError: module 'IPython' has no attribute 'system'

Round 1 Complete: Valid=14/20, Bypasses=0, Mean Fitness=2.303, Opcode Cov=42.6%, Callable Cov=32.0%, Per-scanner evasions={'fickling': 20, 'modelscan': 3}

--- Round 2 / 5 ---
Mutation params: op_swap=0.20, sub=0.20, fuzz=0.20
Generated 20 candidate checkpoints (families: {'gadget': 2, 'overwritten': 5, 'pypi_injected': 4, 'external': 3, 'indirect_chain': 6}).
[validity-debug] Container failed with code 1
[validity-debug] Container stdout: 
[validity-debug] Container stderr: Traceback (most recent call last):
  File "<string>", line 3, in <module>
    obj = torch.load('/tmp/tmp6go9dz0o.pt', weights_only=False, map_location='cpu')
  File "/usr/local/lib/python3.13/dist-packages/torch/serialization.py", line 1610, in load
    return _load(
        opened_zipfile,
    ...<3 lines>...
        **pickle_load_args,
    )
  File "/usr/local/lib/python3.13/dist-packages/torch/serialization.py", line 2221, in _load
    result = unpickler.load()
AttributeError: module 'IPython' has no attribute 'system'

[validity-debug] Container failed with code 1
[validity-debug] Container stdout: 
[validity-debug] Container stderr: Traceback (most recent call last):
  File "<string>", line 3, in <module>
    obj = torch.load('/tmp/tmpzkleehia.pt', weights_only=False, map_location='cpu')
  File "/usr/local/lib/python3.13/dist-packages/torch/serialization.py", line 1610, in load
    return _load(
        opened_zipfile,
    ...<3 lines>...
        **pickle_load_args,
    )
  File "/usr/local/lib/python3.13/dist-packages/torch/serialization.py", line 2221, in _load
    result = unpickler.load()
AttributeError: module 'IPython' has no attribute 'system'

[validity-debug] Container failed with code 1
[validity-debug] Container stdout: 
[validity-debug] Container stderr: Traceback (most recent call last):
  File "<string>", line 3, in <module>
    obj = torch.load('/tmp/tmpikby4mix.pt', weights_only=False, map_location='cpu')
  File "/usr/local/lib/python3.13/dist-packages/torch/serialization.py", line 1610, in load
    return _load(
        opened_zipfile,
    ...<3 lines>...
        **pickle_load_args,
    )
  File "/usr/local/lib/python3.13/dist-packages/torch/serialization.py", line 2221, in _load
    result = unpickler.load()
  File "/usr/local/lib/python3.13/dist-packages/numpy/__init__.py", line 795, in __getattr__
    raise AttributeError(f"module {__name__!r} has no attribute {attr!r}")
AttributeError: module 'numpy' has no attribute 'runstring'. Did you mean: 'fromstring'?

[validity-debug] Container failed with code 1
[validity-debug] Container stdout: 
[validity-debug] Container stderr: Traceback (most recent call last):
  File "<string>", line 3, in <module>
    obj = torch.load('/tmp/tmp99y230zn.pt', weights_only=False, map_location='cpu')
  File "/usr/local/lib/python3.13/dist-packages/torch/serialization.py", line 1610, in load
    return _load(
        opened_zipfile,
    ...<3 lines>...
        **pickle_load_args,
    )
  File "/usr/local/lib/python3.13/dist-packages/torch/serialization.py", line 2221, in _load
    result = unpickler.load()
AttributeError: module 'IPython' has no attribute 'system'

[validity-debug] Container failed with code 1
[validity-debug] Container stdout: 
[validity-debug] Container stderr: Traceback (most recent call last):
  File "<string>", line 3, in <module>
    obj = torch.load('/tmp/tmpjlsz3e8p.pt', weights_only=False, map_location='cpu')
  File "/usr/local/lib/python3.13/dist-packages/torch/serialization.py", line 1610, in load
    return _load(
        opened_zipfile,
    ...<3 lines>...
        **pickle_load_args,
    )
  File "/usr/local/lib/python3.13/dist-packages/torch/serialization.py", line 2221, in _load
    result = unpickler.load()
AttributeError: module 'IPython' has no attribute 'system'

Round 2 Complete: Valid=14/20, Bypasses=0, Mean Fitness=2.286, Opcode Cov=42.6%, Callable Cov=36.0%, Per-scanner evasions={'fickling': 20, 'modelscan': 2}

--- Round 3 / 5 ---
Mutation params: op_swap=0.25, sub=0.25, fuzz=0.25
Generated 20 candidate checkpoints (families: {'gadget': 3, 'overwritten': 3, 'pypi_injected': 3, 'external': 2, 'indirect_chain': 9}).
[validity-debug] Container failed with code 1
[validity-debug] Container stdout: 
[validity-debug] Container stderr: Traceback (most recent call last):
  File "<string>", line 3, in <module>
    obj = torch.load('/tmp/tmpulukek9n.pt', weights_only=False, map_location='cpu')
  File "/usr/local/lib/python3.13/dist-packages/torch/serialization.py", line 1610, in load
    return _load(
        opened_zipfile,
    ...<3 lines>...
        **pickle_load_args,
    )
  File "/usr/local/lib/python3.13/dist-packages/torch/serialization.py", line 2221, in _load
    result = unpickler.load()
AttributeError: module 'IPython' has no attribute 'system'

[validity-debug] Container failed with code 1
[validity-debug] Container stdout: 
[validity-debug] Container stderr: Traceback (most recent call last):
  File "<string>", line 3, in <module>
    obj = torch.load('/tmp/tmpz_xe_sei.pt', weights_only=False, map_location='cpu')
  File "/usr/local/lib/python3.13/dist-packages/torch/serialization.py", line 1610, in load
    return _load(
        opened_zipfile,
    ...<3 lines>...
        **pickle_load_args,
    )
  File "/usr/local/lib/python3.13/dist-packages/torch/serialization.py", line 2221, in _load
    result = unpickler.load()
AttributeError: module 'IPython' has no attribute 'system'

[validity-debug] Container failed with code 1
[validity-debug] Container stdout: 
[validity-debug] Container stderr: Traceback (most recent call last):
  File "<string>", line 3, in <module>
    obj = torch.load('/tmp/tmp0i1wyvv2.pt', weights_only=False, map_location='cpu')
  File "/usr/local/lib/python3.13/dist-packages/torch/serialization.py", line 1610, in load
    return _load(
        opened_zipfile,
    ...<3 lines>...
        **pickle_load_args,
    )
  File "/usr/local/lib/python3.13/dist-packages/torch/serialization.py", line 2221, in _load
    result = unpickler.load()
  File "/usr/local/lib/python3.13/dist-packages/numpy/__init__.py", line 795, in __getattr__
    raise AttributeError(f"module {__name__!r} has no attribute {attr!r}")
AttributeError: module 'numpy' has no attribute 'runstring'. Did you mean: 'fromstring'?

Round 3 Complete: Valid=17/20, Bypasses=0, Mean Fitness=2.018, Opcode Cov=42.6%, Callable Cov=44.0%, Per-scanner evasions={'fickling': 20, 'modelscan': 1}

--- Round 4 / 5 ---
Mutation params: op_swap=0.30, sub=0.30, fuzz=0.30
Generated 20 candidate checkpoints (families: {'gadget': 2, 'overwritten': 5, 'pypi_injected': 4, 'external': 1, 'indirect_chain': 8}).
[validity-debug] Container failed with code 1
[validity-debug] Container stdout: 
[validity-debug] Container stderr: Traceback (most recent call last):
  File "<string>", line 3, in <module>
    obj = torch.load('/tmp/tmpy0hgye4a.pt', weights_only=False, map_location='cpu')
  File "/usr/local/lib/python3.13/dist-packages/torch/serialization.py", line 1610, in load
    return _load(
        opened_zipfile,
    ...<3 lines>...
        **pickle_load_args,
    )
  File "/usr/local/lib/python3.13/dist-packages/torch/serialization.py", line 2221, in _load
    result = unpickler.load()
AttributeError: module 'IPython' has no attribute 'system'

[validity-debug] Container failed with code 1
[validity-debug] Container stdout: 
[validity-debug] Container stderr: Traceback (most recent call last):
  File "<string>", line 3, in <module>
    obj = torch.load('/tmp/tmphx4gzcr6.pt', weights_only=False, map_location='cpu')
  File "/usr/local/lib/python3.13/dist-packages/torch/serialization.py", line 1610, in load
    return _load(
        opened_zipfile,
    ...<3 lines>...
        **pickle_load_args,
    )
  File "/usr/local/lib/python3.13/dist-packages/torch/serialization.py", line 2221, in _load
    result = unpickler.load()
AttributeError: module 'IPython' has no attribute 'system'

[validity-debug] Container failed with code 1
[validity-debug] Container stdout: 
[validity-debug] Container stderr: Traceback (most recent call last):
  File "<string>", line 3, in <module>
    obj = torch.load('/tmp/tmpgsk2yl_d.pt', weights_only=False, map_location='cpu')
  File "/usr/local/lib/python3.13/dist-packages/torch/serialization.py", line 1610, in load
    return _load(
        opened_zipfile,
    ...<3 lines>...
        **pickle_load_args,
    )
  File "/usr/local/lib/python3.13/dist-packages/torch/serialization.py", line 2221, in _load
    result = unpickler.load()
  File "/usr/local/lib/python3.13/dist-packages/numpy/__init__.py", line 795, in __getattr__
    raise AttributeError(f"module {__name__!r} has no attribute {attr!r}")
AttributeError: module 'numpy' has no attribute 'runstring'. Did you mean: 'fromstring'?

[validity-debug] Container failed with code 1
[validity-debug] Container stdout: 
[validity-debug] Container stderr: Traceback (most recent call last):
  File "<string>", line 3, in <module>
    obj = torch.load('/tmp/tmp8an7mcuj.pt', weights_only=False, map_location='cpu')
  File "/usr/local/lib/python3.13/dist-packages/torch/serialization.py", line 1610, in load
    return _load(
        opened_zipfile,
    ...<3 lines>...
        **pickle_load_args,
    )
  File "/usr/local/lib/python3.13/dist-packages/torch/serialization.py", line 2221, in _load
    result = unpickler.load()
AttributeError: module 'IPython' has no attribute 'system'

[validity-debug] Container failed with code 1
[validity-debug] Container stdout: 
[validity-debug] Container stderr: Traceback (most recent call last):
  File "<string>", line 3, in <module>
    obj = torch.load('/tmp/tmptj38ux6e.pt', weights_only=False, map_location='cpu')
  File "/usr/local/lib/python3.13/dist-packages/torch/serialization.py", line 1610, in load
    return _load(
        opened_zipfile,
    ...<3 lines>...
        **pickle_load_args,
    )
  File "/usr/local/lib/python3.13/dist-packages/torch/serialization.py", line 2221, in _load
    result = unpickler.load()
AttributeError: module 'IPython' has no attribute 'system'

Round 4 Complete: Valid=15/20, Bypasses=0, Mean Fitness=1.513, Opcode Cov=42.6%, Callable Cov=48.0%, Per-scanner evasions={'fickling': 20}

--- Round 5 / 5 ---
Mutation params: op_swap=0.35, sub=0.35, fuzz=0.35
Generated 20 candidate checkpoints (families: {'gadget': 6, 'overwritten': 4, 'pypi_injected': 0, 'external': 2, 'indirect_chain': 8}).
[validity-debug] Container failed with code 1
[validity-debug] Container stdout: 
[validity-debug] Container stderr: Traceback (most recent call last):
  File "<string>", line 3, in <module>
    obj = torch.load('/tmp/tmpf8_7xhqb.pt', weights_only=False, map_location='cpu')
  File "/usr/local/lib/python3.13/dist-packages/torch/serialization.py", line 1610, in load
    return _load(
        opened_zipfile,
    ...<3 lines>...
        **pickle_load_args,
    )
  File "/usr/local/lib/python3.13/dist-packages/torch/serialization.py", line 2221, in _load
    result = unpickler.load()
  File "/usr/local/lib/python3.13/dist-packages/numpy/__init__.py", line 795, in __getattr__
    raise AttributeError(f"module {__name__!r} has no attribute {attr!r}")
AttributeError: module 'numpy' has no attribute 'runstring'. Did you mean: 'fromstring'?

[validity-debug] Container failed with code 1
[validity-debug] Container stdout: 
[validity-debug] Container stderr: Traceback (most recent call last):
  File "<string>", line 3, in <module>
    obj = torch.load('/tmp/tmpjkc46a5r.pt', weights_only=False, map_location='cpu')
  File "/usr/local/lib/python3.13/dist-packages/torch/serialization.py", line 1610, in load
    return _load(
        opened_zipfile,
    ...<3 lines>...
        **pickle_load_args,
    )
  File "/usr/local/lib/python3.13/dist-packages/torch/serialization.py", line 2221, in _load
    result = unpickler.load()
AttributeError: module 'platform' has no attribute 'popen'

[validity-debug] Container failed with code 1
[validity-debug] Container stdout: 
[validity-debug] Container stderr: Traceback (most recent call last):
  File "<string>", line 3, in <module>
    obj = torch.load('/tmp/tmpl_lqwa5l.pt', weights_only=False, map_location='cpu')
  File "/usr/local/lib/python3.13/dist-packages/torch/serialization.py", line 1610, in load
    return _load(
        opened_zipfile,
    ...<3 lines>...
        **pickle_load_args,
    )
  File "/usr/local/lib/python3.13/dist-packages/torch/serialization.py", line 2221, in _load
    result = unpickler.load()
  File "/usr/local/lib/python3.13/dist-packages/torch/serialization.py", line 2210, in find_class
    return super().find_class(mod_name, name)
           ~~~~~~~~~~~~~~~~~~^^^^^^^^^^^^^^^^
AttributeError: Can't get attribute 'popen' on <module 'platform' from '/usr/lib/python3.13/platform.py'>

[validity-debug] Container failed with code 1
[validity-debug] Container stdout: 
[validity-debug] Container stderr: Traceback (most recent call last):
  File "<string>", line 3, in <module>
    obj = torch.load('/tmp/tmp8s8v6d03.pt', weights_only=False, map_location='cpu')
  File "/usr/local/lib/python3.13/dist-packages/torch/serialization.py", line 1610, in load
    return _load(
        opened_zipfile,
    ...<3 lines>...
        **pickle_load_args,
    )
  File "/usr/local/lib/python3.13/dist-packages/torch/serialization.py", line 2221, in _load
    result = unpickler.load()
  File "/usr/local/lib/python3.13/dist-packages/numpy/__init__.py", line 795, in __getattr__
    raise AttributeError(f"module {__name__!r} has no attribute {attr!r}")
AttributeError: module 'numpy' has no attribute 'runstring'. Did you mean: 'fromstring'?

Round 5 Complete: Valid=15/20, Bypasses=0, Mean Fitness=1.598, Opcode Cov=42.6%, Callable Cov=56.0%, Per-scanner evasions={'fickling': 20}

Written fuzzing report to docs/fuzzing-report-guided-r3.md
============================================================
CAMPAIGN COMPLETE (guided, replicate 3)
  valid candidates : 75/100
  confirmed bypasses: 0
============================================================
[Mon Aug 24 08:51:23 PM +0530 2026] Completed guided-current-r3 successfully

[Mon Aug 24 08:51:33 PM +0530 2026] Starting guided-oracle_aware-r3 (seed=1339)...
============================================================
STARTING GUIDED FUZZING CAMPAIGN (replicate 3)
============================================================

--- Round 1 / 5 ---
Mutation params: op_swap=0.15, sub=0.15, fuzz=0.15
Generated 20 candidate checkpoints (families: {'gadget': 2, 'overwritten': 4, 'pypi_injected': 5, 'external': 7, 'indirect_chain': 2}).
[validity-debug] Container failed with code 1
[validity-debug] Container stdout: 
[validity-debug] Container stderr: Traceback (most recent call last):
  File "<string>", line 3, in <module>
    obj = torch.load('/tmp/tmpp020xetn.pt', weights_only=False, map_location='cpu')
  File "/usr/local/lib/python3.13/dist-packages/torch/serialization.py", line 1610, in load
    return _load(
        opened_zipfile,
    ...<3 lines>...
        **pickle_load_args,
    )
  File "/usr/local/lib/python3.13/dist-packages/torch/serialization.py", line 2221, in _load
    result = unpickler.load()
  File "/usr/local/lib/python3.13/dist-packages/numpy/__init__.py", line 795, in __getattr__
    raise AttributeError(f"module {__name__!r} has no attribute {attr!r}")
AttributeError: module 'numpy' has no attribute 'runstring'. Did you mean: 'fromstring'?

[validity-debug] Container failed with code 1
[validity-debug] Container stdout: 
[validity-debug] Container stderr: Traceback (most recent call last):
  File "<string>", line 3, in <module>
    obj = torch.load('/tmp/tmp4mxe2pkb.pt', weights_only=False, map_location='cpu')
  File "/usr/local/lib/python3.13/dist-packages/torch/serialization.py", line 1610, in load
    return _load(
        opened_zipfile,
    ...<3 lines>...
        **pickle_load_args,
    )
  File "/usr/local/lib/python3.13/dist-packages/torch/serialization.py", line 2221, in _load
    result = unpickler.load()
  File "/usr/local/lib/python3.13/dist-packages/numpy/__init__.py", line 795, in __getattr__
    raise AttributeError(f"module {__name__!r} has no attribute {attr!r}")
AttributeError: module 'numpy' has no attribute 'runstring'. Did you mean: 'fromstring'?

[validity-debug] Container failed with code 1
[validity-debug] Container stdout: 
[validity-debug] Container stderr: Traceback (most recent call last):
  File "<string>", line 3, in <module>
    obj = torch.load('/tmp/tmpyzum30a1.pt', weights_only=False, map_location='cpu')
  File "/usr/local/lib/python3.13/dist-packages/torch/serialization.py", line 1610, in load
    return _load(
        opened_zipfile,
    ...<3 lines>...
        **pickle_load_args,
    )
  File "/usr/local/lib/python3.13/dist-packages/torch/serialization.py", line 2221, in _load
    result = unpickler.load()
  File "/usr/local/lib/python3.13/dist-packages/numpy/__init__.py", line 795, in __getattr__
    raise AttributeError(f"module {__name__!r} has no attribute {attr!r}")
AttributeError: module 'numpy' has no attribute 'runstring'. Did you mean: 'fromstring'?

[validity-debug] Container failed with code 1
[validity-debug] Container stdout: 
[validity-debug] Container stderr: Traceback (most recent call last):
  File "<string>", line 3, in <module>
    obj = torch.load('/tmp/tmp1kl2420f.pt', weights_only=False, map_location='cpu')
  File "/usr/local/lib/python3.13/dist-packages/torch/serialization.py", line 1610, in load
    return _load(
        opened_zipfile,
    ...<3 lines>...
        **pickle_load_args,
    )
  File "/usr/local/lib/python3.13/dist-packages/torch/serialization.py", line 2221, in _load
    result = unpickler.load()
  File "/usr/local/lib/python3.13/dist-packages/numpy/__init__.py", line 795, in __getattr__
    raise AttributeError(f"module {__name__!r} has no attribute {attr!r}")
AttributeError: module 'numpy' has no attribute 'runstring'. Did you mean: 'fromstring'?

[validity-debug] Container failed with code 125
[validity-debug] Container stdout: 
[validity-debug] Container stderr: python3: invalid option -- 'c'
Try 'python3 --help' for more information.

[validity-debug] Container failed with code 1
[validity-debug] Container stdout: 
[validity-debug] Container stderr: Traceback (most recent call last):
  File "<string>", line 3, in <module>
    obj = torch.load('/tmp/tmpt637elmt.pt', weights_only=False, map_location='cpu')
  File "/usr/local/lib/python3.13/dist-packages/torch/serialization.py", line 1610, in load
    return _load(
        opened_zipfile,
    ...<3 lines>...
        **pickle_load_args,
    )
  File "/usr/local/lib/python3.13/dist-packages/torch/serialization.py", line 2221, in _load
    result = unpickler.load()
AttributeError: module 'IPython' has no attribute 'system'

Round 1 Complete: Valid=14/20, Bypasses=0, Mean Fitness=3.353, Opcode Cov=42.6%, Callable Cov=32.0%, Per-scanner evasions={'fickling': 20, 'modelscan': 3}

--- Round 2 / 5 ---
Mutation params: op_swap=0.20, sub=0.20, fuzz=0.20
Generated 20 candidate checkpoints (families: {'gadget': 2, 'overwritten': 5, 'pypi_injected': 4, 'external': 3, 'indirect_chain': 6}).
[validity-debug] Container failed with code 1
[validity-debug] Container stdout: 
[validity-debug] Container stderr: Traceback (most recent call last):
  File "<string>", line 3, in <module>
    obj = torch.load('/tmp/tmpepc9_b8r.pt', weights_only=False, map_location='cpu')
  File "/usr/local/lib/python3.13/dist-packages/torch/serialization.py", line 1610, in load
    return _load(
        opened_zipfile,
    ...<3 lines>...
        **pickle_load_args,
    )
  File "/usr/local/lib/python3.13/dist-packages/torch/serialization.py", line 2221, in _load
    result = unpickler.load()
AttributeError: module 'IPython' has no attribute 'system'

[validity-debug] Container failed with code 1
[validity-debug] Container stdout: 
[validity-debug] Container stderr: Traceback (most recent call last):
  File "<string>", line 3, in <module>
    obj = torch.load('/tmp/tmpc2r765yw.pt', weights_only=False, map_location='cpu')
  File "/usr/local/lib/python3.13/dist-packages/torch/serialization.py", line 1610, in load
    return _load(
        opened_zipfile,
    ...<3 lines>...
        **pickle_load_args,
    )
  File "/usr/local/lib/python3.13/dist-packages/torch/serialization.py", line 2221, in _load
    result = unpickler.load()
AttributeError: module 'IPython' has no attribute 'system'

[validity-debug] Container failed with code 1
[validity-debug] Container stdout: 
[validity-debug] Container stderr: Traceback (most recent call last):
  File "<string>", line 3, in <module>
    obj = torch.load('/tmp/tmpd7habqzk.pt', weights_only=False, map_location='cpu')
  File "/usr/local/lib/python3.13/dist-packages/torch/serialization.py", line 1610, in load
    return _load(
        opened_zipfile,
    ...<3 lines>...
        **pickle_load_args,
    )
  File "/usr/local/lib/python3.13/dist-packages/torch/serialization.py", line 2221, in _load
    result = unpickler.load()
  File "/usr/local/lib/python3.13/dist-packages/numpy/__init__.py", line 795, in __getattr__
    raise AttributeError(f"module {__name__!r} has no attribute {attr!r}")
AttributeError: module 'numpy' has no attribute 'runstring'. Did you mean: 'fromstring'?

[validity-debug] Container failed with code 1
[validity-debug] Container stdout: 
[validity-debug] Container stderr: Traceback (most recent call last):
  File "<string>", line 3, in <module>
    obj = torch.load('/tmp/tmp214tvds4.pt', weights_only=False, map_location='cpu')
  File "/usr/local/lib/python3.13/dist-packages/torch/serialization.py", line 1610, in load
    return _load(
        opened_zipfile,
    ...<3 lines>...
        **pickle_load_args,
    )
  File "/usr/local/lib/python3.13/dist-packages/torch/serialization.py", line 2221, in _load
    result = unpickler.load()
AttributeError: module 'IPython' has no attribute 'system'

[validity-debug] Container failed with code 1
[validity-debug] Container stdout: 
[validity-debug] Container stderr: Traceback (most recent call last):
  File "<string>", line 3, in <module>
    obj = torch.load('/tmp/tmpef9upp8q.pt', weights_only=False, map_location='cpu')
  File "/usr/local/lib/python3.13/dist-packages/torch/serialization.py", line 1610, in load
    return _load(
        opened_zipfile,
    ...<3 lines>...
        **pickle_load_args,
    )
  File "/usr/local/lib/python3.13/dist-packages/torch/serialization.py", line 2221, in _load
    result = unpickler.load()
AttributeError: module 'IPython' has no attribute 'system'

[validity-debug] Container failed with code 1
[validity-debug] Container stdout: 
[validity-debug] Container stderr: Traceback (most recent call last):
  File "<string>", line 3, in <module>
    obj = torch.load('/tmp/tmpezr6h1o7.pt', weights_only=False, map_location='cpu')
  File "/usr/local/lib/python3.13/dist-packages/torch/serialization.py", line 1610, in load
    return _load(
        opened_zipfile,
    ...<3 lines>...
        **pickle_load_args,
    )
  File "/usr/local/lib/python3.13/dist-packages/torch/serialization.py", line 2221, in _load
    result = unpickler.load()
AttributeError: module 'IPython' has no attribute 'system'

Round 2 Complete: Valid=14/20, Bypasses=0, Mean Fitness=3.336, Opcode Cov=42.6%, Callable Cov=36.0%, Per-scanner evasions={'fickling': 20, 'modelscan': 2}

--- Round 3 / 5 ---
Mutation params: op_swap=0.25, sub=0.25, fuzz=0.25
Generated 20 candidate checkpoints (families: {'gadget': 3, 'overwritten': 3, 'pypi_injected': 3, 'external': 2, 'indirect_chain': 9}).
[validity-debug] Container failed with code 1
[validity-debug] Container stdout: 
[validity-debug] Container stderr: Traceback (most recent call last):
  File "<string>", line 3, in <module>
    obj = torch.load('/tmp/tmp8p9ow3z0.pt', weights_only=False, map_location='cpu')
  File "/usr/local/lib/python3.13/dist-packages/torch/serialization.py", line 1610, in load
    return _load(
        opened_zipfile,
    ...<3 lines>...
        **pickle_load_args,
    )
  File "/usr/local/lib/python3.13/dist-packages/torch/serialization.py", line 2221, in _load
    result = unpickler.load()
AttributeError: module 'IPython' has no attribute 'system'

[validity-debug] Container failed with code 1
[validity-debug] Container stdout: 
[validity-debug] Container stderr: Traceback (most recent call last):
  File "<string>", line 3, in <module>
    obj = torch.load('/tmp/tmp6bmkef3s.pt', weights_only=False, map_location='cpu')
  File "/usr/local/lib/python3.13/dist-packages/torch/serialization.py", line 1610, in load
    return _load(
        opened_zipfile,
    ...<3 lines>...
        **pickle_load_args,
    )
  File "/usr/local/lib/python3.13/dist-packages/torch/serialization.py", line 2221, in _load
    result = unpickler.load()
AttributeError: module 'IPython' has no attribute 'system'

[validity-debug] Container failed with code 1
[validity-debug] Container stdout: 
[validity-debug] Container stderr: Traceback (most recent call last):
  File "<string>", line 3, in <module>
    obj = torch.load('/tmp/tmpi02cpem3.pt', weights_only=False, map_location='cpu')
  File "/usr/local/lib/python3.13/dist-packages/torch/serialization.py", line 1610, in load
    return _load(
        opened_zipfile,
    ...<3 lines>...
        **pickle_load_args,
    )
  File "/usr/local/lib/python3.13/dist-packages/torch/serialization.py", line 2221, in _load
    result = unpickler.load()
  File "/usr/local/lib/python3.13/dist-packages/numpy/__init__.py", line 795, in __getattr__
    raise AttributeError(f"module {__name__!r} has no attribute {attr!r}")
AttributeError: module 'numpy' has no attribute 'runstring'. Did you mean: 'fromstring'?

Round 3 Complete: Valid=17/20, Bypasses=0, Mean Fitness=3.968, Opcode Cov=42.6%, Callable Cov=44.0%, Per-scanner evasions={'fickling': 20, 'modelscan': 1}

--- Round 4 / 5 ---
Mutation params: op_swap=0.30, sub=0.30, fuzz=0.30
Generated 20 candidate checkpoints (families: {'gadget': 2, 'overwritten': 5, 'pypi_injected': 4, 'external': 1, 'indirect_chain': 8}).
[validity-debug] Container failed with code 1
[validity-debug] Container stdout: 
[validity-debug] Container stderr: Traceback (most recent call last):
  File "<string>", line 3, in <module>
    obj = torch.load('/tmp/tmphp3dvhko.pt', weights_only=False, map_location='cpu')
  File "/usr/local/lib/python3.13/dist-packages/torch/serialization.py", line 1610, in load
    return _load(
        opened_zipfile,
    ...<3 lines>...
        **pickle_load_args,
    )
  File "/usr/local/lib/python3.13/dist-packages/torch/serialization.py", line 2221, in _load
    result = unpickler.load()
AttributeError: module 'IPython' has no attribute 'system'

[validity-debug] Container failed with code 1
[validity-debug] Container stdout: 
[validity-debug] Container stderr: Traceback (most recent call last):
  File "<string>", line 3, in <module>
    obj = torch.load('/tmp/tmpbiddgisf.pt', weights_only=False, map_location='cpu')
  File "/usr/local/lib/python3.13/dist-packages/torch/serialization.py", line 1610, in load
    return _load(
        opened_zipfile,
    ...<3 lines>...
        **pickle_load_args,
    )
  File "/usr/local/lib/python3.13/dist-packages/torch/serialization.py", line 2221, in _load
    result = unpickler.load()
AttributeError: module 'IPython' has no attribute 'system'

[validity-debug] Container failed with code 1
[validity-debug] Container stdout: 
[validity-debug] Container stderr: Traceback (most recent call last):
  File "<string>", line 3, in <module>
    obj = torch.load('/tmp/tmpkw_p6m79.pt', weights_only=False, map_location='cpu')
  File "/usr/local/lib/python3.13/dist-packages/torch/serialization.py", line 1610, in load
    return _load(
        opened_zipfile,
    ...<3 lines>...
        **pickle_load_args,
    )
  File "/usr/local/lib/python3.13/dist-packages/torch/serialization.py", line 2221, in _load
    result = unpickler.load()
  File "/usr/local/lib/python3.13/dist-packages/numpy/__init__.py", line 795, in __getattr__
    raise AttributeError(f"module {__name__!r} has no attribute {attr!r}")
AttributeError: module 'numpy' has no attribute 'runstring'. Did you mean: 'fromstring'?

[validity-debug] Container failed with code 1
[validity-debug] Container stdout: 
[validity-debug] Container stderr: Traceback (most recent call last):
  File "<string>", line 3, in <module>
    obj = torch.load('/tmp/tmppe34ztdn.pt', weights_only=False, map_location='cpu')
  File "/usr/local/lib/python3.13/dist-packages/torch/serialization.py", line 1610, in load
    return _load(
        opened_zipfile,
    ...<3 lines>...
        **pickle_load_args,
    )
  File "/usr/local/lib/python3.13/dist-packages/torch/serialization.py", line 2221, in _load
    result = unpickler.load()
AttributeError: module 'IPython' has no attribute 'system'

[validity-debug] Container failed with code 1
[validity-debug] Container stdout: 
[validity-debug] Container stderr: Traceback (most recent call last):
  File "<string>", line 3, in <module>
    obj = torch.load('/tmp/tmppk5j6slm.pt', weights_only=False, map_location='cpu')
  File "/usr/local/lib/python3.13/dist-packages/torch/serialization.py", line 1610, in load
    return _load(
        opened_zipfile,
    ...<3 lines>...
        **pickle_load_args,
    )
  File "/usr/local/lib/python3.13/dist-packages/torch/serialization.py", line 2221, in _load
    result = unpickler.load()
AttributeError: module 'IPython' has no attribute 'system'

Round 4 Complete: Valid=15/20, Bypasses=0, Mean Fitness=2.984, Opcode Cov=42.6%, Callable Cov=48.0%, Per-scanner evasions={'fickling': 20}

--- Round 5 / 5 ---
Mutation params: op_swap=0.35, sub=0.35, fuzz=0.35
Generated 20 candidate checkpoints (families: {'gadget': 6, 'overwritten': 4, 'pypi_injected': 0, 'external': 2, 'indirect_chain': 8}).
[validity-debug] Container failed with code 1
[validity-debug] Container stdout: 
[validity-debug] Container stderr: Traceback (most recent call last):
  File "<string>", line 3, in <module>
    obj = torch.load('/tmp/tmpgi71jrc1.pt', weights_only=False, map_location='cpu')
  File "/usr/local/lib/python3.13/dist-packages/torch/serialization.py", line 1610, in load
    return _load(
        opened_zipfile,
    ...<3 lines>...
        **pickle_load_args,
    )
  File "/usr/local/lib/python3.13/dist-packages/torch/serialization.py", line 2221, in _load
    result = unpickler.load()
  File "/usr/local/lib/python3.13/dist-packages/numpy/__init__.py", line 795, in __getattr__
    raise AttributeError(f"module {__name__!r} has no attribute {attr!r}")
AttributeError: module 'numpy' has no attribute 'runstring'. Did you mean: 'fromstring'?

[validity-debug] Container failed with code 1
[validity-debug] Container stdout: 
[validity-debug] Container stderr: Traceback (most recent call last):
  File "<string>", line 3, in <module>
    obj = torch.load('/tmp/tmp1jxvf8m7.pt', weights_only=False, map_location='cpu')
  File "/usr/local/lib/python3.13/dist-packages/torch/serialization.py", line 1610, in load
    return _load(
        opened_zipfile,
    ...<3 lines>...
        **pickle_load_args,
    )
  File "/usr/local/lib/python3.13/dist-packages/torch/serialization.py", line 2221, in _load
    result = unpickler.load()
AttributeError: module 'platform' has no attribute 'popen'

[validity-debug] Container failed with code 1
[validity-debug] Container stdout: 
[validity-debug] Container stderr: Traceback (most recent call last):
  File "<string>", line 3, in <module>
    obj = torch.load('/tmp/tmpdls9uee3.pt', weights_only=False, map_location='cpu')
  File "/usr/local/lib/python3.13/dist-packages/torch/serialization.py", line 1610, in load
    return _load(
        opened_zipfile,
    ...<3 lines>...
        **pickle_load_args,
    )
  File "/usr/local/lib/python3.13/dist-packages/torch/serialization.py", line 2221, in _load
    result = unpickler.load()
  File "/usr/local/lib/python3.13/dist-packages/numpy/__init__.py", line 795, in __getattr__
    raise AttributeError(f"module {__name__!r} has no attribute {attr!r}")
AttributeError: module 'numpy' has no attribute 'runstring'. Did you mean: 'fromstring'?

Round 5 Complete: Valid=15/20, Bypasses=0, Mean Fitness=3.219, Opcode Cov=42.6%, Callable Cov=56.0%, Per-scanner evasions={'fickling': 20}

Written fuzzing report to docs/fuzzing-report-guided-r3.md
============================================================
CAMPAIGN COMPLETE (guided, replicate 3)
  valid candidates : 75/100
  confirmed bypasses: 0
============================================================
[Mon Aug 24 09:01:22 PM +0530 2026] Completed guided-oracle_aware-r3 successfully

[Mon Aug 24 09:01:32 PM +0530 2026] Starting unguided-current-r4 (seed=1340)...
============================================================
STARTING UNGUIDED FUZZING CAMPAIGN (replicate 4)
============================================================

--- Round 1 / 5 ---
Unguided mode: uniform random callable selection.
Generated 20 candidate checkpoints (families: {'gadget': 3, 'overwritten': 8, 'pypi_injected': 1, 'external': 2, 'indirect_chain': 6}).
[validity-debug] Container failed with code 1
[validity-debug] Container stdout: 
[validity-debug] Container stderr: Traceback (most recent call last):
  File "<string>", line 3, in <module>
    obj = torch.load('/tmp/tmpanfwaatm.pt', weights_only=False, map_location='cpu')
  File "/usr/local/lib/python3.13/dist-packages/torch/serialization.py", line 1610, in load
    return _load(
        opened_zipfile,
    ...<3 lines>...
        **pickle_load_args,
    )
  File "/usr/local/lib/python3.13/dist-packages/torch/serialization.py", line 2221, in _load
    result = unpickler.load()
  File "/usr/local/lib/python3.13/dist-packages/numpy/__init__.py", line 795, in __getattr__
    raise AttributeError(f"module {__name__!r} has no attribute {attr!r}")
AttributeError: module 'numpy' has no attribute 'runstring'. Did you mean: 'fromstring'?

[validity-debug] Container failed with code 1
[validity-debug] Container stdout: 
[validity-debug] Container stderr: Traceback (most recent call last):
  File "<string>", line 3, in <module>
    obj = torch.load('/tmp/tmpm2ypsnub.pt', weights_only=False, map_location='cpu')
  File "/usr/local/lib/python3.13/dist-packages/torch/serialization.py", line 1610, in load
    return _load(
        opened_zipfile,
    ...<3 lines>...
        **pickle_load_args,
    )
  File "/usr/local/lib/python3.13/dist-packages/torch/serialization.py", line 2221, in _load
    result = unpickler.load()
  File "/usr/local/lib/python3.13/dist-packages/numpy/__init__.py", line 795, in __getattr__
    raise AttributeError(f"module {__name__!r} has no attribute {attr!r}")
AttributeError: module 'numpy' has no attribute 'runstring'. Did you mean: 'fromstring'?

Round 1 Complete: Valid=18/20, Bypasses=0, Mean Fitness=1.513, Opcode Cov=42.6%, Callable Cov=28.0%, Per-scanner evasions={'fickling': 20}

--- Round 2 / 5 ---
Unguided mode: uniform random callable selection.
Generated 20 candidate checkpoints (families: {'gadget': 1, 'overwritten': 6, 'pypi_injected': 3, 'external': 5, 'indirect_chain': 5}).
[validity-debug] Container failed with code 1
[validity-debug] Container stdout: 
[validity-debug] Container stderr: Traceback (most recent call last):
  File "<string>", line 3, in <module>
    obj = torch.load('/tmp/tmp89vtsbyb.pt', weights_only=False, map_location='cpu')
  File "/usr/local/lib/python3.13/dist-packages/torch/serialization.py", line 1610, in load
    return _load(
        opened_zipfile,
    ...<3 lines>...
        **pickle_load_args,
    )
  File "/usr/local/lib/python3.13/dist-packages/torch/serialization.py", line 2221, in _load
    result = unpickler.load()
AttributeError: module 'IPython' has no attribute 'system'

[validity-debug] Container failed with code 1
[validity-debug] Container stdout: 
[validity-debug] Container stderr: Traceback (most recent call last):
  File "<string>", line 3, in <module>
    obj = torch.load('/tmp/tmpjmkzvrpq.pt', weights_only=False, map_location='cpu')
  File "/usr/local/lib/python3.13/dist-packages/torch/serialization.py", line 1610, in load
    return _load(
        opened_zipfile,
    ...<3 lines>...
        **pickle_load_args,
    )
  File "/usr/local/lib/python3.13/dist-packages/torch/serialization.py", line 2221, in _load
    result = unpickler.load()
  File "/usr/local/lib/python3.13/dist-packages/numpy/__init__.py", line 795, in __getattr__
    raise AttributeError(f"module {__name__!r} has no attribute {attr!r}")
AttributeError: module 'numpy' has no attribute 'runstring'. Did you mean: 'fromstring'?

[validity-debug] Container failed with code 1
[validity-debug] Container stdout: 
[validity-debug] Container stderr: Traceback (most recent call last):
  File "<string>", line 3, in <module>
    obj = torch.load('/tmp/tmpa6_o2e7_.pt', weights_only=False, map_location='cpu')
  File "/usr/local/lib/python3.13/dist-packages/torch/serialization.py", line 1610, in load
    return _load(
        opened_zipfile,
    ...<3 lines>...
        **pickle_load_args,
    )
  File "/usr/local/lib/python3.13/dist-packages/torch/serialization.py", line 2221, in _load
    result = unpickler.load()
AttributeError: module 'IPython' has no attribute 'system'

[validity-debug] Container failed with code 1
[validity-debug] Container stdout: 
[validity-debug] Container stderr: Traceback (most recent call last):
  File "<string>", line 3, in <module>
    obj = torch.load('/tmp/tmp2jpdofdw.pt', weights_only=False, map_location='cpu')
  File "/usr/local/lib/python3.13/dist-packages/torch/serialization.py", line 1610, in load
    return _load(
        opened_zipfile,
    ...<3 lines>...
        **pickle_load_args,
    )
  File "/usr/local/lib/python3.13/dist-packages/torch/serialization.py", line 2221, in _load
    result = unpickler.load()
  File "/usr/local/lib/python3.13/dist-packages/numpy/__init__.py", line 795, in __getattr__
    raise AttributeError(f"module {__name__!r} has no attribute {attr!r}")
AttributeError: module 'numpy' has no attribute 'runstring'. Did you mean: 'fromstring'?

[validity-debug] Container failed with code 1
[validity-debug] Container stdout: 
[validity-debug] Container stderr: Traceback (most recent call last):
  File "<string>", line 3, in <module>
    obj = torch.load('/tmp/tmpj__8ir83.pt', weights_only=False, map_location='cpu')
  File "/usr/local/lib/python3.13/dist-packages/torch/serialization.py", line 1610, in load
    return _load(
        opened_zipfile,
    ...<3 lines>...
        **pickle_load_args,
    )
  File "/usr/local/lib/python3.13/dist-packages/torch/serialization.py", line 2221, in _load
    result = unpickler.load()
  File "/usr/local/lib/python3.13/dist-packages/numpy/__init__.py", line 795, in __getattr__
    raise AttributeError(f"module {__name__!r} has no attribute {attr!r}")
AttributeError: module 'numpy' has no attribute 'runstring'. Did you mean: 'fromstring'?

Round 2 Complete: Valid=15/20, Bypasses=1, Mean Fitness=1.499, Opcode Cov=42.6%, Callable Cov=32.0%, Per-scanner evasions={'fickling': 20, 'modelscan': 3, 'picklescan': 1}

--- Round 3 / 5 ---
Unguided mode: uniform random callable selection.
Generated 20 candidate checkpoints (families: {'gadget': 3, 'overwritten': 4, 'pypi_injected': 5, 'external': 2, 'indirect_chain': 6}).
[validity-debug] Container failed with code 1
[validity-debug] Container stdout: 
[validity-debug] Container stderr: Traceback (most recent call last):
  File "<string>", line 3, in <module>
    obj = torch.load('/tmp/tmplv9jduwu.pt', weights_only=False, map_location='cpu')
  File "/usr/local/lib/python3.13/dist-packages/torch/serialization.py", line 1610, in load
    return _load(
        opened_zipfile,
    ...<3 lines>...
        **pickle_load_args,
    )
  File "/usr/local/lib/python3.13/dist-packages/torch/serialization.py", line 2221, in _load
    result = unpickler.load()
AttributeError: module 'IPython' has no attribute 'system'

[validity-debug] Container failed with code 1
[validity-debug] Container stdout: 
[validity-debug] Container stderr: Traceback (most recent call last):
  File "<string>", line 3, in <module>
    obj = torch.load('/tmp/tmpr2n6ryg0.pt', weights_only=False, map_location='cpu')
  File "/usr/local/lib/python3.13/dist-packages/torch/serialization.py", line 1610, in load
    return _load(
        opened_zipfile,
    ...<3 lines>...
        **pickle_load_args,
    )
  File "/usr/local/lib/python3.13/dist-packages/torch/serialization.py", line 2221, in _load
    result = unpickler.load()
AttributeError: module 'IPython' has no attribute 'system'

[validity-debug] Container failed with code 1
[validity-debug] Container stdout: 
[validity-debug] Container stderr: Traceback (most recent call last):
  File "<string>", line 3, in <module>
    obj = torch.load('/tmp/tmp_w_bk1g6.pt', weights_only=False, map_location='cpu')
  File "/usr/local/lib/python3.13/dist-packages/torch/serialization.py", line 1610, in load
    return _load(
        opened_zipfile,
    ...<3 lines>...
        **pickle_load_args,
    )
  File "/usr/local/lib/python3.13/dist-packages/torch/serialization.py", line 2221, in _load
    result = unpickler.load()
AttributeError: module 'IPython' has no attribute 'system'

[validity-debug] Container failed with code 125
[validity-debug] Container stdout: 
[validity-debug] Container stderr: python3: invalid option -- 'c'
Try 'python3 --help' for more information.

[validity-debug] Container failed with code 1
[validity-debug] Container stdout: 
[validity-debug] Container stderr: Traceback (most recent call last):
  File "<string>", line 3, in <module>
    obj = torch.load('/tmp/tmpy017ku4k.pt', weights_only=False, map_location='cpu')
  File "/usr/local/lib/python3.13/dist-packages/torch/serialization.py", line 1610, in load
    return _load(
        opened_zipfile,
    ...<3 lines>...
        **pickle_load_args,
    )
  File "/usr/local/lib/python3.13/dist-packages/torch/serialization.py", line 2221, in _load
    result = unpickler.load()
  File "/usr/local/lib/python3.13/dist-packages/numpy/__init__.py", line 795, in __getattr__
    raise AttributeError(f"module {__name__!r} has no attribute {attr!r}")
AttributeError: module 'numpy' has no attribute 'runstring'. Did you mean: 'fromstring'?

Round 3 Complete: Valid=15/20, Bypasses=1, Mean Fitness=1.392, Opcode Cov=42.6%, Callable Cov=32.0%, Per-scanner evasions={'fickling': 20, 'modelscan': 2, 'picklescan': 1}

--- Round 4 / 5 ---
Unguided mode: uniform random callable selection.
Generated 20 candidate checkpoints (families: {'gadget': 1, 'overwritten': 4, 'pypi_injected': 3, 'external': 7, 'indirect_chain': 5}).
[validity-debug] Container failed with code 1
[validity-debug] Container stdout: 
[validity-debug] Container stderr: Traceback (most recent call last):
  File "<string>", line 3, in <module>
    obj = torch.load('/tmp/tmp6qv0tcb9.pt', weights_only=False, map_location='cpu')
  File "/usr/local/lib/python3.13/dist-packages/torch/serialization.py", line 1610, in load
    return _load(
        opened_zipfile,
    ...<3 lines>...
        **pickle_load_args,
    )
  File "/usr/local/lib/python3.13/dist-packages/torch/serialization.py", line 2221, in _load
    result = unpickler.load()
  File "/usr/local/lib/python3.13/dist-packages/numpy/__init__.py", line 795, in __getattr__
    raise AttributeError(f"module {__name__!r} has no attribute {attr!r}")
AttributeError: module 'numpy' has no attribute 'runstring'. Did you mean: 'fromstring'?

[validity-debug] Container failed with code 1
[validity-debug] Container stdout: 
[validity-debug] Container stderr: Traceback (most recent call last):
  File "<string>", line 3, in <module>
    obj = torch.load('/tmp/tmphljg4eie.pt', weights_only=False, map_location='cpu')
  File "/usr/local/lib/python3.13/dist-packages/torch/serialization.py", line 1610, in load
    return _load(
        opened_zipfile,
    ...<3 lines>...
        **pickle_load_args,
    )
  File "/usr/local/lib/python3.13/dist-packages/torch/serialization.py", line 2221, in _load
    result = unpickler.load()
AttributeError: module 'IPython' has no attribute 'system'

[validity-debug] Container failed with code 1
[validity-debug] Container stdout: 
[validity-debug] Container stderr: Traceback (most recent call last):
  File "<string>", line 3, in <module>
    obj = torch.load('/tmp/tmp5km83g8c.pt', weights_only=False, map_location='cpu')
  File "/usr/local/lib/python3.13/dist-packages/torch/serialization.py", line 1610, in load
    return _load(
        opened_zipfile,
    ...<3 lines>...
        **pickle_load_args,
    )
  File "/usr/local/lib/python3.13/dist-packages/torch/serialization.py", line 2221, in _load
    result = unpickler.load()
  File "/usr/local/lib/python3.13/dist-packages/numpy/__init__.py", line 795, in __getattr__
    raise AttributeError(f"module {__name__!r} has no attribute {attr!r}")
AttributeError: module 'numpy' has no attribute 'runstring'. Did you mean: 'fromstring'?

[validity-debug] Container failed with code 1
[validity-debug] Container stdout: 
[validity-debug] Container stderr: Traceback (most recent call last):
  File "<string>", line 3, in <module>
    obj = torch.load('/tmp/tmpvdq81_bl.pt', weights_only=False, map_location='cpu')
  File "/usr/local/lib/python3.13/dist-packages/torch/serialization.py", line 1610, in load
    return _load(
        opened_zipfile,
    ...<3 lines>...
        **pickle_load_args,
    )
  File "/usr/local/lib/python3.13/dist-packages/torch/serialization.py", line 2221, in _load
    result = unpickler.load()
  File "/usr/local/lib/python3.13/dist-packages/numpy/__init__.py", line 795, in __getattr__
    raise AttributeError(f"module {__name__!r} has no attribute {attr!r}")
AttributeError: module 'numpy' has no attribute 'runstring'. Did you mean: 'fromstring'?

Round 4 Complete: Valid=16/20, Bypasses=0, Mean Fitness=1.570, Opcode Cov=42.6%, Callable Cov=32.0%, Per-scanner evasions={'fickling': 20, 'modelscan': 4}

--- Round 5 / 5 ---
Unguided mode: uniform random callable selection.
Generated 20 candidate checkpoints (families: {'gadget': 2, 'overwritten': 4, 'pypi_injected': 2, 'external': 7, 'indirect_chain': 5}).
[validity-debug] Container failed with code 1
[validity-debug] Container stdout: 
[validity-debug] Container stderr: Traceback (most recent call last):
  File "<string>", line 3, in <module>
    obj = torch.load('/tmp/tmp6s1iijut.pt', weights_only=False, map_location='cpu')
  File "/usr/local/lib/python3.13/dist-packages/torch/serialization.py", line 1610, in load
    return _load(
        opened_zipfile,
    ...<3 lines>...
        **pickle_load_args,
    )
  File "/usr/local/lib/python3.13/dist-packages/torch/serialization.py", line 2221, in _load
    result = unpickler.load()
  File "/usr/local/lib/python3.13/dist-packages/numpy/__init__.py", line 795, in __getattr__
    raise AttributeError(f"module {__name__!r} has no attribute {attr!r}")
AttributeError: module 'numpy' has no attribute 'runstring'. Did you mean: 'fromstring'?

[validity-debug] Container failed with code 1
[validity-debug] Container stdout: 
[validity-debug] Container stderr: Traceback (most recent call last):
  File "<string>", line 3, in <module>
    obj = torch.load('/tmp/tmpbionfaok.pt', weights_only=False, map_location='cpu')
  File "/usr/local/lib/python3.13/dist-packages/torch/serialization.py", line 1610, in load
    return _load(
        opened_zipfile,
    ...<3 lines>...
        **pickle_load_args,
    )
  File "/usr/local/lib/python3.13/dist-packages/torch/serialization.py", line 2221, in _load
    result = unpickler.load()
  File "/usr/local/lib/python3.13/dist-packages/numpy/__init__.py", line 795, in __getattr__
    raise AttributeError(f"module {__name__!r} has no attribute {attr!r}")
AttributeError: module 'numpy' has no attribute 'runstring'. Did you mean: 'fromstring'?

[validity-debug] Container failed with code 125
[validity-debug] Container stdout: 
[validity-debug] Container stderr: python3: invalid option -- 'c'
Try 'python3 --help' for more information.

[validity-debug] Container failed with code 1
[validity-debug] Container stdout: 
[validity-debug] Container stderr: Traceback (most recent call last):
  File "<string>", line 3, in <module>
    obj = torch.load('/tmp/tmp6jt8piz_.pt', weights_only=False, map_location='cpu')
  File "/usr/local/lib/python3.13/dist-packages/torch/serialization.py", line 1610, in load
    return _load(
        opened_zipfile,
    ...<3 lines>...
        **pickle_load_args,
    )
  File "/usr/local/lib/python3.13/dist-packages/torch/serialization.py", line 2221, in _load
    result = unpickler.load()
  File "/usr/local/lib/python3.13/dist-packages/numpy/__init__.py", line 795, in __getattr__
    raise AttributeError(f"module {__name__!r} has no attribute {attr!r}")
AttributeError: module 'numpy' has no attribute 'runstring'. Did you mean: 'fromstring'?

[validity-debug] Container failed with code 1
[validity-debug] Container stdout: 
[validity-debug] Container stderr: Traceback (most recent call last):
  File "<string>", line 3, in <module>
    obj = torch.load('/tmp/tmp4w_mx8z7.pt', weights_only=False, map_location='cpu')
  File "/usr/local/lib/python3.13/dist-packages/torch/serialization.py", line 1610, in load
    return _load(
        opened_zipfile,
    ...<3 lines>...
        **pickle_load_args,
    )
  File "/usr/local/lib/python3.13/dist-packages/torch/serialization.py", line 2221, in _load
    result = unpickler.load()
  File "/usr/local/lib/python3.13/dist-packages/numpy/__init__.py", line 795, in __getattr__
    raise AttributeError(f"module {__name__!r} has no attribute {attr!r}")
AttributeError: module 'numpy' has no attribute 'runstring'. Did you mean: 'fromstring'?

[validity-debug] Container failed with code 1
[validity-debug] Container stdout: 
[validity-debug] Container stderr: Traceback (most recent call last):
  File "<string>", line 3, in <module>
    obj = torch.load('/tmp/tmpricx_g7x.pt', weights_only=False, map_location='cpu')
  File "/usr/local/lib/python3.13/dist-packages/torch/serialization.py", line 1610, in load
    return _load(
        opened_zipfile,
    ...<3 lines>...
        **pickle_load_args,
    )
  File "/usr/local/lib/python3.13/dist-packages/torch/serialization.py", line 2221, in _load
    result = unpickler.load()
AttributeError: module 'IPython' has no attribute 'system'

[validity-debug] Container failed with code 1
[validity-debug] Container stdout: 
[validity-debug] Container stderr: Traceback (most recent call last):
  File "<string>", line 3, in <module>
    obj = torch.load('/tmp/tmpsv1_nx1p.pt', weights_only=False, map_location='cpu')
  File "/usr/local/lib/python3.13/dist-packages/torch/serialization.py", line 1610, in load
    return _load(
        opened_zipfile,
    ...<3 lines>...
        **pickle_load_args,
    )
  File "/usr/local/lib/python3.13/dist-packages/torch/serialization.py", line 2221, in _load
    result = unpickler.load()
  File "/usr/local/lib/python3.13/dist-packages/numpy/__init__.py", line 795, in __getattr__
    raise AttributeError(f"module {__name__!r} has no attribute {attr!r}")
AttributeError: module 'numpy' has no attribute 'runstring'. Did you mean: 'fromstring'?

Round 5 Complete: Valid=13/20, Bypasses=1, Mean Fitness=1.299, Opcode Cov=42.6%, Callable Cov=32.0%, Per-scanner evasions={'fickling': 20, 'modelscan': 3, 'picklescan': 1}

Written fuzzing report to docs/fuzzing-report-unguided-r4.md
============================================================
CAMPAIGN COMPLETE (unguided, replicate 4)
  valid candidates : 77/100
  confirmed bypasses: 3
============================================================
[Mon Aug 24 09:11:07 PM +0530 2026] Completed unguided-current-r4 successfully

[Mon Aug 24 09:11:17 PM +0530 2026] Starting guided-current-r4 (seed=1340)...
============================================================
STARTING GUIDED FUZZING CAMPAIGN (replicate 4)
============================================================

--- Round 1 / 5 ---
Mutation params: op_swap=0.15, sub=0.15, fuzz=0.15
Generated 20 candidate checkpoints (families: {'gadget': 2, 'overwritten': 4, 'pypi_injected': 5, 'external': 5, 'indirect_chain': 4}).
[validity-debug] Container failed with code 1
[validity-debug] Container stdout: 
[validity-debug] Container stderr: Traceback (most recent call last):
  File "<string>", line 3, in <module>
    obj = torch.load('/tmp/tmpxs0kv7s5.pt', weights_only=False, map_location='cpu')
  File "/usr/local/lib/python3.13/dist-packages/torch/serialization.py", line 1610, in load
    return _load(
        opened_zipfile,
    ...<3 lines>...
        **pickle_load_args,
    )
  File "/usr/local/lib/python3.13/dist-packages/torch/serialization.py", line 2221, in _load
    result = unpickler.load()
AttributeError: module 'IPython' has no attribute 'system'

[validity-debug] Container failed with code 1
[validity-debug] Container stdout: 
[validity-debug] Container stderr: Traceback (most recent call last):
  File "<string>", line 3, in <module>
    obj = torch.load('/tmp/tmpm5ttmz_l.pt', weights_only=False, map_location='cpu')
  File "/usr/local/lib/python3.13/dist-packages/torch/serialization.py", line 1610, in load
    return _load(
        opened_zipfile,
    ...<3 lines>...
        **pickle_load_args,
    )
  File "/usr/local/lib/python3.13/dist-packages/torch/serialization.py", line 2221, in _load
    result = unpickler.load()
  File "/usr/local/lib/python3.13/dist-packages/numpy/__init__.py", line 795, in __getattr__
    raise AttributeError(f"module {__name__!r} has no attribute {attr!r}")
AttributeError: module 'numpy' has no attribute 'runstring'. Did you mean: 'fromstring'?

[validity-debug] Container failed with code 1
[validity-debug] Container stdout: 
[validity-debug] Container stderr: Traceback (most recent call last):
  File "<string>", line 3, in <module>
    obj = torch.load('/tmp/tmpqmzt46d9.pt', weights_only=False, map_location='cpu')
  File "/usr/local/lib/python3.13/dist-packages/torch/serialization.py", line 1610, in load
    return _load(
        opened_zipfile,
    ...<3 lines>...
        **pickle_load_args,
    )
  File "/usr/local/lib/python3.13/dist-packages/torch/serialization.py", line 2221, in _load
    result = unpickler.load()
  File "/usr/local/lib/python3.13/dist-packages/numpy/__init__.py", line 795, in __getattr__
    raise AttributeError(f"module {__name__!r} has no attribute {attr!r}")
AttributeError: module 'numpy' has no attribute 'runstring'. Did you mean: 'fromstring'?

[validity-debug] Container failed with code 1
[validity-debug] Container stdout: 
[validity-debug] Container stderr: Traceback (most recent call last):
  File "<string>", line 3, in <module>
    obj = torch.load('/tmp/tmp5af5sa6z.pt', weights_only=False, map_location='cpu')
  File "/usr/local/lib/python3.13/dist-packages/torch/serialization.py", line 1610, in load
    return _load(
        opened_zipfile,
    ...<3 lines>...
        **pickle_load_args,
    )
  File "/usr/local/lib/python3.13/dist-packages/torch/serialization.py", line 2221, in _load
    result = unpickler.load()
AttributeError: module 'IPython' has no attribute 'system'

Round 1 Complete: Valid=16/20, Bypasses=1, Mean Fitness=2.750, Opcode Cov=42.6%, Callable Cov=24.0%, Per-scanner evasions={'fickling': 20, 'modelscan': 4, 'picklescan': 1}

--- Round 2 / 5 ---
Mutation params: op_swap=0.20, sub=0.20, fuzz=0.20
Generated 20 candidate checkpoints (families: {'gadget': 1, 'overwritten': 1, 'pypi_injected': 9, 'external': 4, 'indirect_chain': 5}).
[validity-debug] Container failed with code 1
[validity-debug] Container stdout: 
[validity-debug] Container stderr: Traceback (most recent call last):
  File "<string>", line 3, in <module>
    obj = torch.load('/tmp/tmp4rl859ta.pt', weights_only=False, map_location='cpu')
  File "/usr/local/lib/python3.13/dist-packages/torch/serialization.py", line 1610, in load
    return _load(
        opened_zipfile,
    ...<3 lines>...
        **pickle_load_args,
    )
  File "/usr/local/lib/python3.13/dist-packages/torch/serialization.py", line 2221, in _load
    result = unpickler.load()
  File "/usr/local/lib/python3.13/dist-packages/numpy/__init__.py", line 795, in __getattr__
    raise AttributeError(f"module {__name__!r} has no attribute {attr!r}")
AttributeError: module 'numpy' has no attribute 'runstring'. Did you mean: 'fromstring'?

[validity-debug] Container failed with code 1
[validity-debug] Container stdout: 
[validity-debug] Container stderr: Traceback (most recent call last):
  File "<string>", line 3, in <module>
    obj = torch.load('/tmp/tmpurm1t7_q.pt', weights_only=False, map_location='cpu')
  File "/usr/local/lib/python3.13/dist-packages/torch/serialization.py", line 1610, in load
    return _load(
        opened_zipfile,
    ...<3 lines>...
        **pickle_load_args,
    )
  File "/usr/local/lib/python3.13/dist-packages/torch/serialization.py", line 2221, in _load
    result = unpickler.load()
  File "/usr/local/lib/python3.13/dist-packages/numpy/__init__.py", line 795, in __getattr__
    raise AttributeError(f"module {__name__!r} has no attribute {attr!r}")
AttributeError: module 'numpy' has no attribute 'runstring'. Did you mean: 'fromstring'?

[validity-debug] Container failed with code 1
[validity-debug] Container stdout: 
[validity-debug] Container stderr: Traceback (most recent call last):
  File "<string>", line 3, in <module>
    obj = torch.load('/tmp/tmp4nsiqavx.pt', weights_only=False, map_location='cpu')
  File "/usr/local/lib/python3.13/dist-packages/torch/serialization.py", line 1610, in load
    return _load(
        opened_zipfile,
    ...<3 lines>...
        **pickle_load_args,
    )
  File "/usr/local/lib/python3.13/dist-packages/torch/serialization.py", line 2221, in _load
    result = unpickler.load()
AttributeError: module 'IPython' has no attribute 'system'

[validity-debug] Container failed with code 1
[validity-debug] Container stdout: 
[validity-debug] Container stderr: Traceback (most recent call last):
  File "<string>", line 3, in <module>
    obj = torch.load('/tmp/tmpg7u9bngn.pt', weights_only=False, map_location='cpu')
  File "/usr/local/lib/python3.13/dist-packages/torch/serialization.py", line 1610, in load
    return _load(
        opened_zipfile,
    ...<3 lines>...
        **pickle_load_args,
    )
  File "/usr/local/lib/python3.13/dist-packages/torch/serialization.py", line 2221, in _load
    result = unpickler.load()
AttributeError: module 'IPython' has no attribute 'system'

[validity-debug] Container failed with code 1
[validity-debug] Container stdout: 
[validity-debug] Container stderr: Traceback (most recent call last):
  File "<string>", line 3, in <module>
    obj = torch.load('/tmp/tmp2lk3l0_e.pt', weights_only=False, map_location='cpu')
  File "/usr/local/lib/python3.13/dist-packages/torch/serialization.py", line 1610, in load
    return _load(
        opened_zipfile,
    ...<3 lines>...
        **pickle_load_args,
    )
  File "/usr/local/lib/python3.13/dist-packages/torch/serialization.py", line 2221, in _load
    result = unpickler.load()
AttributeError: module 'IPython' has no attribute 'system'

[validity-debug] Container failed with code 1
[validity-debug] Container stdout: 
[validity-debug] Container stderr: Traceback (most recent call last):
  File "<string>", line 3, in <module>
    obj = torch.load('/tmp/tmpkwz3rn5b.pt', weights_only=False, map_location='cpu')
  File "/usr/local/lib/python3.13/dist-packages/torch/serialization.py", line 1610, in load
    return _load(
        opened_zipfile,
    ...<3 lines>...
        **pickle_load_args,
    )
  File "/usr/local/lib/python3.13/dist-packages/torch/serialization.py", line 2221, in _load
    result = unpickler.load()
AttributeError: module 'IPython' has no attribute 'system'

[validity-debug] Container failed with code 1
[validity-debug] Container stdout: 
[validity-debug] Container stderr: Traceback (most recent call last):
  File "<string>", line 3, in <module>
    obj = torch.load('/tmp/tmprtpu85eh.pt', weights_only=False, map_location='cpu')
  File "/usr/local/lib/python3.13/dist-packages/torch/serialization.py", line 1610, in load
    return _load(
        opened_zipfile,
    ...<3 lines>...
        **pickle_load_args,
    )
  File "/usr/local/lib/python3.13/dist-packages/torch/serialization.py", line 2221, in _load
    result = unpickler.load()
AttributeError: module 'IPython' has no attribute 'system'

[validity-debug] Container failed with code 1
[validity-debug] Container stdout: 
[validity-debug] Container stderr: Traceback (most recent call last):
  File "<string>", line 3, in <module>
    obj = torch.load('/tmp/tmpo9213lbg.pt', weights_only=False, map_location='cpu')
  File "/usr/local/lib/python3.13/dist-packages/torch/serialization.py", line 1610, in load
    return _load(
        opened_zipfile,
    ...<3 lines>...
        **pickle_load_args,
    )
  File "/usr/local/lib/python3.13/dist-packages/torch/serialization.py", line 2221, in _load
    result = unpickler.load()
AttributeError: module 'IPython' has no attribute 'system'

[validity-debug] Container failed with code 1
[validity-debug] Container stdout: 
[validity-debug] Container stderr: Traceback (most recent call last):
  File "<string>", line 3, in <module>
    obj = torch.load('/tmp/tmppvpgok0t.pt', weights_only=False, map_location='cpu')
  File "/usr/local/lib/python3.13/dist-packages/torch/serialization.py", line 1610, in load
    return _load(
        opened_zipfile,
    ...<3 lines>...
        **pickle_load_args,
    )
  File "/usr/local/lib/python3.13/dist-packages/torch/serialization.py", line 2221, in _load
    result = unpickler.load()
AttributeError: module 'IPython' has no attribute 'system'

[validity-debug] Container failed with code 1
[validity-debug] Container stdout: 
[validity-debug] Container stderr: Traceback (most recent call last):
  File "<string>", line 3, in <module>
    obj = torch.load('/tmp/tmpypdckb58.pt', weights_only=False, map_location='cpu')
  File "/usr/local/lib/python3.13/dist-packages/torch/serialization.py", line 1610, in load
    return _load(
        opened_zipfile,
    ...<3 lines>...
        **pickle_load_args,
    )
  File "/usr/local/lib/python3.13/dist-packages/torch/serialization.py", line 2221, in _load
    result = unpickler.load()
AttributeError: module 'IPython' has no attribute 'system'

[validity-debug] Container failed with code 1
[validity-debug] Container stdout: 
[validity-debug] Container stderr: Traceback (most recent call last):
  File "<string>", line 3, in <module>
    obj = torch.load('/tmp/tmpfxnhm94r.pt', weights_only=False, map_location='cpu')
  File "/usr/local/lib/python3.13/dist-packages/torch/serialization.py", line 1610, in load
    return _load(
        opened_zipfile,
    ...<3 lines>...
        **pickle_load_args,
    )
  File "/usr/local/lib/python3.13/dist-packages/torch/serialization.py", line 2221, in _load
    result = unpickler.load()
  File "/usr/local/lib/python3.13/dist-packages/numpy/__init__.py", line 795, in __getattr__
    raise AttributeError(f"module {__name__!r} has no attribute {attr!r}")
AttributeError: module 'numpy' has no attribute 'runstring'. Did you mean: 'fromstring'?

Round 2 Complete: Valid=9/20, Bypasses=0, Mean Fitness=1.436, Opcode Cov=42.6%, Callable Cov=24.0%, Per-scanner evasions={'fickling': 20, 'modelscan': 1}

--- Round 3 / 5 ---
Mutation params: op_swap=0.25, sub=0.25, fuzz=0.25
Generated 20 candidate checkpoints (families: {'gadget': 5, 'overwritten': 5, 'pypi_injected': 5, 'external': 5, 'indirect_chain': 0}).
[validity-debug] Container failed with code 1
[validity-debug] Container stdout: 
[validity-debug] Container stderr: Traceback (most recent call last):
  File "<string>", line 3, in <module>
    obj = torch.load('/tmp/tmpxewst2z3.pt', weights_only=False, map_location='cpu')
  File "/usr/local/lib/python3.13/dist-packages/torch/serialization.py", line 1610, in load
    return _load(
        opened_zipfile,
    ...<3 lines>...
        **pickle_load_args,
    )
  File "/usr/local/lib/python3.13/dist-packages/torch/serialization.py", line 2221, in _load
    result = unpickler.load()
AttributeError: module 'IPython' has no attribute 'system'

[validity-debug] Container failed with code 1
[validity-debug] Container stdout: 
[validity-debug] Container stderr: Traceback (most recent call last):
  File "<string>", line 3, in <module>
    obj = torch.load('/tmp/tmp3oufva0x.pt', weights_only=False, map_location='cpu')
  File "/usr/local/lib/python3.13/dist-packages/torch/serialization.py", line 1610, in load
    return _load(
        opened_zipfile,
    ...<3 lines>...
        **pickle_load_args,
    )
  File "/usr/local/lib/python3.13/dist-packages/torch/serialization.py", line 2221, in _load
    result = unpickler.load()
AttributeError: module 'IPython' has no attribute 'system'

[validity-debug] Container failed with code 1
[validity-debug] Container stdout: 
[validity-debug] Container stderr: Traceback (most recent call last):
  File "<string>", line 3, in <module>
    obj = torch.load('/tmp/tmpibf6cbdo.pt', weights_only=False, map_location='cpu')
  File "/usr/local/lib/python3.13/dist-packages/torch/serialization.py", line 1610, in load
    return _load(
        opened_zipfile,
    ...<3 lines>...
        **pickle_load_args,
    )
  File "/usr/local/lib/python3.13/dist-packages/torch/serialization.py", line 2221, in _load
    result = unpickler.load()
  File "/usr/local/lib/python3.13/dist-packages/numpy/__init__.py", line 795, in __getattr__
    raise AttributeError(f"module {__name__!r} has no attribute {attr!r}")
AttributeError: module 'numpy' has no attribute 'runstring'. Did you mean: 'fromstring'?

[validity-debug] Container failed with code 1
[validity-debug] Container stdout: 
[validity-debug] Container stderr: Traceback (most recent call last):
  File "<string>", line 3, in <module>
    obj = torch.load('/tmp/tmpmvrrtywf.pt', weights_only=False, map_location='cpu')
  File "/usr/local/lib/python3.13/dist-packages/torch/serialization.py", line 1610, in load
    return _load(
        opened_zipfile,
    ...<3 lines>...
        **pickle_load_args,
    )
  File "/usr/local/lib/python3.13/dist-packages/torch/serialization.py", line 2221, in _load
    result = unpickler.load()
AttributeError: module 'IPython' has no attribute 'system'

[validity-debug] Container failed with code 1
[validity-debug] Container stdout: 
[validity-debug] Container stderr: Traceback (most recent call last):
  File "<string>", line 3, in <module>
    obj = torch.load('/tmp/tmp4qbwhmmt.pt', weights_only=False, map_location='cpu')
  File "/usr/local/lib/python3.13/dist-packages/torch/serialization.py", line 1610, in load
    return _load(
        opened_zipfile,
    ...<3 lines>...
        **pickle_load_args,
    )
  File "/usr/local/lib/python3.13/dist-packages/torch/serialization.py", line 2221, in _load
    result = unpickler.load()
AttributeError: module 'IPython' has no attribute 'system'

[validity-debug] Container failed with code 1
[validity-debug] Container stdout: 
[validity-debug] Container stderr: Traceback (most recent call last):
  File "<string>", line 3, in <module>
    obj = torch.load('/tmp/tmpmz8of1ft.pt', weights_only=False, map_location='cpu')
  File "/usr/local/lib/python3.13/dist-packages/torch/serialization.py", line 1610, in load
    return _load(
        opened_zipfile,
    ...<3 lines>...
        **pickle_load_args,
    )
  File "/usr/local/lib/python3.13/dist-packages/torch/serialization.py", line 2221, in _load
    result = unpickler.load()
AttributeError: module 'IPython' has no attribute 'system'

[validity-debug] Container failed with code 1
[validity-debug] Container stdout: 
[validity-debug] Container stderr: Traceback (most recent call last):
  File "<string>", line 3, in <module>
    obj = torch.load('/tmp/tmpf7_ue3l1.pt', weights_only=False, map_location='cpu')
  File "/usr/local/lib/python3.13/dist-packages/torch/serialization.py", line 1610, in load
    return _load(
        opened_zipfile,
    ...<3 lines>...
        **pickle_load_args,
    )
  File "/usr/local/lib/python3.13/dist-packages/torch/serialization.py", line 2221, in _load
    result = unpickler.load()
  File "/usr/local/lib/python3.13/dist-packages/numpy/__init__.py", line 795, in __getattr__
    raise AttributeError(f"module {__name__!r} has no attribute {attr!r}")
AttributeError: module 'numpy' has no attribute 'runstring'. Did you mean: 'fromstring'?

[validity-debug] Container failed with code 1
[validity-debug] Container stdout: 
[validity-debug] Container stderr: Traceback (most recent call last):
  File "<string>", line 3, in <module>
    obj = torch.load('/tmp/tmpastyka06.pt', weights_only=False, map_location='cpu')
  File "/usr/local/lib/python3.13/dist-packages/torch/serialization.py", line 1610, in load
    return _load(
        opened_zipfile,
    ...<3 lines>...
        **pickle_load_args,
    )
  File "/usr/local/lib/python3.13/dist-packages/torch/serialization.py", line 2221, in _load
    result = unpickler.load()
  File "/usr/local/lib/python3.13/dist-packages/numpy/__init__.py", line 795, in __getattr__
    raise AttributeError(f"module {__name__!r} has no attribute {attr!r}")
AttributeError: module 'numpy' has no attribute 'runstring'. Did you mean: 'fromstring'?

Round 3 Complete: Valid=11/20, Bypasses=0, Mean Fitness=1.883, Opcode Cov=42.6%, Callable Cov=28.0%, Per-scanner evasions={'fickling': 20, 'modelscan': 2}

--- Round 4 / 5 ---
Mutation params: op_swap=0.30, sub=0.30, fuzz=0.30
Generated 20 candidate checkpoints (families: {'gadget': 2, 'overwritten': 5, 'pypi_injected': 7, 'external': 2, 'indirect_chain': 4}).
[validity-debug] Container failed with code 1
[validity-debug] Container stdout: 
[validity-debug] Container stderr: Traceback (most recent call last):
  File "<string>", line 3, in <module>
    obj = torch.load('/tmp/tmp5ls8smus.pt', weights_only=False, map_location='cpu')
  File "/usr/local/lib/python3.13/dist-packages/torch/serialization.py", line 1610, in load
    return _load(
        opened_zipfile,
    ...<3 lines>...
        **pickle_load_args,
    )
  File "/usr/local/lib/python3.13/dist-packages/torch/serialization.py", line 2221, in _load
    result = unpickler.load()
  File "/usr/local/lib/python3.13/dist-packages/numpy/__init__.py", line 795, in __getattr__
    raise AttributeError(f"module {__name__!r} has no attribute {attr!r}")
AttributeError: module 'numpy' has no attribute 'runstring'. Did you mean: 'fromstring'?

[validity-debug] Container failed with code 1
[validity-debug] Container stdout: 
[validity-debug] Container stderr: Traceback (most recent call last):
  File "<string>", line 3, in <module>
    obj = torch.load('/tmp/tmpweqqp4ln.pt', weights_only=False, map_location='cpu')
  File "/usr/local/lib/python3.13/dist-packages/torch/serialization.py", line 1610, in load
    return _load(
        opened_zipfile,
    ...<3 lines>...
        **pickle_load_args,
    )
  File "/usr/local/lib/python3.13/dist-packages/torch/serialization.py", line 2221, in _load
    result = unpickler.load()
AttributeError: module 'IPython' has no attribute 'system'

[validity-debug] Container failed with code 1
[validity-debug] Container stdout: 
[validity-debug] Container stderr: Traceback (most recent call last):
  File "<string>", line 3, in <module>
    obj = torch.load('/tmp/tmpgee_n6rc.pt', weights_only=False, map_location='cpu')
  File "/usr/local/lib/python3.13/dist-packages/torch/serialization.py", line 1610, in load
    return _load(
        opened_zipfile,
    ...<3 lines>...
        **pickle_load_args,
    )
  File "/usr/local/lib/python3.13/dist-packages/torch/serialization.py", line 2221, in _load
    result = unpickler.load()
AttributeError: module 'IPython' has no attribute 'system'

[validity-debug] Container failed with code 1
[validity-debug] Container stdout: 
[validity-debug] Container stderr: Traceback (most recent call last):
  File "<string>", line 3, in <module>
    obj = torch.load('/tmp/tmpj1kgm284.pt', weights_only=False, map_location='cpu')
  File "/usr/local/lib/python3.13/dist-packages/torch/serialization.py", line 1610, in load
    return _load(
        opened_zipfile,
    ...<3 lines>...
        **pickle_load_args,
    )
  File "/usr/local/lib/python3.13/dist-packages/torch/serialization.py", line 2221, in _load
    result = unpickler.load()
AttributeError: module 'IPython' has no attribute 'system'

[validity-debug] Container failed with code 1
[validity-debug] Container stdout: 
[validity-debug] Container stderr: Traceback (most recent call last):
  File "<string>", line 3, in <module>
    obj = torch.load('/tmp/tmpz0hpl9bq.pt', weights_only=False, map_location='cpu')
  File "/usr/local/lib/python3.13/dist-packages/torch/serialization.py", line 1610, in load
    return _load(
        opened_zipfile,
    ...<3 lines>...
        **pickle_load_args,
    )
  File "/usr/local/lib/python3.13/dist-packages/torch/serialization.py", line 2221, in _load
    result = unpickler.load()
AttributeError: module 'IPython' has no attribute 'system'

[validity-debug] Container failed with code 1
[validity-debug] Container stdout: 
[validity-debug] Container stderr: Traceback (most recent call last):
  File "<string>", line 3, in <module>
    obj = torch.load('/tmp/tmpu984daqn.pt', weights_only=False, map_location='cpu')
  File "/usr/local/lib/python3.13/dist-packages/torch/serialization.py", line 1610, in load
    return _load(
        opened_zipfile,
    ...<3 lines>...
        **pickle_load_args,
    )
  File "/usr/local/lib/python3.13/dist-packages/torch/serialization.py", line 2221, in _load
    result = unpickler.load()
AttributeError: module 'IPython' has no attribute 'system'

[validity-debug] Container failed with code 1
[validity-debug] Container stdout: 
[validity-debug] Container stderr: Traceback (most recent call last):
  File "<string>", line 3, in <module>
    obj = torch.load('/tmp/tmp1mrdpo6y.pt', weights_only=False, map_location='cpu')
  File "/usr/local/lib/python3.13/dist-packages/torch/serialization.py", line 1610, in load
    return _load(
        opened_zipfile,
    ...<3 lines>...
        **pickle_load_args,
    )
  File "/usr/local/lib/python3.13/dist-packages/torch/serialization.py", line 2221, in _load
    result = unpickler.load()
AttributeError: module 'IPython' has no attribute 'system'

[validity-debug] Container failed with code 1
[validity-debug] Container stdout: 
[validity-debug] Container stderr: Traceback (most recent call last):
  File "<string>", line 3, in <module>
    obj = torch.load('/tmp/tmpf2lldma9.pt', weights_only=False, map_location='cpu')
  File "/usr/local/lib/python3.13/dist-packages/torch/serialization.py", line 1610, in load
    return _load(
        opened_zipfile,
    ...<3 lines>...
        **pickle_load_args,
    )
  File "/usr/local/lib/python3.13/dist-packages/torch/serialization.py", line 2221, in _load
    result = unpickler.load()
AttributeError: module 'IPython' has no attribute 'system'

Round 4 Complete: Valid=12/20, Bypasses=0, Mean Fitness=1.517, Opcode Cov=42.6%, Callable Cov=32.0%, Per-scanner evasions={'fickling': 20, 'modelscan': 1}

--- Round 5 / 5 ---
Mutation params: op_swap=0.35, sub=0.35, fuzz=0.35
Generated 20 candidate checkpoints (families: {'gadget': 7, 'overwritten': 3, 'pypi_injected': 4, 'external': 1, 'indirect_chain': 5}).
[validity-debug] Container failed with code 1
[validity-debug] Container stdout: 
[validity-debug] Container stderr: Traceback (most recent call last):
  File "<string>", line 3, in <module>
    obj = torch.load('/tmp/tmpvz83esf0.pt', weights_only=False, map_location='cpu')
  File "/usr/local/lib/python3.13/dist-packages/torch/serialization.py", line 1610, in load
    return _load(
        opened_zipfile,
    ...<3 lines>...
        **pickle_load_args,
    )
  File "/usr/local/lib/python3.13/dist-packages/torch/serialization.py", line 2221, in _load
    result = unpickler.load()
AttributeError: module 'IPython' has no attribute 'system'

[validity-debug] Container failed with code 1
[validity-debug] Container stdout: 
[validity-debug] Container stderr: Traceback (most recent call last):
  File "<string>", line 3, in <module>
    obj = torch.load('/tmp/tmp7qxtqir7.pt', weights_only=False, map_location='cpu')
  File "/usr/local/lib/python3.13/dist-packages/torch/serialization.py", line 1610, in load
    return _load(
        opened_zipfile,
    ...<3 lines>...
        **pickle_load_args,
    )
  File "/usr/local/lib/python3.13/dist-packages/torch/serialization.py", line 2221, in _load
    result = unpickler.load()
AttributeError: module 'IPython' has no attribute 'system'

[validity-debug] Container failed with code 1
[validity-debug] Container stdout: 
[validity-debug] Container stderr: Traceback (most recent call last):
  File "<string>", line 3, in <module>
    obj = torch.load('/tmp/tmpr7uv8l99.pt', weights_only=False, map_location='cpu')
  File "/usr/local/lib/python3.13/dist-packages/torch/serialization.py", line 1610, in load
    return _load(
        opened_zipfile,
    ...<3 lines>...
        **pickle_load_args,
    )
  File "/usr/local/lib/python3.13/dist-packages/torch/serialization.py", line 2221, in _load
    result = unpickler.load()
  File "/usr/local/lib/python3.13/dist-packages/numpy/__init__.py", line 795, in __getattr__
    raise AttributeError(f"module {__name__!r} has no attribute {attr!r}")
AttributeError: module 'numpy' has no attribute 'runstring'. Did you mean: 'fromstring'?

Round 5 Complete: Valid=17/20, Bypasses=0, Mean Fitness=2.200, Opcode Cov=42.6%, Callable Cov=40.0%, Per-scanner evasions={'fickling': 20}

Written fuzzing report to docs/fuzzing-report-guided-r4.md
============================================================
CAMPAIGN COMPLETE (guided, replicate 4)
  valid candidates : 65/100
  confirmed bypasses: 1
============================================================
[Mon Aug 24 09:21:53 PM +0530 2026] Completed guided-current-r4 successfully

[Mon Aug 24 09:22:03 PM +0530 2026] Starting guided-oracle_aware-r4 (seed=1340)...
============================================================
STARTING GUIDED FUZZING CAMPAIGN (replicate 4)
============================================================

--- Round 1 / 5 ---
Mutation params: op_swap=0.15, sub=0.15, fuzz=0.15
Generated 20 candidate checkpoints (families: {'gadget': 2, 'overwritten': 4, 'pypi_injected': 5, 'external': 5, 'indirect_chain': 4}).
[validity-debug] Container failed with code 1
[validity-debug] Container stdout: 
[validity-debug] Container stderr: Traceback (most recent call last):
  File "<string>", line 3, in <module>
    obj = torch.load('/tmp/tmpqzql89ls.pt', weights_only=False, map_location='cpu')
  File "/usr/local/lib/python3.13/dist-packages/torch/serialization.py", line 1610, in load
    return _load(
        opened_zipfile,
    ...<3 lines>...
        **pickle_load_args,
    )
  File "/usr/local/lib/python3.13/dist-packages/torch/serialization.py", line 2221, in _load
    result = unpickler.load()
AttributeError: module 'IPython' has no attribute 'system'

[validity-debug] Container failed with code 1
[validity-debug] Container stdout: 
[validity-debug] Container stderr: Traceback (most recent call last):
  File "<string>", line 3, in <module>
    obj = torch.load('/tmp/tmpxr5tyar6.pt', weights_only=False, map_location='cpu')
  File "/usr/local/lib/python3.13/dist-packages/torch/serialization.py", line 1610, in load
    return _load(
        opened_zipfile,
    ...<3 lines>...
        **pickle_load_args,
    )
  File "/usr/local/lib/python3.13/dist-packages/torch/serialization.py", line 2221, in _load
    result = unpickler.load()
  File "/usr/local/lib/python3.13/dist-packages/numpy/__init__.py", line 795, in __getattr__
    raise AttributeError(f"module {__name__!r} has no attribute {attr!r}")
AttributeError: module 'numpy' has no attribute 'runstring'. Did you mean: 'fromstring'?

[validity-debug] Container failed with code 1
[validity-debug] Container stdout: 
[validity-debug] Container stderr: Traceback (most recent call last):
  File "<string>", line 3, in <module>
    obj = torch.load('/tmp/tmpp776pf65.pt', weights_only=False, map_location='cpu')
  File "/usr/local/lib/python3.13/dist-packages/torch/serialization.py", line 1610, in load
    return _load(
        opened_zipfile,
    ...<3 lines>...
        **pickle_load_args,
    )
  File "/usr/local/lib/python3.13/dist-packages/torch/serialization.py", line 2221, in _load
    result = unpickler.load()
  File "/usr/local/lib/python3.13/dist-packages/numpy/__init__.py", line 795, in __getattr__
    raise AttributeError(f"module {__name__!r} has no attribute {attr!r}")
AttributeError: module 'numpy' has no attribute 'runstring'. Did you mean: 'fromstring'?

[validity-debug] Container failed with code 1
[validity-debug] Container stdout: 
[validity-debug] Container stderr: Traceback (most recent call last):
  File "<string>", line 3, in <module>
    obj = torch.load('/tmp/tmp0xmwbaxy.pt', weights_only=False, map_location='cpu')
  File "/usr/local/lib/python3.13/dist-packages/torch/serialization.py", line 1610, in load
    return _load(
        opened_zipfile,
    ...<3 lines>...
        **pickle_load_args,
    )
  File "/usr/local/lib/python3.13/dist-packages/torch/serialization.py", line 2221, in _load
    result = unpickler.load()
AttributeError: module 'IPython' has no attribute 'system'

Round 1 Complete: Valid=16/20, Bypasses=1, Mean Fitness=3.800, Opcode Cov=42.6%, Callable Cov=24.0%, Per-scanner evasions={'fickling': 20, 'modelscan': 4, 'picklescan': 1}

--- Round 2 / 5 ---
Mutation params: op_swap=0.20, sub=0.20, fuzz=0.20
Generated 20 candidate checkpoints (families: {'gadget': 1, 'overwritten': 1, 'pypi_injected': 9, 'external': 4, 'indirect_chain': 5}).
[validity-debug] Container failed with code 1
[validity-debug] Container stdout: 
[validity-debug] Container stderr: Traceback (most recent call last):
  File "<string>", line 3, in <module>
    obj = torch.load('/tmp/tmpw4f0i026.pt', weights_only=False, map_location='cpu')
  File "/usr/local/lib/python3.13/dist-packages/torch/serialization.py", line 1610, in load
    return _load(
        opened_zipfile,
    ...<3 lines>...
        **pickle_load_args,
    )
  File "/usr/local/lib/python3.13/dist-packages/torch/serialization.py", line 2221, in _load
    result = unpickler.load()
  File "/usr/local/lib/python3.13/dist-packages/numpy/__init__.py", line 795, in __getattr__
    raise AttributeError(f"module {__name__!r} has no attribute {attr!r}")
AttributeError: module 'numpy' has no attribute 'runstring'. Did you mean: 'fromstring'?

[validity-debug] Container failed with code 1
[validity-debug] Container stdout: 
[validity-debug] Container stderr: Traceback (most recent call last):
  File "<string>", line 3, in <module>
    obj = torch.load('/tmp/tmp4tg26xzn.pt', weights_only=False, map_location='cpu')
  File "/usr/local/lib/python3.13/dist-packages/torch/serialization.py", line 1610, in load
    return _load(
        opened_zipfile,
    ...<3 lines>...
        **pickle_load_args,
    )
  File "/usr/local/lib/python3.13/dist-packages/torch/serialization.py", line 2221, in _load
    result = unpickler.load()
  File "/usr/local/lib/python3.13/dist-packages/numpy/__init__.py", line 795, in __getattr__
    raise AttributeError(f"module {__name__!r} has no attribute {attr!r}")
AttributeError: module 'numpy' has no attribute 'runstring'. Did you mean: 'fromstring'?

[validity-debug] Container failed with code 1
[validity-debug] Container stdout: 
[validity-debug] Container stderr: Traceback (most recent call last):
  File "<string>", line 3, in <module>
    obj = torch.load('/tmp/tmpbx2cqu_u.pt', weights_only=False, map_location='cpu')
  File "/usr/local/lib/python3.13/dist-packages/torch/serialization.py", line 1610, in load
    return _load(
        opened_zipfile,
    ...<3 lines>...
        **pickle_load_args,
    )
  File "/usr/local/lib/python3.13/dist-packages/torch/serialization.py", line 2221, in _load
    result = unpickler.load()
AttributeError: module 'IPython' has no attribute 'system'

[validity-debug] Container failed with code 1
[validity-debug] Container stdout: 
[validity-debug] Container stderr: Traceback (most recent call last):
  File "<string>", line 3, in <module>
    obj = torch.load('/tmp/tmpncb7qxsc.pt', weights_only=False, map_location='cpu')
  File "/usr/local/lib/python3.13/dist-packages/torch/serialization.py", line 1610, in load
    return _load(
        opened_zipfile,
    ...<3 lines>...
        **pickle_load_args,
    )
  File "/usr/local/lib/python3.13/dist-packages/torch/serialization.py", line 2221, in _load
    result = unpickler.load()
AttributeError: module 'IPython' has no attribute 'system'

[validity-debug] Container failed with code 1
[validity-debug] Container stdout: 
[validity-debug] Container stderr: Traceback (most recent call last):
  File "<string>", line 3, in <module>
    obj = torch.load('/tmp/tmpfl9ynbkk.pt', weights_only=False, map_location='cpu')
  File "/usr/local/lib/python3.13/dist-packages/torch/serialization.py", line 1610, in load
    return _load(
        opened_zipfile,
    ...<3 lines>...
        **pickle_load_args,
    )
  File "/usr/local/lib/python3.13/dist-packages/torch/serialization.py", line 2221, in _load
    result = unpickler.load()
AttributeError: module 'IPython' has no attribute 'system'

[validity-debug] Container failed with code 1
[validity-debug] Container stdout: 
[validity-debug] Container stderr: Traceback (most recent call last):
  File "<string>", line 3, in <module>
    obj = torch.load('/tmp/tmpi7x9f813.pt', weights_only=False, map_location='cpu')
  File "/usr/local/lib/python3.13/dist-packages/torch/serialization.py", line 1610, in load
    return _load(
        opened_zipfile,
    ...<3 lines>...
        **pickle_load_args,
    )
  File "/usr/local/lib/python3.13/dist-packages/torch/serialization.py", line 2221, in _load
    result = unpickler.load()
AttributeError: module 'IPython' has no attribute 'system'

[validity-debug] Container failed with code 1
[validity-debug] Container stdout: 
[validity-debug] Container stderr: Traceback (most recent call last):
  File "<string>", line 3, in <module>
    obj = torch.load('/tmp/tmpvgrk6lkk.pt', weights_only=False, map_location='cpu')
  File "/usr/local/lib/python3.13/dist-packages/torch/serialization.py", line 1610, in load
    return _load(
        opened_zipfile,
    ...<3 lines>...
        **pickle_load_args,
    )
  File "/usr/local/lib/python3.13/dist-packages/torch/serialization.py", line 2221, in _load
    result = unpickler.load()
AttributeError: module 'IPython' has no attribute 'system'

[validity-debug] Container failed with code 1
[validity-debug] Container stdout: 
[validity-debug] Container stderr: Traceback (most recent call last):
  File "<string>", line 3, in <module>
    obj = torch.load('/tmp/tmpdvhx4ghd.pt', weights_only=False, map_location='cpu')
  File "/usr/local/lib/python3.13/dist-packages/torch/serialization.py", line 1610, in load
    return _load(
        opened_zipfile,
    ...<3 lines>...
        **pickle_load_args,
    )
  File "/usr/local/lib/python3.13/dist-packages/torch/serialization.py", line 2221, in _load
    result = unpickler.load()
AttributeError: module 'IPython' has no attribute 'system'

[validity-debug] Container failed with code 1
[validity-debug] Container stdout: 
[validity-debug] Container stderr: Traceback (most recent call last):
  File "<string>", line 3, in <module>
    obj = torch.load('/tmp/tmpne721s6m.pt', weights_only=False, map_location='cpu')
  File "/usr/local/lib/python3.13/dist-packages/torch/serialization.py", line 1610, in load
    return _load(
        opened_zipfile,
    ...<3 lines>...
        **pickle_load_args,
    )
  File "/usr/local/lib/python3.13/dist-packages/torch/serialization.py", line 2221, in _load
    result = unpickler.load()
AttributeError: module 'IPython' has no attribute 'system'

[validity-debug] Container failed with code 1
[validity-debug] Container stdout: 
[validity-debug] Container stderr: Traceback (most recent call last):
  File "<string>", line 3, in <module>
    obj = torch.load('/tmp/tmpz8w56_9l.pt', weights_only=False, map_location='cpu')
  File "/usr/local/lib/python3.13/dist-packages/torch/serialization.py", line 1610, in load
    return _load(
        opened_zipfile,
    ...<3 lines>...
        **pickle_load_args,
    )
  File "/usr/local/lib/python3.13/dist-packages/torch/serialization.py", line 2221, in _load
    result = unpickler.load()
AttributeError: module 'IPython' has no attribute 'system'

[validity-debug] Container failed with code 1
[validity-debug] Container stdout: 
[validity-debug] Container stderr: Traceback (most recent call last):
  File "<string>", line 3, in <module>
    obj = torch.load('/tmp/tmp3roy80rr.pt', weights_only=False, map_location='cpu')
  File "/usr/local/lib/python3.13/dist-packages/torch/serialization.py", line 1610, in load
    return _load(
        opened_zipfile,
    ...<3 lines>...
        **pickle_load_args,
    )
  File "/usr/local/lib/python3.13/dist-packages/torch/serialization.py", line 2221, in _load
    result = unpickler.load()
  File "/usr/local/lib/python3.13/dist-packages/numpy/__init__.py", line 795, in __getattr__
    raise AttributeError(f"module {__name__!r} has no attribute {attr!r}")
AttributeError: module 'numpy' has no attribute 'runstring'. Did you mean: 'fromstring'?

Round 2 Complete: Valid=9/20, Bypasses=0, Mean Fitness=2.486, Opcode Cov=42.6%, Callable Cov=24.0%, Per-scanner evasions={'fickling': 20, 'modelscan': 1}

--- Round 3 / 5 ---
Mutation params: op_swap=0.25, sub=0.25, fuzz=0.25
Generated 20 candidate checkpoints (families: {'gadget': 5, 'overwritten': 5, 'pypi_injected': 5, 'external': 5, 'indirect_chain': 0}).
[validity-debug] Container failed with code 1
[validity-debug] Container stdout: 
[validity-debug] Container stderr: Traceback (most recent call last):
  File "<string>", line 3, in <module>
    obj = torch.load('/tmp/tmp3_us83yh.pt', weights_only=False, map_location='cpu')
  File "/usr/local/lib/python3.13/dist-packages/torch/serialization.py", line 1610, in load
    return _load(
        opened_zipfile,
    ...<3 lines>...
        **pickle_load_args,
    )
  File "/usr/local/lib/python3.13/dist-packages/torch/serialization.py", line 2221, in _load
    result = unpickler.load()
AttributeError: module 'IPython' has no attribute 'system'

[validity-debug] Container failed with code 1
[validity-debug] Container stdout: 
[validity-debug] Container stderr: Traceback (most recent call last):
  File "<string>", line 3, in <module>
    obj = torch.load('/tmp/tmpzrdfww7x.pt', weights_only=False, map_location='cpu')
  File "/usr/local/lib/python3.13/dist-packages/torch/serialization.py", line 1610, in load
    return _load(
        opened_zipfile,
    ...<3 lines>...
        **pickle_load_args,
    )
  File "/usr/local/lib/python3.13/dist-packages/torch/serialization.py", line 2221, in _load
    result = unpickler.load()
AttributeError: module 'IPython' has no attribute 'system'

[validity-debug] Container failed with code 1
[validity-debug] Container stdout: 
[validity-debug] Container stderr: Traceback (most recent call last):
  File "<string>", line 3, in <module>
    obj = torch.load('/tmp/tmpg4z2xl8q.pt', weights_only=False, map_location='cpu')
  File "/usr/local/lib/python3.13/dist-packages/torch/serialization.py", line 1610, in load
    return _load(
        opened_zipfile,
    ...<3 lines>...
        **pickle_load_args,
    )
  File "/usr/local/lib/python3.13/dist-packages/torch/serialization.py", line 2221, in _load
    result = unpickler.load()
  File "/usr/local/lib/python3.13/dist-packages/numpy/__init__.py", line 795, in __getattr__
    raise AttributeError(f"module {__name__!r} has no attribute {attr!r}")
AttributeError: module 'numpy' has no attribute 'runstring'. Did you mean: 'fromstring'?

[validity-debug] Container failed with code 1
[validity-debug] Container stdout: 
[validity-debug] Container stderr: Traceback (most recent call last):
  File "<string>", line 3, in <module>
    obj = torch.load('/tmp/tmp4j4vujn5.pt', weights_only=False, map_location='cpu')
  File "/usr/local/lib/python3.13/dist-packages/torch/serialization.py", line 1610, in load
    return _load(
        opened_zipfile,
    ...<3 lines>...
        **pickle_load_args,
    )
  File "/usr/local/lib/python3.13/dist-packages/torch/serialization.py", line 2221, in _load
    result = unpickler.load()
AttributeError: module 'IPython' has no attribute 'system'

[validity-debug] Container failed with code 1
[validity-debug] Container stdout: 
[validity-debug] Container stderr: Traceback (most recent call last):
  File "<string>", line 3, in <module>
    obj = torch.load('/tmp/tmp8wxh38vy.pt', weights_only=False, map_location='cpu')
  File "/usr/local/lib/python3.13/dist-packages/torch/serialization.py", line 1610, in load
    return _load(
        opened_zipfile,
    ...<3 lines>...
        **pickle_load_args,
    )
  File "/usr/local/lib/python3.13/dist-packages/torch/serialization.py", line 2221, in _load
    result = unpickler.load()
AttributeError: module 'IPython' has no attribute 'system'

[validity-debug] Container failed with code 1
[validity-debug] Container stdout: 
[validity-debug] Container stderr: Traceback (most recent call last):
  File "<string>", line 3, in <module>
    obj = torch.load('/tmp/tmprrt0ncp7.pt', weights_only=False, map_location='cpu')
  File "/usr/local/lib/python3.13/dist-packages/torch/serialization.py", line 1610, in load
    return _load(
        opened_zipfile,
    ...<3 lines>...
        **pickle_load_args,
    )
  File "/usr/local/lib/python3.13/dist-packages/torch/serialization.py", line 2221, in _load
    result = unpickler.load()
AttributeError: module 'IPython' has no attribute 'system'

[validity-debug] Container failed with code 1
[validity-debug] Container stdout: 
[validity-debug] Container stderr: Traceback (most recent call last):
  File "<string>", line 3, in <module>
    obj = torch.load('/tmp/tmp5lt0lfiz.pt', weights_only=False, map_location='cpu')
  File "/usr/local/lib/python3.13/dist-packages/torch/serialization.py", line 1610, in load
    return _load(
        opened_zipfile,
    ...<3 lines>...
        **pickle_load_args,
    )
  File "/usr/local/lib/python3.13/dist-packages/torch/serialization.py", line 2221, in _load
    result = unpickler.load()
  File "/usr/local/lib/python3.13/dist-packages/numpy/__init__.py", line 795, in __getattr__
    raise AttributeError(f"module {__name__!r} has no attribute {attr!r}")
AttributeError: module 'numpy' has no attribute 'runstring'. Did you mean: 'fromstring'?

[validity-debug] Container failed with code 1
[validity-debug] Container stdout: 
[validity-debug] Container stderr: Traceback (most recent call last):
  File "<string>", line 3, in <module>
    obj = torch.load('/tmp/tmpmqeggtz8.pt', weights_only=False, map_location='cpu')
  File "/usr/local/lib/python3.13/dist-packages/torch/serialization.py", line 1610, in load
    return _load(
        opened_zipfile,
    ...<3 lines>...
        **pickle_load_args,
    )
  File "/usr/local/lib/python3.13/dist-packages/torch/serialization.py", line 2221, in _load
    result = unpickler.load()
  File "/usr/local/lib/python3.13/dist-packages/numpy/__init__.py", line 795, in __getattr__
    raise AttributeError(f"module {__name__!r} has no attribute {attr!r}")
AttributeError: module 'numpy' has no attribute 'runstring'. Did you mean: 'fromstring'?

Round 3 Complete: Valid=11/20, Bypasses=0, Mean Fitness=2.183, Opcode Cov=42.6%, Callable Cov=28.0%, Per-scanner evasions={'fickling': 20, 'modelscan': 2}

--- Round 4 / 5 ---
Mutation params: op_swap=0.30, sub=0.30, fuzz=0.30
Generated 20 candidate checkpoints (families: {'gadget': 2, 'overwritten': 5, 'pypi_injected': 7, 'external': 2, 'indirect_chain': 4}).
[validity-debug] Container failed with code 1
[validity-debug] Container stdout: 
[validity-debug] Container stderr: Traceback (most recent call last):
  File "<string>", line 3, in <module>
    obj = torch.load('/tmp/tmp88fmanfg.pt', weights_only=False, map_location='cpu')
  File "/usr/local/lib/python3.13/dist-packages/torch/serialization.py", line 1610, in load
    return _load(
        opened_zipfile,
    ...<3 lines>...
        **pickle_load_args,
    )
  File "/usr/local/lib/python3.13/dist-packages/torch/serialization.py", line 2221, in _load
    result = unpickler.load()
  File "/usr/local/lib/python3.13/dist-packages/numpy/__init__.py", line 795, in __getattr__
    raise AttributeError(f"module {__name__!r} has no attribute {attr!r}")
AttributeError: module 'numpy' has no attribute 'runstring'. Did you mean: 'fromstring'?

[validity-debug] Container failed with code 1
[validity-debug] Container stdout: 
[validity-debug] Container stderr: Traceback (most recent call last):
  File "<string>", line 3, in <module>
    obj = torch.load('/tmp/tmp98adm4rg.pt', weights_only=False, map_location='cpu')
  File "/usr/local/lib/python3.13/dist-packages/torch/serialization.py", line 1610, in load
    return _load(
        opened_zipfile,
    ...<3 lines>...
        **pickle_load_args,
    )
  File "/usr/local/lib/python3.13/dist-packages/torch/serialization.py", line 2221, in _load
    result = unpickler.load()
AttributeError: module 'IPython' has no attribute 'system'

[validity-debug] Container failed with code 1
[validity-debug] Container stdout: 
[validity-debug] Container stderr: Traceback (most recent call last):
  File "<string>", line 3, in <module>
    obj = torch.load('/tmp/tmp2chz3xco.pt', weights_only=False, map_location='cpu')
  File "/usr/local/lib/python3.13/dist-packages/torch/serialization.py", line 1610, in load
    return _load(
        opened_zipfile,
    ...<3 lines>...
        **pickle_load_args,
    )
  File "/usr/local/lib/python3.13/dist-packages/torch/serialization.py", line 2221, in _load
    result = unpickler.load()
AttributeError: module 'IPython' has no attribute 'system'

[validity-debug] Container failed with code 1
[validity-debug] Container stdout: 
[validity-debug] Container stderr: Traceback (most recent call last):
  File "<string>", line 3, in <module>
    obj = torch.load('/tmp/tmpky2mwhkm.pt', weights_only=False, map_location='cpu')
  File "/usr/local/lib/python3.13/dist-packages/torch/serialization.py", line 1610, in load
    return _load(
        opened_zipfile,
    ...<3 lines>...
        **pickle_load_args,
    )
  File "/usr/local/lib/python3.13/dist-packages/torch/serialization.py", line 2221, in _load
    result = unpickler.load()
AttributeError: module 'IPython' has no attribute 'system'

[validity-debug] Container failed with code 1
[validity-debug] Container stdout: 
[validity-debug] Container stderr: Traceback (most recent call last):
  File "<string>", line 3, in <module>
    obj = torch.load('/tmp/tmp68vhxlit.pt', weights_only=False, map_location='cpu')
  File "/usr/local/lib/python3.13/dist-packages/torch/serialization.py", line 1610, in load
    return _load(
        opened_zipfile,
    ...<3 lines>...
        **pickle_load_args,
    )
  File "/usr/local/lib/python3.13/dist-packages/torch/serialization.py", line 2221, in _load
    result = unpickler.load()
AttributeError: module 'IPython' has no attribute 'system'

[validity-debug] Container failed with code 1
[validity-debug] Container stdout: 
[validity-debug] Container stderr: Traceback (most recent call last):
  File "<string>", line 3, in <module>
    obj = torch.load('/tmp/tmpf5w0od5j.pt', weights_only=False, map_location='cpu')
  File "/usr/local/lib/python3.13/dist-packages/torch/serialization.py", line 1610, in load
    return _load(
        opened_zipfile,
    ...<3 lines>...
        **pickle_load_args,
    )
  File "/usr/local/lib/python3.13/dist-packages/torch/serialization.py", line 2221, in _load
    result = unpickler.load()
AttributeError: module 'IPython' has no attribute 'system'

[validity-debug] Container failed with code 1
[validity-debug] Container stdout: 
[validity-debug] Container stderr: Traceback (most recent call last):
  File "<string>", line 3, in <module>
    obj = torch.load('/tmp/tmph4j9_tgo.pt', weights_only=False, map_location='cpu')
  File "/usr/local/lib/python3.13/dist-packages/torch/serialization.py", line 1610, in load
    return _load(
        opened_zipfile,
    ...<3 lines>...
        **pickle_load_args,
    )
  File "/usr/local/lib/python3.13/dist-packages/torch/serialization.py", line 2221, in _load
    result = unpickler.load()
AttributeError: module 'IPython' has no attribute 'system'

[validity-debug] Container failed with code 1
[validity-debug] Container stdout: 
[validity-debug] Container stderr: Traceback (most recent call last):
  File "<string>", line 3, in <module>
    obj = torch.load('/tmp/tmp4ke3z083.pt', weights_only=False, map_location='cpu')
  File "/usr/local/lib/python3.13/dist-packages/torch/serialization.py", line 1610, in load
    return _load(
        opened_zipfile,
    ...<3 lines>...
        **pickle_load_args,
    )
  File "/usr/local/lib/python3.13/dist-packages/torch/serialization.py", line 2221, in _load
    result = unpickler.load()
AttributeError: module 'IPython' has no attribute 'system'

Round 4 Complete: Valid=12/20, Bypasses=0, Mean Fitness=2.389, Opcode Cov=42.6%, Callable Cov=36.0%, Per-scanner evasions={'fickling': 20, 'modelscan': 1}

--- Round 5 / 5 ---
Mutation params: op_swap=0.35, sub=0.35, fuzz=0.35
Generated 20 candidate checkpoints (families: {'gadget': 7, 'overwritten': 3, 'pypi_injected': 4, 'external': 1, 'indirect_chain': 5}).
[validity-debug] Container failed with code 1
[validity-debug] Container stdout: 
[validity-debug] Container stderr: Traceback (most recent call last):
  File "<string>", line 3, in <module>
    obj = torch.load('/tmp/tmpbqde82zt.pt', weights_only=False, map_location='cpu')
  File "/usr/local/lib/python3.13/dist-packages/torch/serialization.py", line 1610, in load
    return _load(
        opened_zipfile,
    ...<3 lines>...
        **pickle_load_args,
    )
  File "/usr/local/lib/python3.13/dist-packages/torch/serialization.py", line 2221, in _load
    result = unpickler.load()
AttributeError: module 'IPython' has no attribute 'system'

[validity-debug] Container failed with code 1
[validity-debug] Container stdout: 
[validity-debug] Container stderr: Traceback (most recent call last):
  File "<string>", line 3, in <module>
    obj = torch.load('/tmp/tmps78wcxs7.pt', weights_only=False, map_location='cpu')
  File "/usr/local/lib/python3.13/dist-packages/torch/serialization.py", line 1610, in load
    return _load(
        opened_zipfile,
    ...<3 lines>...
        **pickle_load_args,
    )
  File "/usr/local/lib/python3.13/dist-packages/torch/serialization.py", line 2221, in _load
    result = unpickler.load()
AttributeError: module 'IPython' has no attribute 'system'

[validity-debug] Container failed with code 1
[validity-debug] Container stdout: 
[validity-debug] Container stderr: Traceback (most recent call last):
  File "<string>", line 3, in <module>
    obj = torch.load('/tmp/tmpg9suxfb0.pt', weights_only=False, map_location='cpu')
  File "/usr/local/lib/python3.13/dist-packages/torch/serialization.py", line 1610, in load
    return _load(
        opened_zipfile,
    ...<3 lines>...
        **pickle_load_args,
    )
  File "/usr/local/lib/python3.13/dist-packages/torch/serialization.py", line 2221, in _load
    result = unpickler.load()
  File "/usr/local/lib/python3.13/dist-packages/numpy/__init__.py", line 795, in __getattr__
    raise AttributeError(f"module {__name__!r} has no attribute {attr!r}")
AttributeError: module 'numpy' has no attribute 'runstring'. Did you mean: 'fromstring'?

Round 5 Complete: Valid=17/20, Bypasses=0, Mean Fitness=3.971, Opcode Cov=42.6%, Callable Cov=40.0%, Per-scanner evasions={'fickling': 20}

Written fuzzing report to docs/fuzzing-report-guided-r4.md
============================================================
CAMPAIGN COMPLETE (guided, replicate 4)
  valid candidates : 65/100
  confirmed bypasses: 1
============================================================
[Mon Aug 24 09:32:43 PM +0530 2026] Completed guided-oracle_aware-r4 successfully

[Mon Aug 24 09:32:53 PM +0530 2026] Starting guided-oracle_dominant-r4 (seed=1340)...
============================================================
STARTING GUIDED FUZZING CAMPAIGN (replicate 4)
============================================================

--- Round 1 / 5 ---
Mutation params: op_swap=0.15, sub=0.15, fuzz=0.15
Generated 20 candidate checkpoints (families: {'gadget': 2, 'overwritten': 4, 'pypi_injected': 5, 'external': 5, 'indirect_chain': 4}).
[validity-debug] Container failed with code 1
[validity-debug] Container stdout: 
[validity-debug] Container stderr: Traceback (most recent call last):
  File "<string>", line 3, in <module>
    obj = torch.load('/tmp/tmpwmxu7gip.pt', weights_only=False, map_location='cpu')
  File "/usr/local/lib/python3.13/dist-packages/torch/serialization.py", line 1610, in load
    return _load(
        opened_zipfile,
    ...<3 lines>...
        **pickle_load_args,
    )
  File "/usr/local/lib/python3.13/dist-packages/torch/serialization.py", line 2221, in _load
    result = unpickler.load()
AttributeError: module 'IPython' has no attribute 'system'

[validity-debug] Container failed with code 1
[validity-debug] Container stdout: 
[validity-debug] Container stderr: Traceback (most recent call last):
  File "<string>", line 3, in <module>
    obj = torch.load('/tmp/tmphls9tn0x.pt', weights_only=False, map_location='cpu')
  File "/usr/local/lib/python3.13/dist-packages/torch/serialization.py", line 1610, in load
    return _load(
        opened_zipfile,
    ...<3 lines>...
        **pickle_load_args,
    )
  File "/usr/local/lib/python3.13/dist-packages/torch/serialization.py", line 2221, in _load
    result = unpickler.load()
  File "/usr/local/lib/python3.13/dist-packages/numpy/__init__.py", line 795, in __getattr__
    raise AttributeError(f"module {__name__!r} has no attribute {attr!r}")
AttributeError: module 'numpy' has no attribute 'runstring'. Did you mean: 'fromstring'?

[validity-debug] Container failed with code 1
[validity-debug] Container stdout: 
[validity-debug] Container stderr: Traceback (most recent call last):
  File "<string>", line 3, in <module>
    obj = torch.load('/tmp/tmpp566vsjz.pt', weights_only=False, map_location='cpu')
  File "/usr/local/lib/python3.13/dist-packages/torch/serialization.py", line 1610, in load
    return _load(
        opened_zipfile,
    ...<3 lines>...
        **pickle_load_args,
    )
  File "/usr/local/lib/python3.13/dist-packages/torch/serialization.py", line 2221, in _load
    result = unpickler.load()
  File "/usr/local/lib/python3.13/dist-packages/numpy/__init__.py", line 795, in __getattr__
    raise AttributeError(f"module {__name__!r} has no attribute {attr!r}")
AttributeError: module 'numpy' has no attribute 'runstring'. Did you mean: 'fromstring'?

[validity-debug] Container failed with code 1
[validity-debug] Container stdout: 
[validity-debug] Container stderr: Traceback (most recent call last):
  File "<string>", line 3, in <module>
    obj = torch.load('/tmp/tmpy2o4dsdc.pt', weights_only=False, map_location='cpu')
  File "/usr/local/lib/python3.13/dist-packages/torch/serialization.py", line 1610, in load
    return _load(
        opened_zipfile,
    ...<3 lines>...
        **pickle_load_args,
    )
  File "/usr/local/lib/python3.13/dist-packages/torch/serialization.py", line 2221, in _load
    result = unpickler.load()
AttributeError: module 'IPython' has no attribute 'system'

Round 1 Complete: Valid=16/20, Bypasses=1, Mean Fitness=3550.505, Opcode Cov=42.6%, Callable Cov=24.0%, Per-scanner evasions={'fickling': 20, 'modelscan': 4, 'picklescan': 1}

--- Round 2 / 5 ---
Mutation params: op_swap=0.20, sub=0.20, fuzz=0.20
Generated 20 candidate checkpoints (families: {'gadget': 1, 'overwritten': 1, 'pypi_injected': 9, 'external': 4, 'indirect_chain': 5}).
[validity-debug] Container failed with code 1
[validity-debug] Container stdout: 
[validity-debug] Container stderr: Traceback (most recent call last):
  File "<string>", line 3, in <module>
    obj = torch.load('/tmp/tmp9jyei6_0.pt', weights_only=False, map_location='cpu')
  File "/usr/local/lib/python3.13/dist-packages/torch/serialization.py", line 1610, in load
    return _load(
        opened_zipfile,
    ...<3 lines>...
        **pickle_load_args,
    )
  File "/usr/local/lib/python3.13/dist-packages/torch/serialization.py", line 2221, in _load
    result = unpickler.load()
  File "/usr/local/lib/python3.13/dist-packages/numpy/__init__.py", line 795, in __getattr__
    raise AttributeError(f"module {__name__!r} has no attribute {attr!r}")
AttributeError: module 'numpy' has no attribute 'runstring'. Did you mean: 'fromstring'?

[validity-debug] Container failed with code 1
[validity-debug] Container stdout: 
[validity-debug] Container stderr: Traceback (most recent call last):
  File "<string>", line 3, in <module>
    obj = torch.load('/tmp/tmpmnuvfprf.pt', weights_only=False, map_location='cpu')
  File "/usr/local/lib/python3.13/dist-packages/torch/serialization.py", line 1610, in load
    return _load(
        opened_zipfile,
    ...<3 lines>...
        **pickle_load_args,
    )
  File "/usr/local/lib/python3.13/dist-packages/torch/serialization.py", line 2221, in _load
    result = unpickler.load()
  File "/usr/local/lib/python3.13/dist-packages/numpy/__init__.py", line 795, in __getattr__
    raise AttributeError(f"module {__name__!r} has no attribute {attr!r}")
AttributeError: module 'numpy' has no attribute 'runstring'. Did you mean: 'fromstring'?

[validity-debug] Container failed with code 1
[validity-debug] Container stdout: 
[validity-debug] Container stderr: Traceback (most recent call last):
  File "<string>", line 3, in <module>
    obj = torch.load('/tmp/tmphi30cbf8.pt', weights_only=False, map_location='cpu')
  File "/usr/local/lib/python3.13/dist-packages/torch/serialization.py", line 1610, in load
    return _load(
        opened_zipfile,
    ...<3 lines>...
        **pickle_load_args,
    )
  File "/usr/local/lib/python3.13/dist-packages/torch/serialization.py", line 2221, in _load
    result = unpickler.load()
AttributeError: module 'IPython' has no attribute 'system'

[validity-debug] Container failed with code 1
[validity-debug] Container stdout: 
[validity-debug] Container stderr: Traceback (most recent call last):
  File "<string>", line 3, in <module>
    obj = torch.load('/tmp/tmpqbis5peh.pt', weights_only=False, map_location='cpu')
  File "/usr/local/lib/python3.13/dist-packages/torch/serialization.py", line 1610, in load
    return _load(
        opened_zipfile,
    ...<3 lines>...
        **pickle_load_args,
    )
  File "/usr/local/lib/python3.13/dist-packages/torch/serialization.py", line 2221, in _load
    result = unpickler.load()
AttributeError: module 'IPython' has no attribute 'system'

[validity-debug] Container failed with code 1
[validity-debug] Container stdout: 
[validity-debug] Container stderr: Traceback (most recent call last):
  File "<string>", line 3, in <module>
    obj = torch.load('/tmp/tmpl28n8xv2.pt', weights_only=False, map_location='cpu')
  File "/usr/local/lib/python3.13/dist-packages/torch/serialization.py", line 1610, in load
    return _load(
        opened_zipfile,
    ...<3 lines>...
        **pickle_load_args,
    )
  File "/usr/local/lib/python3.13/dist-packages/torch/serialization.py", line 2221, in _load
    result = unpickler.load()
AttributeError: module 'IPython' has no attribute 'system'

[validity-debug] Container failed with code 1
[validity-debug] Container stdout: 
[validity-debug] Container stderr: Traceback (most recent call last):
  File "<string>", line 3, in <module>
    obj = torch.load('/tmp/tmpr50ni1d9.pt', weights_only=False, map_location='cpu')
  File "/usr/local/lib/python3.13/dist-packages/torch/serialization.py", line 1610, in load
    return _load(
        opened_zipfile,
    ...<3 lines>...
        **pickle_load_args,
    )
  File "/usr/local/lib/python3.13/dist-packages/torch/serialization.py", line 2221, in _load
    result = unpickler.load()
AttributeError: module 'IPython' has no attribute 'system'

[validity-debug] Container failed with code 1
[validity-debug] Container stdout: 
[validity-debug] Container stderr: Traceback (most recent call last):
  File "<string>", line 3, in <module>
    obj = torch.load('/tmp/tmpxq54eixq.pt', weights_only=False, map_location='cpu')
  File "/usr/local/lib/python3.13/dist-packages/torch/serialization.py", line 1610, in load
    return _load(
        opened_zipfile,
    ...<3 lines>...
        **pickle_load_args,
    )
  File "/usr/local/lib/python3.13/dist-packages/torch/serialization.py", line 2221, in _load
    result = unpickler.load()
AttributeError: module 'IPython' has no attribute 'system'

[validity-debug] Container failed with code 1
[validity-debug] Container stdout: 
[validity-debug] Container stderr: Traceback (most recent call last):
  File "<string>", line 3, in <module>
    obj = torch.load('/tmp/tmp_dfxkeyb.pt', weights_only=False, map_location='cpu')
  File "/usr/local/lib/python3.13/dist-packages/torch/serialization.py", line 1610, in load
    return _load(
        opened_zipfile,
    ...<3 lines>...
        **pickle_load_args,
    )
  File "/usr/local/lib/python3.13/dist-packages/torch/serialization.py", line 2221, in _load
    result = unpickler.load()
AttributeError: module 'IPython' has no attribute 'system'

[validity-debug] Container failed with code 1
[validity-debug] Container stdout: 
[validity-debug] Container stderr: Traceback (most recent call last):
  File "<string>", line 3, in <module>
    obj = torch.load('/tmp/tmpobb5qde0.pt', weights_only=False, map_location='cpu')
  File "/usr/local/lib/python3.13/dist-packages/torch/serialization.py", line 1610, in load
    return _load(
        opened_zipfile,
    ...<3 lines>...
        **pickle_load_args,
    )
  File "/usr/local/lib/python3.13/dist-packages/torch/serialization.py", line 2221, in _load
    result = unpickler.load()
AttributeError: module 'IPython' has no attribute 'system'

[validity-debug] Container failed with code 1
[validity-debug] Container stdout: 
[validity-debug] Container stderr: Traceback (most recent call last):
  File "<string>", line 3, in <module>
    obj = torch.load('/tmp/tmpu9ix4fjh.pt', weights_only=False, map_location='cpu')
  File "/usr/local/lib/python3.13/dist-packages/torch/serialization.py", line 1610, in load
    return _load(
        opened_zipfile,
    ...<3 lines>...
        **pickle_load_args,
    )
  File "/usr/local/lib/python3.13/dist-packages/torch/serialization.py", line 2221, in _load
    result = unpickler.load()
AttributeError: module 'IPython' has no attribute 'system'

[validity-debug] Container failed with code 1
[validity-debug] Container stdout: 
[validity-debug] Container stderr: Traceback (most recent call last):
  File "<string>", line 3, in <module>
    obj = torch.load('/tmp/tmp1roqlczg.pt', weights_only=False, map_location='cpu')
  File "/usr/local/lib/python3.13/dist-packages/torch/serialization.py", line 1610, in load
    return _load(
        opened_zipfile,
    ...<3 lines>...
        **pickle_load_args,
    )
  File "/usr/local/lib/python3.13/dist-packages/torch/serialization.py", line 2221, in _load
    result = unpickler.load()
  File "/usr/local/lib/python3.13/dist-packages/numpy/__init__.py", line 795, in __getattr__
    raise AttributeError(f"module {__name__!r} has no attribute {attr!r}")
AttributeError: module 'numpy' has no attribute 'runstring'. Did you mean: 'fromstring'?

Round 2 Complete: Valid=9/20, Bypasses=0, Mean Fitness=3513.433, Opcode Cov=42.6%, Callable Cov=24.0%, Per-scanner evasions={'fickling': 20, 'modelscan': 1}

--- Round 3 / 5 ---
Mutation params: op_swap=0.25, sub=0.25, fuzz=0.25
Generated 20 candidate checkpoints (families: {'gadget': 5, 'overwritten': 5, 'pypi_injected': 5, 'external': 5, 'indirect_chain': 0}).
[validity-debug] Container failed with code 1
[validity-debug] Container stdout: 
[validity-debug] Container stderr: Traceback (most recent call last):
  File "<string>", line 3, in <module>
    obj = torch.load('/tmp/tmp1rv0x6ig.pt', weights_only=False, map_location='cpu')
  File "/usr/local/lib/python3.13/dist-packages/torch/serialization.py", line 1610, in load
    return _load(
        opened_zipfile,
    ...<3 lines>...
        **pickle_load_args,
    )
  File "/usr/local/lib/python3.13/dist-packages/torch/serialization.py", line 2221, in _load
    result = unpickler.load()
AttributeError: module 'IPython' has no attribute 'system'

[validity-debug] Container failed with code 1
[validity-debug] Container stdout: 
[validity-debug] Container stderr: Traceback (most recent call last):
  File "<string>", line 3, in <module>
    obj = torch.load('/tmp/tmpphkuejhm.pt', weights_only=False, map_location='cpu')
  File "/usr/local/lib/python3.13/dist-packages/torch/serialization.py", line 1610, in load
    return _load(
        opened_zipfile,
    ...<3 lines>...
        **pickle_load_args,
    )
  File "/usr/local/lib/python3.13/dist-packages/torch/serialization.py", line 2221, in _load
    result = unpickler.load()
AttributeError: module 'IPython' has no attribute 'system'

[validity-debug] Container failed with code 1
[validity-debug] Container stdout: 
[validity-debug] Container stderr: Traceback (most recent call last):
  File "<string>", line 3, in <module>
    obj = torch.load('/tmp/tmpz6899tua.pt', weights_only=False, map_location='cpu')
  File "/usr/local/lib/python3.13/dist-packages/torch/serialization.py", line 1610, in load
    return _load(
        opened_zipfile,
    ...<3 lines>...
        **pickle_load_args,
    )
  File "/usr/local/lib/python3.13/dist-packages/torch/serialization.py", line 2221, in _load
    result = unpickler.load()
  File "/usr/local/lib/python3.13/dist-packages/numpy/__init__.py", line 795, in __getattr__
    raise AttributeError(f"module {__name__!r} has no attribute {attr!r}")
AttributeError: module 'numpy' has no attribute 'runstring'. Did you mean: 'fromstring'?

[validity-debug] Container failed with code 1
[validity-debug] Container stdout: 
[validity-debug] Container stderr: Traceback (most recent call last):
  File "<string>", line 3, in <module>
    obj = torch.load('/tmp/tmp3zvyy2gt.pt', weights_only=False, map_location='cpu')
  File "/usr/local/lib/python3.13/dist-packages/torch/serialization.py", line 1610, in load
    return _load(
        opened_zipfile,
    ...<3 lines>...
        **pickle_load_args,
    )
  File "/usr/local/lib/python3.13/dist-packages/torch/serialization.py", line 2221, in _load
    result = unpickler.load()
AttributeError: module 'IPython' has no attribute 'system'

[validity-debug] Container failed with code 1
[validity-debug] Container stdout: 
[validity-debug] Container stderr: Traceback (most recent call last):
  File "<string>", line 3, in <module>
    obj = torch.load('/tmp/tmpyrkbx7_1.pt', weights_only=False, map_location='cpu')
  File "/usr/local/lib/python3.13/dist-packages/torch/serialization.py", line 1610, in load
    return _load(
        opened_zipfile,
    ...<3 lines>...
        **pickle_load_args,
    )
  File "/usr/local/lib/python3.13/dist-packages/torch/serialization.py", line 2221, in _load
    result = unpickler.load()
AttributeError: module 'IPython' has no attribute 'system'

[validity-debug] Container failed with code 1
[validity-debug] Container stdout: 
[validity-debug] Container stderr: Traceback (most recent call last):
  File "<string>", line 3, in <module>
    obj = torch.load('/tmp/tmp1w0rcq22.pt', weights_only=False, map_location='cpu')
  File "/usr/local/lib/python3.13/dist-packages/torch/serialization.py", line 1610, in load
    return _load(
        opened_zipfile,
    ...<3 lines>...
        **pickle_load_args,
    )
  File "/usr/local/lib/python3.13/dist-packages/torch/serialization.py", line 2221, in _load
    result = unpickler.load()
AttributeError: module 'IPython' has no attribute 'system'

[validity-debug] Container failed with code 1
[validity-debug] Container stdout: 
[validity-debug] Container stderr: Traceback (most recent call last):
  File "<string>", line 3, in <module>
    obj = torch.load('/tmp/tmp546jlauw.pt', weights_only=False, map_location='cpu')
  File "/usr/local/lib/python3.13/dist-packages/torch/serialization.py", line 1610, in load
    return _load(
        opened_zipfile,
    ...<3 lines>...
        **pickle_load_args,
    )
  File "/usr/local/lib/python3.13/dist-packages/torch/serialization.py", line 2221, in _load
    result = unpickler.load()
  File "/usr/local/lib/python3.13/dist-packages/numpy/__init__.py", line 795, in __getattr__
    raise AttributeError(f"module {__name__!r} has no attribute {attr!r}")
AttributeError: module 'numpy' has no attribute 'runstring'. Did you mean: 'fromstring'?

[validity-debug] Container failed with code 1
[validity-debug] Container stdout: 
[validity-debug] Container stderr: Traceback (most recent call last):
  File "<string>", line 3, in <module>
    obj = torch.load('/tmp/tmphl6p4lzr.pt', weights_only=False, map_location='cpu')
  File "/usr/local/lib/python3.13/dist-packages/torch/serialization.py", line 1610, in load
    return _load(
        opened_zipfile,
    ...<3 lines>...
        **pickle_load_args,
    )
  File "/usr/local/lib/python3.13/dist-packages/torch/serialization.py", line 2221, in _load
    result = unpickler.load()
  File "/usr/local/lib/python3.13/dist-packages/numpy/__init__.py", line 795, in __getattr__
    raise AttributeError(f"module {__name__!r} has no attribute {attr!r}")
AttributeError: module 'numpy' has no attribute 'runstring'. Did you mean: 'fromstring'?

Round 3 Complete: Valid=12/20, Bypasses=0, Mean Fitness=2539.200, Opcode Cov=42.6%, Callable Cov=28.0%, Per-scanner evasions={'fickling': 20, 'modelscan': 2}

--- Round 4 / 5 ---
Mutation params: op_swap=0.30, sub=0.30, fuzz=0.30
Generated 20 candidate checkpoints (families: {'gadget': 2, 'overwritten': 5, 'pypi_injected': 7, 'external': 2, 'indirect_chain': 4}).
[validity-debug] Container failed with code 1
[validity-debug] Container stdout: 
[validity-debug] Container stderr: Traceback (most recent call last):
  File "<string>", line 3, in <module>
    obj = torch.load('/tmp/tmp6oxkak84.pt', weights_only=False, map_location='cpu')
  File "/usr/local/lib/python3.13/dist-packages/torch/serialization.py", line 1610, in load
    return _load(
        opened_zipfile,
    ...<3 lines>...
        **pickle_load_args,
    )
  File "/usr/local/lib/python3.13/dist-packages/torch/serialization.py", line 2221, in _load
    result = unpickler.load()
  File "/usr/local/lib/python3.13/dist-packages/numpy/__init__.py", line 795, in __getattr__
    raise AttributeError(f"module {__name__!r} has no attribute {attr!r}")
AttributeError: module 'numpy' has no attribute 'runstring'. Did you mean: 'fromstring'?

[validity-debug] Container failed with code 1
[validity-debug] Container stdout: 
[validity-debug] Container stderr: Traceback (most recent call last):
  File "<string>", line 3, in <module>
    obj = torch.load('/tmp/tmp94qp8tqw.pt', weights_only=False, map_location='cpu')
  File "/usr/local/lib/python3.13/dist-packages/torch/serialization.py", line 1610, in load
    return _load(
        opened_zipfile,
    ...<3 lines>...
        **pickle_load_args,
    )
  File "/usr/local/lib/python3.13/dist-packages/torch/serialization.py", line 2221, in _load
    result = unpickler.load()
AttributeError: module 'IPython' has no attribute 'system'

[validity-debug] Container failed with code 1
[validity-debug] Container stdout: 
[validity-debug] Container stderr: Traceback (most recent call last):
  File "<string>", line 3, in <module>
    obj = torch.load('/tmp/tmpztw96n6w.pt', weights_only=False, map_location='cpu')
  File "/usr/local/lib/python3.13/dist-packages/torch/serialization.py", line 1610, in load
    return _load(
        opened_zipfile,
    ...<3 lines>...
        **pickle_load_args,
    )
  File "/usr/local/lib/python3.13/dist-packages/torch/serialization.py", line 2221, in _load
    result = unpickler.load()
AttributeError: module 'IPython' has no attribute 'system'

[validity-debug] Container failed with code 1
[validity-debug] Container stdout: 
[validity-debug] Container stderr: Traceback (most recent call last):
  File "<string>", line 3, in <module>
    obj = torch.load('/tmp/tmppd8lxzb_.pt', weights_only=False, map_location='cpu')
  File "/usr/local/lib/python3.13/dist-packages/torch/serialization.py", line 1610, in load
    return _load(
        opened_zipfile,
    ...<3 lines>...
        **pickle_load_args,
    )
  File "/usr/local/lib/python3.13/dist-packages/torch/serialization.py", line 2221, in _load
    result = unpickler.load()
AttributeError: module 'IPython' has no attribute 'system'

[validity-debug] Container failed with code 1
[validity-debug] Container stdout: 
[validity-debug] Container stderr: Traceback (most recent call last):
  File "<string>", line 3, in <module>
    obj = torch.load('/tmp/tmpkq76t8ry.pt', weights_only=False, map_location='cpu')
  File "/usr/local/lib/python3.13/dist-packages/torch/serialization.py", line 1610, in load
    return _load(
        opened_zipfile,
    ...<3 lines>...
        **pickle_load_args,
    )
  File "/usr/local/lib/python3.13/dist-packages/torch/serialization.py", line 2221, in _load
    result = unpickler.load()
AttributeError: module 'IPython' has no attribute 'system'

[validity-debug] Container failed with code 1
[validity-debug] Container stdout: 
[validity-debug] Container stderr: Traceback (most recent call last):
  File "<string>", line 3, in <module>
    obj = torch.load('/tmp/tmpda9c27vp.pt', weights_only=False, map_location='cpu')
  File "/usr/local/lib/python3.13/dist-packages/torch/serialization.py", line 1610, in load
    return _load(
        opened_zipfile,
    ...<3 lines>...
        **pickle_load_args,
    )
  File "/usr/local/lib/python3.13/dist-packages/torch/serialization.py", line 2221, in _load
    result = unpickler.load()
AttributeError: module 'IPython' has no attribute 'system'

[validity-debug] Container failed with code 1
[validity-debug] Container stdout: 
[validity-debug] Container stderr: Traceback (most recent call last):
  File "<string>", line 3, in <module>
    obj = torch.load('/tmp/tmp9mz51311.pt', weights_only=False, map_location='cpu')
  File "/usr/local/lib/python3.13/dist-packages/torch/serialization.py", line 1610, in load
    return _load(
        opened_zipfile,
    ...<3 lines>...
        **pickle_load_args,
    )
  File "/usr/local/lib/python3.13/dist-packages/torch/serialization.py", line 2221, in _load
    result = unpickler.load()
AttributeError: module 'IPython' has no attribute 'system'

[validity-debug] Container failed with code 1
[validity-debug] Container stdout: 
[validity-debug] Container stderr: Traceback (most recent call last):
  File "<string>", line 3, in <module>
    obj = torch.load('/tmp/tmpvq_ch85g.pt', weights_only=False, map_location='cpu')
  File "/usr/local/lib/python3.13/dist-packages/torch/serialization.py", line 1610, in load
    return _load(
        opened_zipfile,
    ...<3 lines>...
        **pickle_load_args,
    )
  File "/usr/local/lib/python3.13/dist-packages/torch/serialization.py", line 2221, in _load
    result = unpickler.load()
AttributeError: module 'IPython' has no attribute 'system'

Round 4 Complete: Valid=12/20, Bypasses=0, Mean Fitness=3032.055, Opcode Cov=42.6%, Callable Cov=28.0%, Per-scanner evasions={'fickling': 20, 'modelscan': 1}

--- Round 5 / 5 ---
Mutation params: op_swap=0.35, sub=0.35, fuzz=0.35
Generated 20 candidate checkpoints (families: {'gadget': 7, 'overwritten': 4, 'pypi_injected': 3, 'external': 1, 'indirect_chain': 5}).
[validity-debug] Container failed with code 1
[validity-debug] Container stdout: 
[validity-debug] Container stderr: Traceback (most recent call last):
  File "<string>", line 3, in <module>
    obj = torch.load('/tmp/tmpys7ai1st.pt', weights_only=False, map_location='cpu')
  File "/usr/local/lib/python3.13/dist-packages/torch/serialization.py", line 1610, in load
    return _load(
        opened_zipfile,
    ...<3 lines>...
        **pickle_load_args,
    )
  File "/usr/local/lib/python3.13/dist-packages/torch/serialization.py", line 2221, in _load
    result = unpickler.load()
AttributeError: module 'IPython' has no attribute 'system'

[validity-debug] Container failed with code 1
[validity-debug] Container stdout: 
[validity-debug] Container stderr: Traceback (most recent call last):
  File "<string>", line 3, in <module>
    obj = torch.load('/tmp/tmpd8ateya2.pt', weights_only=False, map_location='cpu')
  File "/usr/local/lib/python3.13/dist-packages/torch/serialization.py", line 1610, in load
    return _load(
        opened_zipfile,
    ...<3 lines>...
        **pickle_load_args,
    )
  File "/usr/local/lib/python3.13/dist-packages/torch/serialization.py", line 2221, in _load
    result = unpickler.load()
  File "/usr/local/lib/python3.13/dist-packages/numpy/__init__.py", line 795, in __getattr__
    raise AttributeError(f"module {__name__!r} has no attribute {attr!r}")
AttributeError: module 'numpy' has no attribute 'runstring'. Did you mean: 'fromstring'?

Round 5 Complete: Valid=18/20, Bypasses=0, Mean Fitness=7024.103, Opcode Cov=42.6%, Callable Cov=28.0%, Per-scanner evasions={'fickling': 20}

Written fuzzing report to docs/fuzzing-report-guided-r4.md
============================================================
CAMPAIGN COMPLETE (guided, replicate 4)
  valid candidates : 67/100
  confirmed bypasses: 1
============================================================
[Mon Aug 24 09:43:22 PM +0530 2026] Completed guided-oracle_dominant-r4 successfully

[Mon Aug 24 09:43:32 PM +0530 2026] Starting guided-current-r5 (seed=1341)...
============================================================
STARTING GUIDED FUZZING CAMPAIGN (replicate 5)
============================================================

--- Round 1 / 5 ---
Mutation params: op_swap=0.15, sub=0.15, fuzz=0.15
Generated 20 candidate checkpoints (families: {'gadget': 5, 'overwritten': 4, 'pypi_injected': 6, 'external': 2, 'indirect_chain': 3}).
[validity-debug] Container failed with code 1
[validity-debug] Container stdout: 
[validity-debug] Container stderr: Traceback (most recent call last):
  File "<string>", line 3, in <module>
    obj = torch.load('/tmp/tmpqwbawn4o.pt', weights_only=False, map_location='cpu')
  File "/usr/local/lib/python3.13/dist-packages/torch/serialization.py", line 1610, in load
    return _load(
        opened_zipfile,
    ...<3 lines>...
        **pickle_load_args,
    )
  File "/usr/local/lib/python3.13/dist-packages/torch/serialization.py", line 2221, in _load
    result = unpickler.load()
AttributeError: module 'IPython' has no attribute 'system'

[validity-debug] Container failed with code 1
[validity-debug] Container stdout: 
[validity-debug] Container stderr: Traceback (most recent call last):
  File "<string>", line 3, in <module>
    obj = torch.load('/tmp/tmpht51mhn8.pt', weights_only=False, map_location='cpu')
  File "/usr/local/lib/python3.13/dist-packages/torch/serialization.py", line 1610, in load
    return _load(
        opened_zipfile,
    ...<3 lines>...
        **pickle_load_args,
    )
  File "/usr/local/lib/python3.13/dist-packages/torch/serialization.py", line 2221, in _load
    result = unpickler.load()
AttributeError: module 'IPython' has no attribute 'system'

[validity-debug] Container failed with code 1
[validity-debug] Container stdout: 
[validity-debug] Container stderr: Traceback (most recent call last):
  File "<string>", line 3, in <module>
    obj = torch.load('/tmp/tmps_3p5q_7.pt', weights_only=False, map_location='cpu')
  File "/usr/local/lib/python3.13/dist-packages/torch/serialization.py", line 1610, in load
    return _load(
        opened_zipfile,
    ...<3 lines>...
        **pickle_load_args,
    )
  File "/usr/local/lib/python3.13/dist-packages/torch/serialization.py", line 2221, in _load
    result = unpickler.load()
  File "/usr/local/lib/python3.13/dist-packages/numpy/__init__.py", line 795, in __getattr__
    raise AttributeError(f"module {__name__!r} has no attribute {attr!r}")
AttributeError: module 'numpy' has no attribute 'runstring'. Did you mean: 'fromstring'?

Round 1 Complete: Valid=17/20, Bypasses=3, Mean Fitness=3.050, Opcode Cov=41.2%, Callable Cov=28.0%, Per-scanner evasions={'fickling': 20, 'modelscan': 6, 'picklescan': 3}

--- Round 2 / 5 ---
Mutation params: op_swap=0.20, sub=0.20, fuzz=0.20
Generated 20 candidate checkpoints (families: {'gadget': 2, 'overwritten': 2, 'pypi_injected': 11, 'external': 2, 'indirect_chain': 3}).
[validity-debug] Container failed with code 1
[validity-debug] Container stdout: 
[validity-debug] Container stderr: Traceback (most recent call last):
  File "<string>", line 3, in <module>
    obj = torch.load('/tmp/tmpg8drt6rq.pt', weights_only=False, map_location='cpu')
  File "/usr/local/lib/python3.13/dist-packages/torch/serialization.py", line 1610, in load
    return _load(
        opened_zipfile,
    ...<3 lines>...
        **pickle_load_args,
    )
  File "/usr/local/lib/python3.13/dist-packages/torch/serialization.py", line 2221, in _load
    result = unpickler.load()
AttributeError: module 'IPython' has no attribute 'system'

[validity-debug] Container failed with code 1
[validity-debug] Container stdout: 
[validity-debug] Container stderr: Traceback (most recent call last):
  File "<string>", line 3, in <module>
    obj = torch.load('/tmp/tmplufeckfo.pt', weights_only=False, map_location='cpu')
  File "/usr/local/lib/python3.13/dist-packages/torch/serialization.py", line 1610, in load
    return _load(
        opened_zipfile,
    ...<3 lines>...
        **pickle_load_args,
    )
  File "/usr/local/lib/python3.13/dist-packages/torch/serialization.py", line 2221, in _load
    result = unpickler.load()
AttributeError: module 'IPython' has no attribute 'system'

[validity-debug] Container failed with code 1
[validity-debug] Container stdout: 
[validity-debug] Container stderr: Traceback (most recent call last):
  File "<string>", line 3, in <module>
    obj = torch.load('/tmp/tmp36zf7pxs.pt', weights_only=False, map_location='cpu')
  File "/usr/local/lib/python3.13/dist-packages/torch/serialization.py", line 1610, in load
    return _load(
        opened_zipfile,
    ...<3 lines>...
        **pickle_load_args,
    )
  File "/usr/local/lib/python3.13/dist-packages/torch/serialization.py", line 2221, in _load
    result = unpickler.load()
AttributeError: module 'IPython' has no attribute 'system'

[validity-debug] Container failed with code 1
[validity-debug] Container stdout: 
[validity-debug] Container stderr: Traceback (most recent call last):
  File "<string>", line 3, in <module>
    obj = torch.load('/tmp/tmpe_m5wfw8.pt', weights_only=False, map_location='cpu')
  File "/usr/local/lib/python3.13/dist-packages/torch/serialization.py", line 1610, in load
    return _load(
        opened_zipfile,
    ...<3 lines>...
        **pickle_load_args,
    )
  File "/usr/local/lib/python3.13/dist-packages/torch/serialization.py", line 2221, in _load
    result = unpickler.load()
AttributeError: module 'IPython' has no attribute 'system'

[validity-debug] Container failed with code 1
[validity-debug] Container stdout: 
[validity-debug] Container stderr: Traceback (most recent call last):
  File "<string>", line 3, in <module>
    obj = torch.load('/tmp/tmp8rcoy16d.pt', weights_only=False, map_location='cpu')
  File "/usr/local/lib/python3.13/dist-packages/torch/serialization.py", line 1610, in load
    return _load(
        opened_zipfile,
    ...<3 lines>...
        **pickle_load_args,
    )
  File "/usr/local/lib/python3.13/dist-packages/torch/serialization.py", line 2221, in _load
    result = unpickler.load()
  File "/usr/local/lib/python3.13/dist-packages/numpy/__init__.py", line 795, in __getattr__
    raise AttributeError(f"module {__name__!r} has no attribute {attr!r}")
AttributeError: module 'numpy' has no attribute 'runstring'. Did you mean: 'fromstring'?

[validity-debug] Container failed with code 1
[validity-debug] Container stdout: 
[validity-debug] Container stderr: Traceback (most recent call last):
  File "<string>", line 3, in <module>
    obj = torch.load('/tmp/tmp31n7fzku.pt', weights_only=False, map_location='cpu')
  File "/usr/local/lib/python3.13/dist-packages/torch/serialization.py", line 1610, in load
    return _load(
        opened_zipfile,
    ...<3 lines>...
        **pickle_load_args,
    )
  File "/usr/local/lib/python3.13/dist-packages/torch/serialization.py", line 2221, in _load
    result = unpickler.load()
AttributeError: module 'IPython' has no attribute 'system'

[validity-debug] Container failed with code 1
[validity-debug] Container stdout: 
[validity-debug] Container stderr: Traceback (most recent call last):
  File "<string>", line 3, in <module>
    obj = torch.load('/tmp/tmpcr2xskem.pt', weights_only=False, map_location='cpu')
  File "/usr/local/lib/python3.13/dist-packages/torch/serialization.py", line 1610, in load
    return _load(
        opened_zipfile,
    ...<3 lines>...
        **pickle_load_args,
    )
  File "/usr/local/lib/python3.13/dist-packages/torch/serialization.py", line 2221, in _load
    result = unpickler.load()
AttributeError: module 'IPython' has no attribute 'system'

[validity-debug] Container failed with code 1
[validity-debug] Container stdout: 
[validity-debug] Container stderr: Traceback (most recent call last):
  File "<string>", line 3, in <module>
    obj = torch.load('/tmp/tmp7qoqi0zh.pt', weights_only=False, map_location='cpu')
  File "/usr/local/lib/python3.13/dist-packages/torch/serialization.py", line 1610, in load
    return _load(
        opened_zipfile,
    ...<3 lines>...
        **pickle_load_args,
    )
  File "/usr/local/lib/python3.13/dist-packages/torch/serialization.py", line 2221, in _load
    result = unpickler.load()
AttributeError: module 'IPython' has no attribute 'system'

[validity-debug] Container failed with code 1
[validity-debug] Container stdout: 
[validity-debug] Container stderr: Traceback (most recent call last):
  File "<string>", line 3, in <module>
    obj = torch.load('/tmp/tmp59s1fpvr.pt', weights_only=False, map_location='cpu')
  File "/usr/local/lib/python3.13/dist-packages/torch/serialization.py", line 1610, in load
    return _load(
        opened_zipfile,
    ...<3 lines>...
        **pickle_load_args,
    )
  File "/usr/local/lib/python3.13/dist-packages/torch/serialization.py", line 2221, in _load
    result = unpickler.load()
AttributeError: module 'IPython' has no attribute 'system'

[validity-debug] Container failed with code 1
[validity-debug] Container stdout: 
[validity-debug] Container stderr: Traceback (most recent call last):
  File "<string>", line 3, in <module>
    obj = torch.load('/tmp/tmpzywi4jjc.pt', weights_only=False, map_location='cpu')
  File "/usr/local/lib/python3.13/dist-packages/torch/serialization.py", line 1610, in load
    return _load(
        opened_zipfile,
    ...<3 lines>...
        **pickle_load_args,
    )
  File "/usr/local/lib/python3.13/dist-packages/torch/serialization.py", line 2221, in _load
    result = unpickler.load()
AttributeError: module 'IPython' has no attribute 'system'

[validity-debug] Container failed with code 1
[validity-debug] Container stdout: 
[validity-debug] Container stderr: Traceback (most recent call last):
  File "<string>", line 3, in <module>
    obj = torch.load('/tmp/tmp05qyq7l4.pt', weights_only=False, map_location='cpu')
  File "/usr/local/lib/python3.13/dist-packages/torch/serialization.py", line 1610, in load
    return _load(
        opened_zipfile,
    ...<3 lines>...
        **pickle_load_args,
    )
  File "/usr/local/lib/python3.13/dist-packages/torch/serialization.py", line 2221, in _load
    result = unpickler.load()
AttributeError: module 'IPython' has no attribute 'system'

[validity-debug] Container failed with code 1
[validity-debug] Container stdout: 
[validity-debug] Container stderr: Traceback (most recent call last):
  File "<string>", line 3, in <module>
    obj = torch.load('/tmp/tmpz8ao2o_6.pt', weights_only=False, map_location='cpu')
  File "/usr/local/lib/python3.13/dist-packages/torch/serialization.py", line 1610, in load
    return _load(
        opened_zipfile,
    ...<3 lines>...
        **pickle_load_args,
    )
  File "/usr/local/lib/python3.13/dist-packages/torch/serialization.py", line 2221, in _load
    result = unpickler.load()
  File "/usr/local/lib/python3.13/dist-packages/numpy/__init__.py", line 795, in __getattr__
    raise AttributeError(f"module {__name__!r} has no attribute {attr!r}")
AttributeError: module 'numpy' has no attribute 'runstring'. Did you mean: 'fromstring'?

Round 2 Complete: Valid=8/20, Bypasses=0, Mean Fitness=1.390, Opcode Cov=41.2%, Callable Cov=36.0%, Per-scanner evasions={'fickling': 20}

--- Round 3 / 5 ---
Mutation params: op_swap=0.25, sub=0.25, fuzz=0.25
Generated 20 candidate checkpoints (families: {'gadget': 2, 'overwritten': 3, 'pypi_injected': 12, 'external': 1, 'indirect_chain': 2}).
[validity-debug] Container failed with code 1
[validity-debug] Container stdout: 
[validity-debug] Container stderr: Traceback (most recent call last):
  File "<string>", line 3, in <module>
    obj = torch.load('/tmp/tmp41np4epo.pt', weights_only=False, map_location='cpu')
  File "/usr/local/lib/python3.13/dist-packages/torch/serialization.py", line 1610, in load
    return _load(
        opened_zipfile,
    ...<3 lines>...
        **pickle_load_args,
    )
  File "/usr/local/lib/python3.13/dist-packages/torch/serialization.py", line 2221, in _load
    result = unpickler.load()
AttributeError: module 'IPython' has no attribute 'system'

[validity-debug] Container failed with code 1
[validity-debug] Container stdout: 
[validity-debug] Container stderr: Traceback (most recent call last):
  File "<string>", line 3, in <module>
    obj = torch.load('/tmp/tmppj2ek9ka.pt', weights_only=False, map_location='cpu')
  File "/usr/local/lib/python3.13/dist-packages/torch/serialization.py", line 1610, in load
    return _load(
        opened_zipfile,
    ...<3 lines>...
        **pickle_load_args,
    )
  File "/usr/local/lib/python3.13/dist-packages/torch/serialization.py", line 2221, in _load
    result = unpickler.load()
AttributeError: module 'IPython' has no attribute 'system'

[validity-debug] Container failed with code 1
[validity-debug] Container stdout: 
[validity-debug] Container stderr: Traceback (most recent call last):
  File "<string>", line 3, in <module>
    obj = torch.load('/tmp/tmpxvdxzc_5.pt', weights_only=False, map_location='cpu')
  File "/usr/local/lib/python3.13/dist-packages/torch/serialization.py", line 1610, in load
    return _load(
        opened_zipfile,
    ...<3 lines>...
        **pickle_load_args,
    )
  File "/usr/local/lib/python3.13/dist-packages/torch/serialization.py", line 2221, in _load
    result = unpickler.load()
AttributeError: module 'IPython' has no attribute 'system'

[validity-debug] Container failed with code 1
[validity-debug] Container stdout: 
[validity-debug] Container stderr: Traceback (most recent call last):
  File "<string>", line 3, in <module>
    obj = torch.load('/tmp/tmpxwlt_ppk.pt', weights_only=False, map_location='cpu')
  File "/usr/local/lib/python3.13/dist-packages/torch/serialization.py", line 1610, in load
    return _load(
        opened_zipfile,
    ...<3 lines>...
        **pickle_load_args,
    )
  File "/usr/local/lib/python3.13/dist-packages/torch/serialization.py", line 2221, in _load
    result = unpickler.load()
AttributeError: module 'IPython' has no attribute 'system'

[validity-debug] Container failed with code 1
[validity-debug] Container stdout: 
[validity-debug] Container stderr: Traceback (most recent call last):
  File "<string>", line 3, in <module>
    obj = torch.load('/tmp/tmppmdzkadb.pt', weights_only=False, map_location='cpu')
  File "/usr/local/lib/python3.13/dist-packages/torch/serialization.py", line 1610, in load
    return _load(
        opened_zipfile,
    ...<3 lines>...
        **pickle_load_args,
    )
  File "/usr/local/lib/python3.13/dist-packages/torch/serialization.py", line 2221, in _load
    result = unpickler.load()
AttributeError: module 'IPython' has no attribute 'system'

[validity-debug] Container failed with code 1
[validity-debug] Container stdout: 
[validity-debug] Container stderr: Traceback (most recent call last):
  File "<string>", line 3, in <module>
    obj = torch.load('/tmp/tmps_aw18vx.pt', weights_only=False, map_location='cpu')
  File "/usr/local/lib/python3.13/dist-packages/torch/serialization.py", line 1610, in load
    return _load(
        opened_zipfile,
    ...<3 lines>...
        **pickle_load_args,
    )
  File "/usr/local/lib/python3.13/dist-packages/torch/serialization.py", line 2221, in _load
    result = unpickler.load()
AttributeError: module 'IPython' has no attribute 'system'

[validity-debug] Container failed with code 1
[validity-debug] Container stdout: 
[validity-debug] Container stderr: Traceback (most recent call last):
  File "<string>", line 3, in <module>
    obj = torch.load('/tmp/tmpdizau_59.pt', weights_only=False, map_location='cpu')
  File "/usr/local/lib/python3.13/dist-packages/torch/serialization.py", line 1610, in load
    return _load(
        opened_zipfile,
    ...<3 lines>...
        **pickle_load_args,
    )
  File "/usr/local/lib/python3.13/dist-packages/torch/serialization.py", line 2221, in _load
    result = unpickler.load()
AttributeError: module 'IPython' has no attribute 'system'

[validity-debug] Container failed with code 1
[validity-debug] Container stdout: 
[validity-debug] Container stderr: Traceback (most recent call last):
  File "<string>", line 3, in <module>
    obj = torch.load('/tmp/tmp0i_6q0bz.pt', weights_only=False, map_location='cpu')
  File "/usr/local/lib/python3.13/dist-packages/torch/serialization.py", line 1610, in load
    return _load(
        opened_zipfile,
    ...<3 lines>...
        **pickle_load_args,
    )
  File "/usr/local/lib/python3.13/dist-packages/torch/serialization.py", line 2221, in _load
    result = unpickler.load()
  File "/usr/local/lib/python3.13/dist-packages/numpy/__init__.py", line 795, in __getattr__
    raise AttributeError(f"module {__name__!r} has no attribute {attr!r}")
AttributeError: module 'numpy' has no attribute 'runstring'. Did you mean: 'fromstring'?

[validity-debug] Container failed with code 1
[validity-debug] Container stdout: 
[validity-debug] Container stderr: Traceback (most recent call last):
  File "<string>", line 3, in <module>
    obj = torch.load('/tmp/tmpikxt5u71.pt', weights_only=False, map_location='cpu')
  File "/usr/local/lib/python3.13/dist-packages/torch/serialization.py", line 1610, in load
    return _load(
        opened_zipfile,
    ...<3 lines>...
        **pickle_load_args,
    )
  File "/usr/local/lib/python3.13/dist-packages/torch/serialization.py", line 2221, in _load
    result = unpickler.load()
AttributeError: module 'IPython' has no attribute 'system'

[validity-debug] Container failed with code 1
[validity-debug] Container stdout: 
[validity-debug] Container stderr: Traceback (most recent call last):
  File "<string>", line 3, in <module>
    obj = torch.load('/tmp/tmp73kfox1c.pt', weights_only=False, map_location='cpu')
  File "/usr/local/lib/python3.13/dist-packages/torch/serialization.py", line 1610, in load
    return _load(
        opened_zipfile,
    ...<3 lines>...
        **pickle_load_args,
    )
  File "/usr/local/lib/python3.13/dist-packages/torch/serialization.py", line 2221, in _load
    result = unpickler.load()
AttributeError: module 'IPython' has no attribute 'system'

Round 3 Complete: Valid=10/20, Bypasses=0, Mean Fitness=1.296, Opcode Cov=42.6%, Callable Cov=40.0%, Per-scanner evasions={'fickling': 20}

--- Round 4 / 5 ---
Mutation params: op_swap=0.30, sub=0.30, fuzz=0.30
Generated 20 candidate checkpoints (families: {'gadget': 4, 'overwritten': 1, 'pypi_injected': 10, 'external': 2, 'indirect_chain': 3}).
[validity-debug] Container failed with code 1
[validity-debug] Container stdout: 
[validity-debug] Container stderr: Traceback (most recent call last):
  File "<string>", line 3, in <module>
    obj = torch.load('/tmp/tmpu9ut0iuc.pt', weights_only=False, map_location='cpu')
  File "/usr/local/lib/python3.13/dist-packages/torch/serialization.py", line 1610, in load
    return _load(
        opened_zipfile,
    ...<3 lines>...
        **pickle_load_args,
    )
  File "/usr/local/lib/python3.13/dist-packages/torch/serialization.py", line 2221, in _load
    result = unpickler.load()
AttributeError: module 'IPython' has no attribute 'system'

[validity-debug] Container failed with code 1
[validity-debug] Container stdout: 
[validity-debug] Container stderr: Traceback (most recent call last):
  File "<string>", line 3, in <module>
    obj = torch.load('/tmp/tmplk3yqb4t.pt', weights_only=False, map_location='cpu')
  File "/usr/local/lib/python3.13/dist-packages/torch/serialization.py", line 1610, in load
    return _load(
        opened_zipfile,
    ...<3 lines>...
        **pickle_load_args,
    )
  File "/usr/local/lib/python3.13/dist-packages/torch/serialization.py", line 2221, in _load
    result = unpickler.load()
AttributeError: module 'IPython' has no attribute 'system'

[validity-debug] Container failed with code 1
[validity-debug] Container stdout: 
[validity-debug] Container stderr: Traceback (most recent call last):
  File "<string>", line 3, in <module>
    obj = torch.load('/tmp/tmp2orgs1dv.pt', weights_only=False, map_location='cpu')
  File "/usr/local/lib/python3.13/dist-packages/torch/serialization.py", line 1610, in load
    return _load(
        opened_zipfile,
    ...<3 lines>...
        **pickle_load_args,
    )
  File "/usr/local/lib/python3.13/dist-packages/torch/serialization.py", line 2221, in _load
    result = unpickler.load()
  File "/usr/local/lib/python3.13/dist-packages/numpy/__init__.py", line 795, in __getattr__
    raise AttributeError(f"module {__name__!r} has no attribute {attr!r}")
AttributeError: module 'numpy' has no attribute 'runstring'. Did you mean: 'fromstring'?

[validity-debug] Container failed with code 1
[validity-debug] Container stdout: 
[validity-debug] Container stderr: Traceback (most recent call last):
  File "<string>", line 3, in <module>
    obj = torch.load('/tmp/tmp378g7tlb.pt', weights_only=False, map_location='cpu')
  File "/usr/local/lib/python3.13/dist-packages/torch/serialization.py", line 1610, in load
    return _load(
        opened_zipfile,
    ...<3 lines>...
        **pickle_load_args,
    )
  File "/usr/local/lib/python3.13/dist-packages/torch/serialization.py", line 2221, in _load
    result = unpickler.load()
AttributeError: module 'IPython' has no attribute 'system'

[validity-debug] Container failed with code 1
[validity-debug] Container stdout: 
[validity-debug] Container stderr: Traceback (most recent call last):
  File "<string>", line 3, in <module>
    obj = torch.load('/tmp/tmpbiomdtys.pt', weights_only=False, map_location='cpu')
  File "/usr/local/lib/python3.13/dist-packages/torch/serialization.py", line 1610, in load
    return _load(
        opened_zipfile,
    ...<3 lines>...
        **pickle_load_args,
    )
  File "/usr/local/lib/python3.13/dist-packages/torch/serialization.py", line 2221, in _load
    result = unpickler.load()
  File "/usr/local/lib/python3.13/dist-packages/numpy/__init__.py", line 795, in __getattr__
    raise AttributeError(f"module {__name__!r} has no attribute {attr!r}")
AttributeError: module 'numpy' has no attribute 'runstring'. Did you mean: 'fromstring'?

[validity-debug] Container failed with code 1
[validity-debug] Container stdout: 
[validity-debug] Container stderr: Traceback (most recent call last):
  File "<string>", line 3, in <module>
    obj = torch.load('/tmp/tmp9jxka9j0.pt', weights_only=False, map_location='cpu')
  File "/usr/local/lib/python3.13/dist-packages/torch/serialization.py", line 1610, in load
    return _load(
        opened_zipfile,
    ...<3 lines>...
        **pickle_load_args,
    )
  File "/usr/local/lib/python3.13/dist-packages/torch/serialization.py", line 2221, in _load
    result = unpickler.load()
AttributeError: module 'IPython' has no attribute 'system'

[validity-debug] Container failed with code 1
[validity-debug] Container stdout: 
[validity-debug] Container stderr: Traceback (most recent call last):
  File "<string>", line 3, in <module>
    obj = torch.load('/tmp/tmpxuaeev0w.pt', weights_only=False, map_location='cpu')
  File "/usr/local/lib/python3.13/dist-packages/torch/serialization.py", line 1610, in load
    return _load(
        opened_zipfile,
    ...<3 lines>...
        **pickle_load_args,
    )
  File "/usr/local/lib/python3.13/dist-packages/torch/serialization.py", line 2221, in _load
    result = unpickler.load()
AttributeError: module 'IPython' has no attribute 'system'

[validity-debug] Container failed with code 1
[validity-debug] Container stdout: 
[validity-debug] Container stderr: Traceback (most recent call last):
  File "<string>", line 3, in <module>
    obj = torch.load('/tmp/tmpbdisrltp.pt', weights_only=False, map_location='cpu')
  File "/usr/local/lib/python3.13/dist-packages/torch/serialization.py", line 1610, in load
    return _load(
        opened_zipfile,
    ...<3 lines>...
        **pickle_load_args,
    )
  File "/usr/local/lib/python3.13/dist-packages/torch/serialization.py", line 2221, in _load
    result = unpickler.load()
AttributeError: module 'IPython' has no attribute 'system'

Round 4 Complete: Valid=12/20, Bypasses=0, Mean Fitness=1.433, Opcode Cov=42.6%, Callable Cov=40.0%, Per-scanner evasions={'fickling': 20, 'modelscan': 1}

--- Round 5 / 5 ---
Mutation params: op_swap=0.35, sub=0.35, fuzz=0.35
Generated 20 candidate checkpoints (families: {'gadget': 0, 'overwritten': 3, 'pypi_injected': 12, 'external': 2, 'indirect_chain': 3}).
[validity-debug] Container failed with code 1
[validity-debug] Container stdout: 
[validity-debug] Container stderr: Traceback (most recent call last):
  File "<string>", line 3, in <module>
    obj = torch.load('/tmp/tmp0639qouo.pt', weights_only=False, map_location='cpu')
  File "/usr/local/lib/python3.13/dist-packages/torch/serialization.py", line 1610, in load
    return _load(
        opened_zipfile,
    ...<3 lines>...
        **pickle_load_args,
    )
  File "/usr/local/lib/python3.13/dist-packages/torch/serialization.py", line 2221, in _load
    result = unpickler.load()
  File "/usr/local/lib/python3.13/dist-packages/numpy/__init__.py", line 795, in __getattr__
    raise AttributeError(f"module {__name__!r} has no attribute {attr!r}")
AttributeError: module 'numpy' has no attribute 'runstring'. Did you mean: 'fromstring'?

[validity-debug] Container failed with code 1
[validity-debug] Container stdout: 
[validity-debug] Container stderr: Traceback (most recent call last):
  File "<string>", line 3, in <module>
    obj = torch.load('/tmp/tmp1y7fmmow.pt', weights_only=False, map_location='cpu')
  File "/usr/local/lib/python3.13/dist-packages/torch/serialization.py", line 1610, in load
    return _load(
        opened_zipfile,
    ...<3 lines>...
        **pickle_load_args,
    )
  File "/usr/local/lib/python3.13/dist-packages/torch/serialization.py", line 2221, in _load
    result = unpickler.load()
AttributeError: module 'IPython' has no attribute 'system'

[validity-debug] Container failed with code 1
[validity-debug] Container stdout: 
[validity-debug] Container stderr: Traceback (most recent call last):
  File "<string>", line 3, in <module>
    obj = torch.load('/tmp/tmplq3h7o49.pt', weights_only=False, map_location='cpu')
  File "/usr/local/lib/python3.13/dist-packages/torch/serialization.py", line 1610, in load
    return _load(
        opened_zipfile,
    ...<3 lines>...
        **pickle_load_args,
    )
  File "/usr/local/lib/python3.13/dist-packages/torch/serialization.py", line 2221, in _load
    result = unpickler.load()
AttributeError: module 'IPython' has no attribute 'system'

[validity-debug] Container failed with code 1
[validity-debug] Container stdout: 
[validity-debug] Container stderr: Traceback (most recent call last):
  File "<string>", line 3, in <module>
    obj = torch.load('/tmp/tmpvart7shc.pt', weights_only=False, map_location='cpu')
  File "/usr/local/lib/python3.13/dist-packages/torch/serialization.py", line 1610, in load
    return _load(
        opened_zipfile,
    ...<3 lines>...
        **pickle_load_args,
    )
  File "/usr/local/lib/python3.13/dist-packages/torch/serialization.py", line 2221, in _load
    result = unpickler.load()
AttributeError: module 'IPython' has no attribute 'system'

[validity-debug] Container failed with code 1
[validity-debug] Container stdout: 
[validity-debug] Container stderr: Traceback (most recent call last):
  File "<string>", line 3, in <module>
    obj = torch.load('/tmp/tmpi6_o92el.pt', weights_only=False, map_location='cpu')
  File "/usr/local/lib/python3.13/dist-packages/torch/serialization.py", line 1610, in load
    return _load(
        opened_zipfile,
    ...<3 lines>...
        **pickle_load_args,
    )
  File "/usr/local/lib/python3.13/dist-packages/torch/serialization.py", line 2221, in _load
    result = unpickler.load()
AttributeError: module 'IPython' has no attribute 'system'

[validity-debug] Container failed with code 1
[validity-debug] Container stdout: 
[validity-debug] Container stderr: Traceback (most recent call last):
  File "<string>", line 3, in <module>
    obj = torch.load('/tmp/tmpfwj7ci0n.pt', weights_only=False, map_location='cpu')
  File "/usr/local/lib/python3.13/dist-packages/torch/serialization.py", line 1610, in load
    return _load(
        opened_zipfile,
    ...<3 lines>...
        **pickle_load_args,
    )
  File "/usr/local/lib/python3.13/dist-packages/torch/serialization.py", line 2221, in _load
    result = unpickler.load()
  File "/usr/local/lib/python3.13/dist-packages/numpy/__init__.py", line 795, in __getattr__
    raise AttributeError(f"module {__name__!r} has no attribute {attr!r}")
AttributeError: module 'numpy' has no attribute 'runstring'. Did you mean: 'fromstring'?

[validity-debug] Container failed with code 1
[validity-debug] Container stdout: 
[validity-debug] Container stderr: Traceback (most recent call last):
  File "<string>", line 3, in <module>
    obj = torch.load('/tmp/tmpkqos2du9.pt', weights_only=False, map_location='cpu')
  File "/usr/local/lib/python3.13/dist-packages/torch/serialization.py", line 1610, in load
    return _load(
        opened_zipfile,
    ...<3 lines>...
        **pickle_load_args,
    )
  File "/usr/local/lib/python3.13/dist-packages/torch/serialization.py", line 2221, in _load
    result = unpickler.load()
AttributeError: module 'IPython' has no attribute 'system'

[validity-debug] Container failed with code 1
[validity-debug] Container stdout: 
[validity-debug] Container stderr: Traceback (most recent call last):
  File "<string>", line 3, in <module>
    obj = torch.load('/tmp/tmplrlj2isk.pt', weights_only=False, map_location='cpu')
  File "/usr/local/lib/python3.13/dist-packages/torch/serialization.py", line 1610, in load
    return _load(
        opened_zipfile,
    ...<3 lines>...
        **pickle_load_args,
    )
  File "/usr/local/lib/python3.13/dist-packages/torch/serialization.py", line 2221, in _load
    result = unpickler.load()
AttributeError: module 'IPython' has no attribute 'system'

[validity-debug] Container failed with code 1
[validity-debug] Container stdout: 
[validity-debug] Container stderr: Traceback (most recent call last):
  File "<string>", line 3, in <module>
    obj = torch.load('/tmp/tmppc1v130a.pt', weights_only=False, map_location='cpu')
  File "/usr/local/lib/python3.13/dist-packages/torch/serialization.py", line 1610, in load
    return _load(
        opened_zipfile,
    ...<3 lines>...
        **pickle_load_args,
    )
  File "/usr/local/lib/python3.13/dist-packages/torch/serialization.py", line 2221, in _load
    result = unpickler.load()
AttributeError: module 'IPython' has no attribute 'system'

[validity-debug] Container failed with code 1
[validity-debug] Container stdout: 
[validity-debug] Container stderr: Traceback (most recent call last):
  File "<string>", line 3, in <module>
    obj = torch.load('/tmp/tmpl6k_8tb7.pt', weights_only=False, map_location='cpu')
  File "/usr/local/lib/python3.13/dist-packages/torch/serialization.py", line 1610, in load
    return _load(
        opened_zipfile,
    ...<3 lines>...
        **pickle_load_args,
    )
  File "/usr/local/lib/python3.13/dist-packages/torch/serialization.py", line 2221, in _load
    result = unpickler.load()
AttributeError: module 'IPython' has no attribute 'system'

[validity-debug] Container failed with code 1
[validity-debug] Container stdout: 
[validity-debug] Container stderr: Traceback (most recent call last):
  File "<string>", line 3, in <module>
    obj = torch.load('/tmp/tmp07684wvi.pt', weights_only=False, map_location='cpu')
  File "/usr/local/lib/python3.13/dist-packages/torch/serialization.py", line 1610, in load
    return _load(
        opened_zipfile,
    ...<3 lines>...
        **pickle_load_args,
    )
  File "/usr/local/lib/python3.13/dist-packages/torch/serialization.py", line 2221, in _load
    result = unpickler.load()
AttributeError: module 'IPython' has no attribute 'system'

Round 5 Complete: Valid=9/20, Bypasses=0, Mean Fitness=0.965, Opcode Cov=42.6%, Callable Cov=40.0%, Per-scanner evasions={'fickling': 20}

Written fuzzing report to docs/fuzzing-report-guided-r5.md
============================================================
CAMPAIGN COMPLETE (guided, replicate 5)
  valid candidates : 56/100
  confirmed bypasses: 3
============================================================
[Mon Aug 24 09:55:14 PM +0530 2026] Completed guided-current-r5 successfully

[Mon Aug 24 09:55:24 PM +0530 2026] Starting guided-oracle_aware-r5 (seed=1341)...
============================================================
STARTING GUIDED FUZZING CAMPAIGN (replicate 5)
============================================================

--- Round 1 / 5 ---
Mutation params: op_swap=0.15, sub=0.15, fuzz=0.15
Generated 20 candidate checkpoints (families: {'gadget': 5, 'overwritten': 4, 'pypi_injected': 6, 'external': 2, 'indirect_chain': 3}).
[validity-debug] Container failed with code 1
[validity-debug] Container stdout: 
[validity-debug] Container stderr: Traceback (most recent call last):
  File "<string>", line 3, in <module>
    obj = torch.load('/tmp/tmpdzspreqz.pt', weights_only=False, map_location='cpu')
  File "/usr/local/lib/python3.13/dist-packages/torch/serialization.py", line 1610, in load
    return _load(
        opened_zipfile,
    ...<3 lines>...
        **pickle_load_args,
    )
  File "/usr/local/lib/python3.13/dist-packages/torch/serialization.py", line 2221, in _load
    result = unpickler.load()
AttributeError: module 'IPython' has no attribute 'system'

[validity-debug] Container failed with code 1
[validity-debug] Container stdout: 
[validity-debug] Container stderr: Traceback (most recent call last):
  File "<string>", line 3, in <module>
    obj = torch.load('/tmp/tmpy587tz9c.pt', weights_only=False, map_location='cpu')
  File "/usr/local/lib/python3.13/dist-packages/torch/serialization.py", line 1610, in load
    return _load(
        opened_zipfile,
    ...<3 lines>...
        **pickle_load_args,
    )
  File "/usr/local/lib/python3.13/dist-packages/torch/serialization.py", line 2221, in _load
    result = unpickler.load()
AttributeError: module 'IPython' has no attribute 'system'

[validity-debug] Container failed with code 1
[validity-debug] Container stdout: 
[validity-debug] Container stderr: Traceback (most recent call last):
  File "<string>", line 3, in <module>
    obj = torch.load('/tmp/tmpaq5enf11.pt', weights_only=False, map_location='cpu')
  File "/usr/local/lib/python3.13/dist-packages/torch/serialization.py", line 1610, in load
    return _load(
        opened_zipfile,
    ...<3 lines>...
        **pickle_load_args,
    )
  File "/usr/local/lib/python3.13/dist-packages/torch/serialization.py", line 2221, in _load
    result = unpickler.load()
  File "/usr/local/lib/python3.13/dist-packages/numpy/__init__.py", line 795, in __getattr__
    raise AttributeError(f"module {__name__!r} has no attribute {attr!r}")
AttributeError: module 'numpy' has no attribute 'runstring'. Did you mean: 'fromstring'?

Round 1 Complete: Valid=17/20, Bypasses=3, Mean Fitness=4.550, Opcode Cov=41.2%, Callable Cov=28.0%, Per-scanner evasions={'fickling': 20, 'modelscan': 6, 'picklescan': 3}

--- Round 2 / 5 ---
Mutation params: op_swap=0.20, sub=0.20, fuzz=0.20
Generated 20 candidate checkpoints (families: {'gadget': 2, 'overwritten': 2, 'pypi_injected': 11, 'external': 2, 'indirect_chain': 3}).
[validity-debug] Container failed with code 1
[validity-debug] Container stdout: 
[validity-debug] Container stderr: Traceback (most recent call last):
  File "<string>", line 3, in <module>
    obj = torch.load('/tmp/tmp1_zqopgo.pt', weights_only=False, map_location='cpu')
  File "/usr/local/lib/python3.13/dist-packages/torch/serialization.py", line 1610, in load
    return _load(
        opened_zipfile,
    ...<3 lines>...
        **pickle_load_args,
    )
  File "/usr/local/lib/python3.13/dist-packages/torch/serialization.py", line 2221, in _load
    result = unpickler.load()
AttributeError: module 'IPython' has no attribute 'system'

[validity-debug] Container failed with code 1
[validity-debug] Container stdout: 
[validity-debug] Container stderr: Traceback (most recent call last):
  File "<string>", line 3, in <module>
    obj = torch.load('/tmp/tmp6lejz0g4.pt', weights_only=False, map_location='cpu')
  File "/usr/local/lib/python3.13/dist-packages/torch/serialization.py", line 1610, in load
    return _load(
        opened_zipfile,
    ...<3 lines>...
        **pickle_load_args,
    )
  File "/usr/local/lib/python3.13/dist-packages/torch/serialization.py", line 2221, in _load
    result = unpickler.load()
AttributeError: module 'IPython' has no attribute 'system'

[validity-debug] Container failed with code 1
[validity-debug] Container stdout: 
[validity-debug] Container stderr: Traceback (most recent call last):
  File "<string>", line 3, in <module>
    obj = torch.load('/tmp/tmpuj5cpoe1.pt', weights_only=False, map_location='cpu')
  File "/usr/local/lib/python3.13/dist-packages/torch/serialization.py", line 1610, in load
    return _load(
        opened_zipfile,
    ...<3 lines>...
        **pickle_load_args,
    )
  File "/usr/local/lib/python3.13/dist-packages/torch/serialization.py", line 2221, in _load
    result = unpickler.load()
AttributeError: module 'IPython' has no attribute 'system'

[validity-debug] Container failed with code 1
[validity-debug] Container stdout: 
[validity-debug] Container stderr: Traceback (most recent call last):
  File "<string>", line 3, in <module>
    obj = torch.load('/tmp/tmph5lst23l.pt', weights_only=False, map_location='cpu')
  File "/usr/local/lib/python3.13/dist-packages/torch/serialization.py", line 1610, in load
    return _load(
        opened_zipfile,
    ...<3 lines>...
        **pickle_load_args,
    )
  File "/usr/local/lib/python3.13/dist-packages/torch/serialization.py", line 2221, in _load
    result = unpickler.load()
AttributeError: module 'IPython' has no attribute 'system'

[validity-debug] Container failed with code 1
[validity-debug] Container stdout: 
[validity-debug] Container stderr: Traceback (most recent call last):
  File "<string>", line 3, in <module>
    obj = torch.load('/tmp/tmp024t50ev.pt', weights_only=False, map_location='cpu')
  File "/usr/local/lib/python3.13/dist-packages/torch/serialization.py", line 1610, in load
    return _load(
        opened_zipfile,
    ...<3 lines>...
        **pickle_load_args,
    )
  File "/usr/local/lib/python3.13/dist-packages/torch/serialization.py", line 2221, in _load
    result = unpickler.load()
  File "/usr/local/lib/python3.13/dist-packages/numpy/__init__.py", line 795, in __getattr__
    raise AttributeError(f"module {__name__!r} has no attribute {attr!r}")
AttributeError: module 'numpy' has no attribute 'runstring'. Did you mean: 'fromstring'?

[validity-debug] Container failed with code 1
[validity-debug] Container stdout: 
[validity-debug] Container stderr: Traceback (most recent call last):
  File "<string>", line 3, in <module>
    obj = torch.load('/tmp/tmpjb2_2je4.pt', weights_only=False, map_location='cpu')
  File "/usr/local/lib/python3.13/dist-packages/torch/serialization.py", line 1610, in load
    return _load(
        opened_zipfile,
    ...<3 lines>...
        **pickle_load_args,
    )
  File "/usr/local/lib/python3.13/dist-packages/torch/serialization.py", line 2221, in _load
    result = unpickler.load()
AttributeError: module 'IPython' has no attribute 'system'

[validity-debug] Container failed with code 1
[validity-debug] Container stdout: 
[validity-debug] Container stderr: Traceback (most recent call last):
  File "<string>", line 3, in <module>
    obj = torch.load('/tmp/tmpshh8pkf8.pt', weights_only=False, map_location='cpu')
  File "/usr/local/lib/python3.13/dist-packages/torch/serialization.py", line 1610, in load
    return _load(
        opened_zipfile,
    ...<3 lines>...
        **pickle_load_args,
    )
  File "/usr/local/lib/python3.13/dist-packages/torch/serialization.py", line 2221, in _load
    result = unpickler.load()
AttributeError: module 'IPython' has no attribute 'system'

[validity-debug] Container failed with code 1
[validity-debug] Container stdout: 
[validity-debug] Container stderr: Traceback (most recent call last):
  File "<string>", line 3, in <module>
    obj = torch.load('/tmp/tmpzb172kms.pt', weights_only=False, map_location='cpu')
  File "/usr/local/lib/python3.13/dist-packages/torch/serialization.py", line 1610, in load
    return _load(
        opened_zipfile,
    ...<3 lines>...
        **pickle_load_args,
    )
  File "/usr/local/lib/python3.13/dist-packages/torch/serialization.py", line 2221, in _load
    result = unpickler.load()
AttributeError: module 'IPython' has no attribute 'system'

[validity-debug] Container failed with code 1
[validity-debug] Container stdout: 
[validity-debug] Container stderr: Traceback (most recent call last):
  File "<string>", line 3, in <module>
    obj = torch.load('/tmp/tmpepg8pd3k.pt', weights_only=False, map_location='cpu')
  File "/usr/local/lib/python3.13/dist-packages/torch/serialization.py", line 1610, in load
    return _load(
        opened_zipfile,
    ...<3 lines>...
        **pickle_load_args,
    )
  File "/usr/local/lib/python3.13/dist-packages/torch/serialization.py", line 2221, in _load
    result = unpickler.load()
AttributeError: module 'IPython' has no attribute 'system'

[validity-debug] Container failed with code 1
[validity-debug] Container stdout: 
[validity-debug] Container stderr: Traceback (most recent call last):
  File "<string>", line 3, in <module>
    obj = torch.load('/tmp/tmpthbdqtdr.pt', weights_only=False, map_location='cpu')
  File "/usr/local/lib/python3.13/dist-packages/torch/serialization.py", line 1610, in load
    return _load(
        opened_zipfile,
    ...<3 lines>...
        **pickle_load_args,
    )
  File "/usr/local/lib/python3.13/dist-packages/torch/serialization.py", line 2221, in _load
    result = unpickler.load()
AttributeError: module 'IPython' has no attribute 'system'

[validity-debug] Container failed with code 1
[validity-debug] Container stdout: 
[validity-debug] Container stderr: Traceback (most recent call last):
  File "<string>", line 3, in <module>
    obj = torch.load('/tmp/tmpxrz68875.pt', weights_only=False, map_location='cpu')
  File "/usr/local/lib/python3.13/dist-packages/torch/serialization.py", line 1610, in load
    return _load(
        opened_zipfile,
    ...<3 lines>...
        **pickle_load_args,
    )
  File "/usr/local/lib/python3.13/dist-packages/torch/serialization.py", line 2221, in _load
    result = unpickler.load()
AttributeError: module 'IPython' has no attribute 'system'

[validity-debug] Container failed with code 1
[validity-debug] Container stdout: 
[validity-debug] Container stderr: Traceback (most recent call last):
  File "<string>", line 3, in <module>
    obj = torch.load('/tmp/tmp45ja48lw.pt', weights_only=False, map_location='cpu')
  File "/usr/local/lib/python3.13/dist-packages/torch/serialization.py", line 1610, in load
    return _load(
        opened_zipfile,
    ...<3 lines>...
        **pickle_load_args,
    )
  File "/usr/local/lib/python3.13/dist-packages/torch/serialization.py", line 2221, in _load
    result = unpickler.load()
  File "/usr/local/lib/python3.13/dist-packages/numpy/__init__.py", line 795, in __getattr__
    raise AttributeError(f"module {__name__!r} has no attribute {attr!r}")
AttributeError: module 'numpy' has no attribute 'runstring'. Did you mean: 'fromstring'?

Round 2 Complete: Valid=8/20, Bypasses=0, Mean Fitness=2.140, Opcode Cov=41.2%, Callable Cov=32.0%, Per-scanner evasions={'fickling': 20}

--- Round 3 / 5 ---
Mutation params: op_swap=0.25, sub=0.25, fuzz=0.25
Generated 20 candidate checkpoints (families: {'gadget': 2, 'overwritten': 3, 'pypi_injected': 12, 'external': 1, 'indirect_chain': 2}).
[validity-debug] Container failed with code 1
[validity-debug] Container stdout: 
[validity-debug] Container stderr: Traceback (most recent call last):
  File "<string>", line 3, in <module>
    obj = torch.load('/tmp/tmpb7pkxxl5.pt', weights_only=False, map_location='cpu')
  File "/usr/local/lib/python3.13/dist-packages/torch/serialization.py", line 1610, in load
    return _load(
        opened_zipfile,
    ...<3 lines>...
        **pickle_load_args,
    )
  File "/usr/local/lib/python3.13/dist-packages/torch/serialization.py", line 2221, in _load
    result = unpickler.load()
AttributeError: module 'IPython' has no attribute 'system'

[validity-debug] Container failed with code 1
[validity-debug] Container stdout: 
[validity-debug] Container stderr: Traceback (most recent call last):
  File "<string>", line 3, in <module>
    obj = torch.load('/tmp/tmpalpbstob.pt', weights_only=False, map_location='cpu')
  File "/usr/local/lib/python3.13/dist-packages/torch/serialization.py", line 1610, in load
    return _load(
        opened_zipfile,
    ...<3 lines>...
        **pickle_load_args,
    )
  File "/usr/local/lib/python3.13/dist-packages/torch/serialization.py", line 2221, in _load
    result = unpickler.load()
AttributeError: module 'IPython' has no attribute 'system'

[validity-debug] Container failed with code 1
[validity-debug] Container stdout: 
[validity-debug] Container stderr: Traceback (most recent call last):
  File "<string>", line 3, in <module>
    obj = torch.load('/tmp/tmpx376tyi7.pt', weights_only=False, map_location='cpu')
  File "/usr/local/lib/python3.13/dist-packages/torch/serialization.py", line 1610, in load
    return _load(
        opened_zipfile,
    ...<3 lines>...
        **pickle_load_args,
    )
  File "/usr/local/lib/python3.13/dist-packages/torch/serialization.py", line 2221, in _load
    result = unpickler.load()
AttributeError: module 'IPython' has no attribute 'system'

[validity-debug] Container failed with code 1
[validity-debug] Container stdout: 
[validity-debug] Container stderr: Traceback (most recent call last):
  File "<string>", line 3, in <module>
    obj = torch.load('/tmp/tmpda5839xd.pt', weights_only=False, map_location='cpu')
  File "/usr/local/lib/python3.13/dist-packages/torch/serialization.py", line 1610, in load
    return _load(
        opened_zipfile,
    ...<3 lines>...
        **pickle_load_args,
    )
  File "/usr/local/lib/python3.13/dist-packages/torch/serialization.py", line 2221, in _load
    result = unpickler.load()
AttributeError: module 'IPython' has no attribute 'system'

[validity-debug] Container failed with code 1
[validity-debug] Container stdout: 
[validity-debug] Container stderr: Traceback (most recent call last):
  File "<string>", line 3, in <module>
    obj = torch.load('/tmp/tmpcxobrrfl.pt', weights_only=False, map_location='cpu')
  File "/usr/local/lib/python3.13/dist-packages/torch/serialization.py", line 1610, in load
    return _load(
        opened_zipfile,
    ...<3 lines>...
        **pickle_load_args,
    )
  File "/usr/local/lib/python3.13/dist-packages/torch/serialization.py", line 2221, in _load
    result = unpickler.load()
AttributeError: module 'IPython' has no attribute 'system'

[validity-debug] Container failed with code 1
[validity-debug] Container stdout: 
[validity-debug] Container stderr: Traceback (most recent call last):
  File "<string>", line 3, in <module>
    obj = torch.load('/tmp/tmpmvhedoss.pt', weights_only=False, map_location='cpu')
  File "/usr/local/lib/python3.13/dist-packages/torch/serialization.py", line 1610, in load
    return _load(
        opened_zipfile,
    ...<3 lines>...
        **pickle_load_args,
    )
  File "/usr/local/lib/python3.13/dist-packages/torch/serialization.py", line 2221, in _load
    result = unpickler.load()
AttributeError: module 'IPython' has no attribute 'system'

[validity-debug] Container failed with code 1
[validity-debug] Container stdout: 
[validity-debug] Container stderr: Traceback (most recent call last):
  File "<string>", line 3, in <module>
    obj = torch.load('/tmp/tmprvehbjl0.pt', weights_only=False, map_location='cpu')
  File "/usr/local/lib/python3.13/dist-packages/torch/serialization.py", line 1610, in load
    return _load(
        opened_zipfile,
    ...<3 lines>...
        **pickle_load_args,
    )
  File "/usr/local/lib/python3.13/dist-packages/torch/serialization.py", line 2221, in _load
    result = unpickler.load()
AttributeError: module 'IPython' has no attribute 'system'

[validity-debug] Container failed with code 1
[validity-debug] Container stdout: 
[validity-debug] Container stderr: Traceback (most recent call last):
  File "<string>", line 3, in <module>
    obj = torch.load('/tmp/tmpx813gki8.pt', weights_only=False, map_location='cpu')
  File "/usr/local/lib/python3.13/dist-packages/torch/serialization.py", line 1610, in load
    return _load(
        opened_zipfile,
    ...<3 lines>...
        **pickle_load_args,
    )
  File "/usr/local/lib/python3.13/dist-packages/torch/serialization.py", line 2221, in _load
    result = unpickler.load()
  File "/usr/local/lib/python3.13/dist-packages/numpy/__init__.py", line 795, in __getattr__
    raise AttributeError(f"module {__name__!r} has no attribute {attr!r}")
AttributeError: module 'numpy' has no attribute 'runstring'. Did you mean: 'fromstring'?

[validity-debug] Container failed with code 1
[validity-debug] Container stdout: 
[validity-debug] Container stderr: Traceback (most recent call last):
  File "<string>", line 3, in <module>
    obj = torch.load('/tmp/tmp4iaa190c.pt', weights_only=False, map_location='cpu')
  File "/usr/local/lib/python3.13/dist-packages/torch/serialization.py", line 1610, in load
    return _load(
        opened_zipfile,
    ...<3 lines>...
        **pickle_load_args,
    )
  File "/usr/local/lib/python3.13/dist-packages/torch/serialization.py", line 2221, in _load
    result = unpickler.load()
AttributeError: module 'IPython' has no attribute 'system'

[validity-debug] Container failed with code 1
[validity-debug] Container stdout: 
[validity-debug] Container stderr: Traceback (most recent call last):
  File "<string>", line 3, in <module>
    obj = torch.load('/tmp/tmpafx6rqlv.pt', weights_only=False, map_location='cpu')
  File "/usr/local/lib/python3.13/dist-packages/torch/serialization.py", line 1610, in load
    return _load(
        opened_zipfile,
    ...<3 lines>...
        **pickle_load_args,
    )
  File "/usr/local/lib/python3.13/dist-packages/torch/serialization.py", line 2221, in _load
    result = unpickler.load()
AttributeError: module 'IPython' has no attribute 'system'

Round 3 Complete: Valid=10/20, Bypasses=0, Mean Fitness=2.318, Opcode Cov=42.6%, Callable Cov=36.0%, Per-scanner evasions={'fickling': 20}

--- Round 4 / 5 ---
Mutation params: op_swap=0.30, sub=0.30, fuzz=0.30
Generated 20 candidate checkpoints (families: {'gadget': 4, 'overwritten': 1, 'pypi_injected': 10, 'external': 2, 'indirect_chain': 3}).
[validity-debug] Container failed with code 1
[validity-debug] Container stdout: 
[validity-debug] Container stderr: Traceback (most recent call last):
  File "<string>", line 3, in <module>
    obj = torch.load('/tmp/tmpasf80fbw.pt', weights_only=False, map_location='cpu')
  File "/usr/local/lib/python3.13/dist-packages/torch/serialization.py", line 1610, in load
    return _load(
        opened_zipfile,
    ...<3 lines>...
        **pickle_load_args,
    )
  File "/usr/local/lib/python3.13/dist-packages/torch/serialization.py", line 2221, in _load
    result = unpickler.load()
AttributeError: module 'IPython' has no attribute 'system'

[validity-debug] Container failed with code 1
[validity-debug] Container stdout: 
[validity-debug] Container stderr: Traceback (most recent call last):
  File "<string>", line 3, in <module>
    obj = torch.load('/tmp/tmppv6gk64x.pt', weights_only=False, map_location='cpu')
  File "/usr/local/lib/python3.13/dist-packages/torch/serialization.py", line 1610, in load
    return _load(
        opened_zipfile,
    ...<3 lines>...
        **pickle_load_args,
    )
  File "/usr/local/lib/python3.13/dist-packages/torch/serialization.py", line 2221, in _load
    result = unpickler.load()
AttributeError: module 'IPython' has no attribute 'system'

[validity-debug] Container failed with code 1
[validity-debug] Container stdout: 
[validity-debug] Container stderr: Traceback (most recent call last):
  File "<string>", line 3, in <module>
    obj = torch.load('/tmp/tmpx3n19gvl.pt', weights_only=False, map_location='cpu')
  File "/usr/local/lib/python3.13/dist-packages/torch/serialization.py", line 1610, in load
    return _load(
        opened_zipfile,
    ...<3 lines>...
        **pickle_load_args,
    )
  File "/usr/local/lib/python3.13/dist-packages/torch/serialization.py", line 2221, in _load
    result = unpickler.load()
  File "/usr/local/lib/python3.13/dist-packages/numpy/__init__.py", line 795, in __getattr__
    raise AttributeError(f"module {__name__!r} has no attribute {attr!r}")
AttributeError: module 'numpy' has no attribute 'runstring'. Did you mean: 'fromstring'?

[validity-debug] Container failed with code 1
[validity-debug] Container stdout: 
[validity-debug] Container stderr: Traceback (most recent call last):
  File "<string>", line 3, in <module>
    obj = torch.load('/tmp/tmphm7r1lbb.pt', weights_only=False, map_location='cpu')
  File "/usr/local/lib/python3.13/dist-packages/torch/serialization.py", line 1610, in load
    return _load(
        opened_zipfile,
    ...<3 lines>...
        **pickle_load_args,
    )
  File "/usr/local/lib/python3.13/dist-packages/torch/serialization.py", line 2221, in _load
    result = unpickler.load()
AttributeError: module 'IPython' has no attribute 'system'

[validity-debug] Container failed with code 1
[validity-debug] Container stdout: 
[validity-debug] Container stderr: Traceback (most recent call last):
  File "<string>", line 3, in <module>
    obj = torch.load('/tmp/tmplmhhtj25.pt', weights_only=False, map_location='cpu')
  File "/usr/local/lib/python3.13/dist-packages/torch/serialization.py", line 1610, in load
    return _load(
        opened_zipfile,
    ...<3 lines>...
        **pickle_load_args,
    )
  File "/usr/local/lib/python3.13/dist-packages/torch/serialization.py", line 2221, in _load
    result = unpickler.load()
  File "/usr/local/lib/python3.13/dist-packages/numpy/__init__.py", line 795, in __getattr__
    raise AttributeError(f"module {__name__!r} has no attribute {attr!r}")
AttributeError: module 'numpy' has no attribute 'runstring'. Did you mean: 'fromstring'?

[validity-debug] Container failed with code 1
[validity-debug] Container stdout: 
[validity-debug] Container stderr: Traceback (most recent call last):
  File "<string>", line 3, in <module>
    obj = torch.load('/tmp/tmp5u2joimu.pt', weights_only=False, map_location='cpu')
  File "/usr/local/lib/python3.13/dist-packages/torch/serialization.py", line 1610, in load
    return _load(
        opened_zipfile,
    ...<3 lines>...
        **pickle_load_args,
    )
  File "/usr/local/lib/python3.13/dist-packages/torch/serialization.py", line 2221, in _load
    result = unpickler.load()
AttributeError: module 'IPython' has no attribute 'system'

[validity-debug] Container failed with code 1
[validity-debug] Container stdout: 
[validity-debug] Container stderr: Traceback (most recent call last):
  File "<string>", line 3, in <module>
    obj = torch.load('/tmp/tmpiofo3j08.pt', weights_only=False, map_location='cpu')
  File "/usr/local/lib/python3.13/dist-packages/torch/serialization.py", line 1610, in load
    return _load(
        opened_zipfile,
    ...<3 lines>...
        **pickle_load_args,
    )
  File "/usr/local/lib/python3.13/dist-packages/torch/serialization.py", line 2221, in _load
    result = unpickler.load()
AttributeError: module 'IPython' has no attribute 'system'

[validity-debug] Container failed with code 1
[validity-debug] Container stdout: 
[validity-debug] Container stderr: Traceback (most recent call last):
  File "<string>", line 3, in <module>
    obj = torch.load('/tmp/tmpsdnjy09i.pt', weights_only=False, map_location='cpu')
  File "/usr/local/lib/python3.13/dist-packages/torch/serialization.py", line 1610, in load
    return _load(
        opened_zipfile,
    ...<3 lines>...
        **pickle_load_args,
    )
  File "/usr/local/lib/python3.13/dist-packages/torch/serialization.py", line 2221, in _load
    result = unpickler.load()
AttributeError: module 'IPython' has no attribute 'system'

Round 4 Complete: Valid=12/20, Bypasses=0, Mean Fitness=2.783, Opcode Cov=42.6%, Callable Cov=36.0%, Per-scanner evasions={'fickling': 20, 'modelscan': 1}

--- Round 5 / 5 ---
Mutation params: op_swap=0.35, sub=0.35, fuzz=0.35
Generated 20 candidate checkpoints (families: {'gadget': 0, 'overwritten': 3, 'pypi_injected': 12, 'external': 2, 'indirect_chain': 3}).
[validity-debug] Container failed with code 1
[validity-debug] Container stdout: 
[validity-debug] Container stderr: Traceback (most recent call last):
  File "<string>", line 3, in <module>
    obj = torch.load('/tmp/tmpcfc0aj8m.pt', weights_only=False, map_location='cpu')
  File "/usr/local/lib/python3.13/dist-packages/torch/serialization.py", line 1610, in load
    return _load(
        opened_zipfile,
    ...<3 lines>...
        **pickle_load_args,
    )
  File "/usr/local/lib/python3.13/dist-packages/torch/serialization.py", line 2221, in _load
    result = unpickler.load()
  File "/usr/local/lib/python3.13/dist-packages/numpy/__init__.py", line 795, in __getattr__
    raise AttributeError(f"module {__name__!r} has no attribute {attr!r}")
AttributeError: module 'numpy' has no attribute 'runstring'. Did you mean: 'fromstring'?

[validity-debug] Container failed with code 1
[validity-debug] Container stdout: 
[validity-debug] Container stderr: Traceback (most recent call last):
  File "<string>", line 3, in <module>
    obj = torch.load('/tmp/tmpb5guyxfl.pt', weights_only=False, map_location='cpu')
  File "/usr/local/lib/python3.13/dist-packages/torch/serialization.py", line 1610, in load
    return _load(
        opened_zipfile,
    ...<3 lines>...
        **pickle_load_args,
    )
  File "/usr/local/lib/python3.13/dist-packages/torch/serialization.py", line 2221, in _load
    result = unpickler.load()
AttributeError: module 'IPython' has no attribute 'system'

[validity-debug] Container failed with code 1
[validity-debug] Container stdout: 
[validity-debug] Container stderr: Traceback (most recent call last):
  File "<string>", line 3, in <module>
    obj = torch.load('/tmp/tmpt_l682qs.pt', weights_only=False, map_location='cpu')
  File "/usr/local/lib/python3.13/dist-packages/torch/serialization.py", line 1610, in load
    return _load(
        opened_zipfile,
    ...<3 lines>...
        **pickle_load_args,
    )
  File "/usr/local/lib/python3.13/dist-packages/torch/serialization.py", line 2221, in _load
    result = unpickler.load()
AttributeError: module 'IPython' has no attribute 'system'

[validity-debug] Container failed with code 1
[validity-debug] Container stdout: 
[validity-debug] Container stderr: Traceback (most recent call last):
  File "<string>", line 3, in <module>
    obj = torch.load('/tmp/tmp11ixgqmy.pt', weights_only=False, map_location='cpu')
  File "/usr/local/lib/python3.13/dist-packages/torch/serialization.py", line 1610, in load
    return _load(
        opened_zipfile,
    ...<3 lines>...
        **pickle_load_args,
    )
  File "/usr/local/lib/python3.13/dist-packages/torch/serialization.py", line 2221, in _load
    result = unpickler.load()
AttributeError: module 'IPython' has no attribute 'system'

[validity-debug] Container failed with code 1
[validity-debug] Container stdout: 
[validity-debug] Container stderr: Traceback (most recent call last):
  File "<string>", line 3, in <module>
    obj = torch.load('/tmp/tmpw_31zy64.pt', weights_only=False, map_location='cpu')
  File "/usr/local/lib/python3.13/dist-packages/torch/serialization.py", line 1610, in load
    return _load(
        opened_zipfile,
    ...<3 lines>...
        **pickle_load_args,
    )
  File "/usr/local/lib/python3.13/dist-packages/torch/serialization.py", line 2221, in _load
    result = unpickler.load()
AttributeError: module 'IPython' has no attribute 'system'

[validity-debug] Container failed with code 1
[validity-debug] Container stdout: 
[validity-debug] Container stderr: Traceback (most recent call last):
  File "<string>", line 3, in <module>
    obj = torch.load('/tmp/tmpndjgzl05.pt', weights_only=False, map_location='cpu')
  File "/usr/local/lib/python3.13/dist-packages/torch/serialization.py", line 1610, in load
    return _load(
        opened_zipfile,
    ...<3 lines>...
        **pickle_load_args,
    )
  File "/usr/local/lib/python3.13/dist-packages/torch/serialization.py", line 2221, in _load
    result = unpickler.load()
  File "/usr/local/lib/python3.13/dist-packages/numpy/__init__.py", line 795, in __getattr__
    raise AttributeError(f"module {__name__!r} has no attribute {attr!r}")
AttributeError: module 'numpy' has no attribute 'runstring'. Did you mean: 'fromstring'?

[validity-debug] Container failed with code 1
[validity-debug] Container stdout: 
[validity-debug] Container stderr: Traceback (most recent call last):
  File "<string>", line 3, in <module>
    obj = torch.load('/tmp/tmpb3j_ksjd.pt', weights_only=False, map_location='cpu')
  File "/usr/local/lib/python3.13/dist-packages/torch/serialization.py", line 1610, in load
    return _load(
        opened_zipfile,
    ...<3 lines>...
        **pickle_load_args,
    )
  File "/usr/local/lib/python3.13/dist-packages/torch/serialization.py", line 2221, in _load
    result = unpickler.load()
AttributeError: module 'IPython' has no attribute 'system'

[validity-debug] Container failed with code 1
[validity-debug] Container stdout: 
[validity-debug] Container stderr: Traceback (most recent call last):
  File "<string>", line 3, in <module>
    obj = torch.load('/tmp/tmppn4ihy3k.pt', weights_only=False, map_location='cpu')
  File "/usr/local/lib/python3.13/dist-packages/torch/serialization.py", line 1610, in load
    return _load(
        opened_zipfile,
    ...<3 lines>...
        **pickle_load_args,
    )
  File "/usr/local/lib/python3.13/dist-packages/torch/serialization.py", line 2221, in _load
    result = unpickler.load()
AttributeError: module 'IPython' has no attribute 'system'

[validity-debug] Container failed with code 1
[validity-debug] Container stdout: 
[validity-debug] Container stderr: Traceback (most recent call last):
  File "<string>", line 3, in <module>
    obj = torch.load('/tmp/tmpda3lx51g.pt', weights_only=False, map_location='cpu')
  File "/usr/local/lib/python3.13/dist-packages/torch/serialization.py", line 1610, in load
    return _load(
        opened_zipfile,
    ...<3 lines>...
        **pickle_load_args,
    )
  File "/usr/local/lib/python3.13/dist-packages/torch/serialization.py", line 2221, in _load
    result = unpickler.load()
AttributeError: module 'IPython' has no attribute 'system'

[validity-debug] Container failed with code 1
[validity-debug] Container stdout: 
[validity-debug] Container stderr: Traceback (most recent call last):
  File "<string>", line 3, in <module>
    obj = torch.load('/tmp/tmp_ol6s12i.pt', weights_only=False, map_location='cpu')
  File "/usr/local/lib/python3.13/dist-packages/torch/serialization.py", line 1610, in load
    return _load(
        opened_zipfile,
    ...<3 lines>...
        **pickle_load_args,
    )
  File "/usr/local/lib/python3.13/dist-packages/torch/serialization.py", line 2221, in _load
    result = unpickler.load()
AttributeError: module 'IPython' has no attribute 'system'

[validity-debug] Container failed with code 1
[validity-debug] Container stdout: 
[validity-debug] Container stderr: Traceback (most recent call last):
  File "<string>", line 3, in <module>
    obj = torch.load('/tmp/tmp2ger7cn9.pt', weights_only=False, map_location='cpu')
  File "/usr/local/lib/python3.13/dist-packages/torch/serialization.py", line 1610, in load
    return _load(
        opened_zipfile,
    ...<3 lines>...
        **pickle_load_args,
    )
  File "/usr/local/lib/python3.13/dist-packages/torch/serialization.py", line 2221, in _load
    result = unpickler.load()
AttributeError: module 'IPython' has no attribute 'system'

Round 5 Complete: Valid=9/20, Bypasses=0, Mean Fitness=1.865, Opcode Cov=42.6%, Callable Cov=36.0%, Per-scanner evasions={'fickling': 20}

Written fuzzing report to docs/fuzzing-report-guided-r5.md
============================================================
CAMPAIGN COMPLETE (guided, replicate 5)
  valid candidates : 56/100
  confirmed bypasses: 3
============================================================
[Mon Aug 24 10:07:04 PM +0530 2026] Completed guided-oracle_aware-r5 successfully

[Mon Aug 24 10:07:14 PM +0530 2026] Starting guided-oracle_dominant-r5 (seed=1341)...
============================================================
STARTING GUIDED FUZZING CAMPAIGN (replicate 5)
============================================================

--- Round 1 / 5 ---
Mutation params: op_swap=0.15, sub=0.15, fuzz=0.15
Generated 20 candidate checkpoints (families: {'gadget': 5, 'overwritten': 4, 'pypi_injected': 6, 'external': 2, 'indirect_chain': 3}).
[validity-debug] Container failed with code 1
[validity-debug] Container stdout: 
[validity-debug] Container stderr: Traceback (most recent call last):
  File "<string>", line 3, in <module>
    obj = torch.load('/tmp/tmpnot0ssja.pt', weights_only=False, map_location='cpu')
  File "/usr/local/lib/python3.13/dist-packages/torch/serialization.py", line 1610, in load
    return _load(
        opened_zipfile,
    ...<3 lines>...
        **pickle_load_args,
    )
  File "/usr/local/lib/python3.13/dist-packages/torch/serialization.py", line 2221, in _load
    result = unpickler.load()
AttributeError: module 'IPython' has no attribute 'system'

[validity-debug] Container failed with code 1
[validity-debug] Container stdout: 
[validity-debug] Container stderr: Traceback (most recent call last):
  File "<string>", line 3, in <module>
    obj = torch.load('/tmp/tmpqqoarbsd.pt', weights_only=False, map_location='cpu')
  File "/usr/local/lib/python3.13/dist-packages/torch/serialization.py", line 1610, in load
    return _load(
        opened_zipfile,
    ...<3 lines>...
        **pickle_load_args,
    )
  File "/usr/local/lib/python3.13/dist-packages/torch/serialization.py", line 2221, in _load
    result = unpickler.load()
AttributeError: module 'IPython' has no attribute 'system'

[validity-debug] Container failed with code 1
[validity-debug] Container stdout: 
[validity-debug] Container stderr: Traceback (most recent call last):
  File "<string>", line 3, in <module>
    obj = torch.load('/tmp/tmpugwuqp68.pt', weights_only=False, map_location='cpu')
  File "/usr/local/lib/python3.13/dist-packages/torch/serialization.py", line 1610, in load
    return _load(
        opened_zipfile,
    ...<3 lines>...
        **pickle_load_args,
    )
  File "/usr/local/lib/python3.13/dist-packages/torch/serialization.py", line 2221, in _load
    result = unpickler.load()
  File "/usr/local/lib/python3.13/dist-packages/numpy/__init__.py", line 795, in __getattr__
    raise AttributeError(f"module {__name__!r} has no attribute {attr!r}")
AttributeError: module 'numpy' has no attribute 'runstring'. Did you mean: 'fromstring'?

Round 1 Complete: Valid=17/20, Bypasses=3, Mean Fitness=5040.938, Opcode Cov=41.2%, Callable Cov=28.0%, Per-scanner evasions={'fickling': 20, 'modelscan': 6, 'picklescan': 3}

--- Round 2 / 5 ---
Mutation params: op_swap=0.20, sub=0.20, fuzz=0.20
Generated 20 candidate checkpoints (families: {'gadget': 2, 'overwritten': 2, 'pypi_injected': 11, 'external': 2, 'indirect_chain': 3}).
[validity-debug] Container failed with code 1
[validity-debug] Container stdout: 
[validity-debug] Container stderr: Traceback (most recent call last):
  File "<string>", line 3, in <module>
    obj = torch.load('/tmp/tmpjhvxwnfr.pt', weights_only=False, map_location='cpu')
  File "/usr/local/lib/python3.13/dist-packages/torch/serialization.py", line 1610, in load
    return _load(
        opened_zipfile,
    ...<3 lines>...
        **pickle_load_args,
    )
  File "/usr/local/lib/python3.13/dist-packages/torch/serialization.py", line 2221, in _load
    result = unpickler.load()
AttributeError: module 'IPython' has no attribute 'system'

[validity-debug] Container failed with code 1
[validity-debug] Container stdout: 
[validity-debug] Container stderr: Traceback (most recent call last):
  File "<string>", line 3, in <module>
    obj = torch.load('/tmp/tmp_v9wbyby.pt', weights_only=False, map_location='cpu')
  File "/usr/local/lib/python3.13/dist-packages/torch/serialization.py", line 1610, in load
    return _load(
        opened_zipfile,
    ...<3 lines>...
        **pickle_load_args,
    )
  File "/usr/local/lib/python3.13/dist-packages/torch/serialization.py", line 2221, in _load
    result = unpickler.load()
AttributeError: module 'IPython' has no attribute 'system'

[validity-debug] Container failed with code 1
[validity-debug] Container stdout: 
[validity-debug] Container stderr: Traceback (most recent call last):
  File "<string>", line 3, in <module>
    obj = torch.load('/tmp/tmps_z_alfn.pt', weights_only=False, map_location='cpu')
  File "/usr/local/lib/python3.13/dist-packages/torch/serialization.py", line 1610, in load
    return _load(
        opened_zipfile,
    ...<3 lines>...
        **pickle_load_args,
    )
  File "/usr/local/lib/python3.13/dist-packages/torch/serialization.py", line 2221, in _load
    result = unpickler.load()
AttributeError: module 'IPython' has no attribute 'system'

[validity-debug] Container failed with code 1
[validity-debug] Container stdout: 
[validity-debug] Container stderr: Traceback (most recent call last):
  File "<string>", line 3, in <module>
    obj = torch.load('/tmp/tmpj8di9gbv.pt', weights_only=False, map_location='cpu')
  File "/usr/local/lib/python3.13/dist-packages/torch/serialization.py", line 1610, in load
    return _load(
        opened_zipfile,
    ...<3 lines>...
        **pickle_load_args,
    )
  File "/usr/local/lib/python3.13/dist-packages/torch/serialization.py", line 2221, in _load
    result = unpickler.load()
AttributeError: module 'IPython' has no attribute 'system'

[validity-debug] Container failed with code 1
[validity-debug] Container stdout: 
[validity-debug] Container stderr: Traceback (most recent call last):
  File "<string>", line 3, in <module>
    obj = torch.load('/tmp/tmp_c8mkyad.pt', weights_only=False, map_location='cpu')
  File "/usr/local/lib/python3.13/dist-packages/torch/serialization.py", line 1610, in load
    return _load(
        opened_zipfile,
    ...<3 lines>...
        **pickle_load_args,
    )
  File "/usr/local/lib/python3.13/dist-packages/torch/serialization.py", line 2221, in _load
    result = unpickler.load()
  File "/usr/local/lib/python3.13/dist-packages/numpy/__init__.py", line 795, in __getattr__
    raise AttributeError(f"module {__name__!r} has no attribute {attr!r}")
AttributeError: module 'numpy' has no attribute 'runstring'. Did you mean: 'fromstring'?

[validity-debug] Container failed with code 1
[validity-debug] Container stdout: 
[validity-debug] Container stderr: Traceback (most recent call last):
  File "<string>", line 3, in <module>
    obj = torch.load('/tmp/tmp39dk1jrh.pt', weights_only=False, map_location='cpu')
  File "/usr/local/lib/python3.13/dist-packages/torch/serialization.py", line 1610, in load
    return _load(
        opened_zipfile,
    ...<3 lines>...
        **pickle_load_args,
    )
  File "/usr/local/lib/python3.13/dist-packages/torch/serialization.py", line 2221, in _load
    result = unpickler.load()
AttributeError: module 'IPython' has no attribute 'system'

[validity-debug] Container failed with code 1
[validity-debug] Container stdout: 
[validity-debug] Container stderr: Traceback (most recent call last):
  File "<string>", line 3, in <module>
    obj = torch.load('/tmp/tmpnm7hvp5q.pt', weights_only=False, map_location='cpu')
  File "/usr/local/lib/python3.13/dist-packages/torch/serialization.py", line 1610, in load
    return _load(
        opened_zipfile,
    ...<3 lines>...
        **pickle_load_args,
    )
  File "/usr/local/lib/python3.13/dist-packages/torch/serialization.py", line 2221, in _load
    result = unpickler.load()
AttributeError: module 'IPython' has no attribute 'system'

[validity-debug] Container failed with code 1
[validity-debug] Container stdout: 
[validity-debug] Container stderr: Traceback (most recent call last):
  File "<string>", line 3, in <module>
    obj = torch.load('/tmp/tmpy9f_0rek.pt', weights_only=False, map_location='cpu')
  File "/usr/local/lib/python3.13/dist-packages/torch/serialization.py", line 1610, in load
    return _load(
        opened_zipfile,
    ...<3 lines>...
        **pickle_load_args,
    )
  File "/usr/local/lib/python3.13/dist-packages/torch/serialization.py", line 2221, in _load
    result = unpickler.load()
AttributeError: module 'IPython' has no attribute 'system'

[validity-debug] Container failed with code 1
[validity-debug] Container stdout: 
[validity-debug] Container stderr: Traceback (most recent call last):
  File "<string>", line 3, in <module>
    obj = torch.load('/tmp/tmptsjoqtbk.pt', weights_only=False, map_location='cpu')
  File "/usr/local/lib/python3.13/dist-packages/torch/serialization.py", line 1610, in load
    return _load(
        opened_zipfile,
    ...<3 lines>...
        **pickle_load_args,
    )
  File "/usr/local/lib/python3.13/dist-packages/torch/serialization.py", line 2221, in _load
    result = unpickler.load()
AttributeError: module 'IPython' has no attribute 'system'

[validity-debug] Container failed with code 1
[validity-debug] Container stdout: 
[validity-debug] Container stderr: Traceback (most recent call last):
  File "<string>", line 3, in <module>
    obj = torch.load('/tmp/tmp68cnzejd.pt', weights_only=False, map_location='cpu')
  File "/usr/local/lib/python3.13/dist-packages/torch/serialization.py", line 1610, in load
    return _load(
        opened_zipfile,
    ...<3 lines>...
        **pickle_load_args,
    )
  File "/usr/local/lib/python3.13/dist-packages/torch/serialization.py", line 2221, in _load
    result = unpickler.load()
AttributeError: module 'IPython' has no attribute 'system'

[validity-debug] Container failed with code 1
[validity-debug] Container stdout: 
[validity-debug] Container stderr: Traceback (most recent call last):
  File "<string>", line 3, in <module>
    obj = torch.load('/tmp/tmpzrn9pjxw.pt', weights_only=False, map_location='cpu')
  File "/usr/local/lib/python3.13/dist-packages/torch/serialization.py", line 1610, in load
    return _load(
        opened_zipfile,
    ...<3 lines>...
        **pickle_load_args,
    )
  File "/usr/local/lib/python3.13/dist-packages/torch/serialization.py", line 2221, in _load
    result = unpickler.load()
AttributeError: module 'IPython' has no attribute 'system'

[validity-debug] Container failed with code 1
[validity-debug] Container stdout: 
[validity-debug] Container stderr: Traceback (most recent call last):
  File "<string>", line 3, in <module>
    obj = torch.load('/tmp/tmpekjwj_q8.pt', weights_only=False, map_location='cpu')
  File "/usr/local/lib/python3.13/dist-packages/torch/serialization.py", line 1610, in load
    return _load(
        opened_zipfile,
    ...<3 lines>...
        **pickle_load_args,
    )
  File "/usr/local/lib/python3.13/dist-packages/torch/serialization.py", line 2221, in _load
    result = unpickler.load()
  File "/usr/local/lib/python3.13/dist-packages/numpy/__init__.py", line 795, in __getattr__
    raise AttributeError(f"module {__name__!r} has no attribute {attr!r}")
AttributeError: module 'numpy' has no attribute 'runstring'. Did you mean: 'fromstring'?

Round 2 Complete: Valid=8/20, Bypasses=0, Mean Fitness=3013.667, Opcode Cov=41.2%, Callable Cov=32.0%, Per-scanner evasions={'fickling': 20}

--- Round 3 / 5 ---
Mutation params: op_swap=0.25, sub=0.25, fuzz=0.25
Generated 20 candidate checkpoints (families: {'gadget': 2, 'overwritten': 3, 'pypi_injected': 12, 'external': 1, 'indirect_chain': 2}).
[validity-debug] Container failed with code 1
[validity-debug] Container stdout: 
[validity-debug] Container stderr: Traceback (most recent call last):
  File "<string>", line 3, in <module>
    obj = torch.load('/tmp/tmp20fwl166.pt', weights_only=False, map_location='cpu')
  File "/usr/local/lib/python3.13/dist-packages/torch/serialization.py", line 1610, in load
    return _load(
        opened_zipfile,
    ...<3 lines>...
        **pickle_load_args,
    )
  File "/usr/local/lib/python3.13/dist-packages/torch/serialization.py", line 2221, in _load
    result = unpickler.load()
AttributeError: module 'IPython' has no attribute 'system'

[validity-debug] Container failed with code 1
[validity-debug] Container stdout: 
[validity-debug] Container stderr: Traceback (most recent call last):
  File "<string>", line 3, in <module>
    obj = torch.load('/tmp/tmpn0omenw0.pt', weights_only=False, map_location='cpu')
  File "/usr/local/lib/python3.13/dist-packages/torch/serialization.py", line 1610, in load
    return _load(
        opened_zipfile,
    ...<3 lines>...
        **pickle_load_args,
    )
  File "/usr/local/lib/python3.13/dist-packages/torch/serialization.py", line 2221, in _load
    result = unpickler.load()
AttributeError: module 'IPython' has no attribute 'system'

[validity-debug] Container failed with code 1
[validity-debug] Container stdout: 
[validity-debug] Container stderr: Traceback (most recent call last):
  File "<string>", line 3, in <module>
    obj = torch.load('/tmp/tmpvwm7en_z.pt', weights_only=False, map_location='cpu')
  File "/usr/local/lib/python3.13/dist-packages/torch/serialization.py", line 1610, in load
    return _load(
        opened_zipfile,
    ...<3 lines>...
        **pickle_load_args,
    )
  File "/usr/local/lib/python3.13/dist-packages/torch/serialization.py", line 2221, in _load
    result = unpickler.load()
AttributeError: module 'IPython' has no attribute 'system'

[validity-debug] Container failed with code 1
[validity-debug] Container stdout: 
[validity-debug] Container stderr: Traceback (most recent call last):
  File "<string>", line 3, in <module>
    obj = torch.load('/tmp/tmplvjwo4kz.pt', weights_only=False, map_location='cpu')
  File "/usr/local/lib/python3.13/dist-packages/torch/serialization.py", line 1610, in load
    return _load(
        opened_zipfile,
    ...<3 lines>...
        **pickle_load_args,
    )
  File "/usr/local/lib/python3.13/dist-packages/torch/serialization.py", line 2221, in _load
    result = unpickler.load()
AttributeError: module 'IPython' has no attribute 'system'

[validity-debug] Container failed with code 1
[validity-debug] Container stdout: 
[validity-debug] Container stderr: Traceback (most recent call last):
  File "<string>", line 3, in <module>
    obj = torch.load('/tmp/tmpm7f9b732.pt', weights_only=False, map_location='cpu')
  File "/usr/local/lib/python3.13/dist-packages/torch/serialization.py", line 1610, in load
    return _load(
        opened_zipfile,
    ...<3 lines>...
        **pickle_load_args,
    )
  File "/usr/local/lib/python3.13/dist-packages/torch/serialization.py", line 2221, in _load
    result = unpickler.load()
AttributeError: module 'IPython' has no attribute 'system'

[validity-debug] Container failed with code 1
[validity-debug] Container stdout: 
[validity-debug] Container stderr: Traceback (most recent call last):
  File "<string>", line 3, in <module>
    obj = torch.load('/tmp/tmpopp1ynah.pt', weights_only=False, map_location='cpu')
  File "/usr/local/lib/python3.13/dist-packages/torch/serialization.py", line 1610, in load
    return _load(
        opened_zipfile,
    ...<3 lines>...
        **pickle_load_args,
    )
  File "/usr/local/lib/python3.13/dist-packages/torch/serialization.py", line 2221, in _load
    result = unpickler.load()
AttributeError: module 'IPython' has no attribute 'system'

[validity-debug] Container failed with code 1
[validity-debug] Container stdout: 
[validity-debug] Container stderr: Traceback (most recent call last):
  File "<string>", line 3, in <module>
    obj = torch.load('/tmp/tmpeych4yic.pt', weights_only=False, map_location='cpu')
  File "/usr/local/lib/python3.13/dist-packages/torch/serialization.py", line 1610, in load
    return _load(
        opened_zipfile,
    ...<3 lines>...
        **pickle_load_args,
    )
  File "/usr/local/lib/python3.13/dist-packages/torch/serialization.py", line 2221, in _load
    result = unpickler.load()
AttributeError: module 'IPython' has no attribute 'system'

[validity-debug] Container failed with code 1
[validity-debug] Container stdout: 
[validity-debug] Container stderr: Traceback (most recent call last):
  File "<string>", line 3, in <module>
    obj = torch.load('/tmp/tmpytroohf8.pt', weights_only=False, map_location='cpu')
  File "/usr/local/lib/python3.13/dist-packages/torch/serialization.py", line 1610, in load
    return _load(
        opened_zipfile,
    ...<3 lines>...
        **pickle_load_args,
    )
  File "/usr/local/lib/python3.13/dist-packages/torch/serialization.py", line 2221, in _load
    result = unpickler.load()
  File "/usr/local/lib/python3.13/dist-packages/numpy/__init__.py", line 795, in __getattr__
    raise AttributeError(f"module {__name__!r} has no attribute {attr!r}")
AttributeError: module 'numpy' has no attribute 'runstring'. Did you mean: 'fromstring'?

[validity-debug] Container failed with code 1
[validity-debug] Container stdout: 
[validity-debug] Container stderr: Traceback (most recent call last):
  File "<string>", line 3, in <module>
    obj = torch.load('/tmp/tmpektcc97g.pt', weights_only=False, map_location='cpu')
  File "/usr/local/lib/python3.13/dist-packages/torch/serialization.py", line 1610, in load
    return _load(
        opened_zipfile,
    ...<3 lines>...
        **pickle_load_args,
    )
  File "/usr/local/lib/python3.13/dist-packages/torch/serialization.py", line 2221, in _load
    result = unpickler.load()
AttributeError: module 'IPython' has no attribute 'system'

[validity-debug] Container failed with code 1
[validity-debug] Container stdout: 
[validity-debug] Container stderr: Traceback (most recent call last):
  File "<string>", line 3, in <module>
    obj = torch.load('/tmp/tmpfg_pqfou.pt', weights_only=False, map_location='cpu')
  File "/usr/local/lib/python3.13/dist-packages/torch/serialization.py", line 1610, in load
    return _load(
        opened_zipfile,
    ...<3 lines>...
        **pickle_load_args,
    )
  File "/usr/local/lib/python3.13/dist-packages/torch/serialization.py", line 2221, in _load
    result = unpickler.load()
AttributeError: module 'IPython' has no attribute 'system'

Round 3 Complete: Valid=10/20, Bypasses=0, Mean Fitness=3022.343, Opcode Cov=42.6%, Callable Cov=36.0%, Per-scanner evasions={'fickling': 20}

--- Round 4 / 5 ---
Mutation params: op_swap=0.30, sub=0.30, fuzz=0.30
Generated 20 candidate checkpoints (families: {'gadget': 4, 'overwritten': 1, 'pypi_injected': 10, 'external': 2, 'indirect_chain': 3}).
[validity-debug] Container failed with code 1
[validity-debug] Container stdout: 
[validity-debug] Container stderr: Traceback (most recent call last):
  File "<string>", line 3, in <module>
    obj = torch.load('/tmp/tmp6b0szdmf.pt', weights_only=False, map_location='cpu')
  File "/usr/local/lib/python3.13/dist-packages/torch/serialization.py", line 1610, in load
    return _load(
        opened_zipfile,
    ...<3 lines>...
        **pickle_load_args,
    )
  File "/usr/local/lib/python3.13/dist-packages/torch/serialization.py", line 2221, in _load
    result = unpickler.load()
AttributeError: module 'IPython' has no attribute 'system'

[validity-debug] Container failed with code 1
[validity-debug] Container stdout: 
[validity-debug] Container stderr: Traceback (most recent call last):
  File "<string>", line 3, in <module>
    obj = torch.load('/tmp/tmpx2ydy3uf.pt', weights_only=False, map_location='cpu')
  File "/usr/local/lib/python3.13/dist-packages/torch/serialization.py", line 1610, in load
    return _load(
        opened_zipfile,
    ...<3 lines>...
        **pickle_load_args,
    )
  File "/usr/local/lib/python3.13/dist-packages/torch/serialization.py", line 2221, in _load
    result = unpickler.load()
AttributeError: module 'IPython' has no attribute 'system'

[validity-debug] Container failed with code 1
[validity-debug] Container stdout: 
[validity-debug] Container stderr: Traceback (most recent call last):
  File "<string>", line 3, in <module>
    obj = torch.load('/tmp/tmpqhxws6li.pt', weights_only=False, map_location='cpu')
  File "/usr/local/lib/python3.13/dist-packages/torch/serialization.py", line 1610, in load
    return _load(
        opened_zipfile,
    ...<3 lines>...
        **pickle_load_args,
    )
  File "/usr/local/lib/python3.13/dist-packages/torch/serialization.py", line 2221, in _load
    result = unpickler.load()
  File "/usr/local/lib/python3.13/dist-packages/numpy/__init__.py", line 795, in __getattr__
    raise AttributeError(f"module {__name__!r} has no attribute {attr!r}")
AttributeError: module 'numpy' has no attribute 'runstring'. Did you mean: 'fromstring'?

[validity-debug] Container failed with code 1
[validity-debug] Container stdout: 
[validity-debug] Container stderr: Traceback (most recent call last):
  File "<string>", line 3, in <module>
    obj = torch.load('/tmp/tmp_nb13q46.pt', weights_only=False, map_location='cpu')
  File "/usr/local/lib/python3.13/dist-packages/torch/serialization.py", line 1610, in load
    return _load(
        opened_zipfile,
    ...<3 lines>...
        **pickle_load_args,
    )
  File "/usr/local/lib/python3.13/dist-packages/torch/serialization.py", line 2221, in _load
    result = unpickler.load()
AttributeError: module 'IPython' has no attribute 'system'

[validity-debug] Container failed with code 1
[validity-debug] Container stdout: 
[validity-debug] Container stderr: Traceback (most recent call last):
  File "<string>", line 3, in <module>
    obj = torch.load('/tmp/tmp6jdppeyk.pt', weights_only=False, map_location='cpu')
  File "/usr/local/lib/python3.13/dist-packages/torch/serialization.py", line 1610, in load
    return _load(
        opened_zipfile,
    ...<3 lines>...
        **pickle_load_args,
    )
  File "/usr/local/lib/python3.13/dist-packages/torch/serialization.py", line 2221, in _load
    result = unpickler.load()
AttributeError: module 'IPython' has no attribute 'system'

[validity-debug] Container failed with code 1
[validity-debug] Container stdout: 
[validity-debug] Container stderr: Traceback (most recent call last):
  File "<string>", line 3, in <module>
    obj = torch.load('/tmp/tmp73awqtok.pt', weights_only=False, map_location='cpu')
  File "/usr/local/lib/python3.13/dist-packages/torch/serialization.py", line 1610, in load
    return _load(
        opened_zipfile,
    ...<3 lines>...
        **pickle_load_args,
    )
  File "/usr/local/lib/python3.13/dist-packages/torch/serialization.py", line 2221, in _load
    result = unpickler.load()
AttributeError: module 'IPython' has no attribute 'system'

[validity-debug] Container failed with code 1
[validity-debug] Container stdout: 
[validity-debug] Container stderr: Traceback (most recent call last):
  File "<string>", line 3, in <module>
    obj = torch.load('/tmp/tmpj8lkropg.pt', weights_only=False, map_location='cpu')
  File "/usr/local/lib/python3.13/dist-packages/torch/serialization.py", line 1610, in load
    return _load(
        opened_zipfile,
    ...<3 lines>...
        **pickle_load_args,
    )
  File "/usr/local/lib/python3.13/dist-packages/torch/serialization.py", line 2221, in _load
    result = unpickler.load()
AttributeError: module 'IPython' has no attribute 'system'

Round 4 Complete: Valid=13/20, Bypasses=0, Mean Fitness=5512.707, Opcode Cov=42.6%, Callable Cov=36.0%, Per-scanner evasions={'fickling': 20, 'modelscan': 1}

--- Round 5 / 5 ---
Mutation params: op_swap=0.35, sub=0.35, fuzz=0.35
Generated 20 candidate checkpoints (families: {'gadget': 0, 'overwritten': 3, 'pypi_injected': 12, 'external': 2, 'indirect_chain': 3}).
[validity-debug] Container failed with code 1
[validity-debug] Container stdout: 
[validity-debug] Container stderr: Traceback (most recent call last):
  File "<string>", line 3, in <module>
    obj = torch.load('/tmp/tmpcm9wbv87.pt', weights_only=False, map_location='cpu')
  File "/usr/local/lib/python3.13/dist-packages/torch/serialization.py", line 1610, in load
    return _load(
        opened_zipfile,
    ...<3 lines>...
        **pickle_load_args,
    )
  File "/usr/local/lib/python3.13/dist-packages/torch/serialization.py", line 2221, in _load
    result = unpickler.load()
  File "/usr/local/lib/python3.13/dist-packages/numpy/__init__.py", line 795, in __getattr__
    raise AttributeError(f"module {__name__!r} has no attribute {attr!r}")
AttributeError: module 'numpy' has no attribute 'runstring'. Did you mean: 'fromstring'?

[validity-debug] Container failed with code 1
[validity-debug] Container stdout: 
[validity-debug] Container stderr: Traceback (most recent call last):
  File "<string>", line 3, in <module>
    obj = torch.load('/tmp/tmppjhwj9dz.pt', weights_only=False, map_location='cpu')
  File "/usr/local/lib/python3.13/dist-packages/torch/serialization.py", line 1610, in load
    return _load(
        opened_zipfile,
    ...<3 lines>...
        **pickle_load_args,
    )
  File "/usr/local/lib/python3.13/dist-packages/torch/serialization.py", line 2221, in _load
    result = unpickler.load()
AttributeError: module 'IPython' has no attribute 'system'

[validity-debug] Container failed with code 1
[validity-debug] Container stdout: 
[validity-debug] Container stderr: Traceback (most recent call last):
  File "<string>", line 3, in <module>
    obj = torch.load('/tmp/tmprs5scutf.pt', weights_only=False, map_location='cpu')
  File "/usr/local/lib/python3.13/dist-packages/torch/serialization.py", line 1610, in load
    return _load(
        opened_zipfile,
    ...<3 lines>...
        **pickle_load_args,
    )
  File "/usr/local/lib/python3.13/dist-packages/torch/serialization.py", line 2221, in _load
    result = unpickler.load()
AttributeError: module 'IPython' has no attribute 'system'

[validity-debug] Container failed with code 1
[validity-debug] Container stdout: 
[validity-debug] Container stderr: Traceback (most recent call last):
  File "<string>", line 3, in <module>
    obj = torch.load('/tmp/tmpt4wl0jps.pt', weights_only=False, map_location='cpu')
  File "/usr/local/lib/python3.13/dist-packages/torch/serialization.py", line 1610, in load
    return _load(
        opened_zipfile,
    ...<3 lines>...
        **pickle_load_args,
    )
  File "/usr/local/lib/python3.13/dist-packages/torch/serialization.py", line 2221, in _load
    result = unpickler.load()
AttributeError: module 'IPython' has no attribute 'system'

[validity-debug] Container failed with code 1
[validity-debug] Container stdout: 
[validity-debug] Container stderr: Traceback (most recent call last):
  File "<string>", line 3, in <module>
    obj = torch.load('/tmp/tmpuc36jmiq.pt', weights_only=False, map_location='cpu')
  File "/usr/local/lib/python3.13/dist-packages/torch/serialization.py", line 1610, in load
    return _load(
        opened_zipfile,
    ...<3 lines>...
        **pickle_load_args,
    )
  File "/usr/local/lib/python3.13/dist-packages/torch/serialization.py", line 2221, in _load
    result = unpickler.load()
AttributeError: module 'IPython' has no attribute 'system'

[validity-debug] Container failed with code 1
[validity-debug] Container stdout: 
[validity-debug] Container stderr: Traceback (most recent call last):
  File "<string>", line 3, in <module>
    obj = torch.load('/tmp/tmp3v1qb33o.pt', weights_only=False, map_location='cpu')
  File "/usr/local/lib/python3.13/dist-packages/torch/serialization.py", line 1610, in load
    return _load(
        opened_zipfile,
    ...<3 lines>...
        **pickle_load_args,
    )
  File "/usr/local/lib/python3.13/dist-packages/torch/serialization.py", line 2221, in _load
    result = unpickler.load()
  File "/usr/local/lib/python3.13/dist-packages/numpy/__init__.py", line 795, in __getattr__
    raise AttributeError(f"module {__name__!r} has no attribute {attr!r}")
AttributeError: module 'numpy' has no attribute 'runstring'. Did you mean: 'fromstring'?

[validity-debug] Container failed with code 1
[validity-debug] Container stdout: 
[validity-debug] Container stderr: Traceback (most recent call last):
  File "<string>", line 3, in <module>
    obj = torch.load('/tmp/tmpgrkprwca.pt', weights_only=False, map_location='cpu')
  File "/usr/local/lib/python3.13/dist-packages/torch/serialization.py", line 1610, in load
    return _load(
        opened_zipfile,
    ...<3 lines>...
        **pickle_load_args,
    )
  File "/usr/local/lib/python3.13/dist-packages/torch/serialization.py", line 2221, in _load
    result = unpickler.load()
AttributeError: module 'IPython' has no attribute 'system'

[validity-debug] Container failed with code 1
[validity-debug] Container stdout: 
[validity-debug] Container stderr: Traceback (most recent call last):
  File "<string>", line 3, in <module>
    obj = torch.load('/tmp/tmpw61zg_32.pt', weights_only=False, map_location='cpu')
  File "/usr/local/lib/python3.13/dist-packages/torch/serialization.py", line 1610, in load
    return _load(
        opened_zipfile,
    ...<3 lines>...
        **pickle_load_args,
    )
  File "/usr/local/lib/python3.13/dist-packages/torch/serialization.py", line 2221, in _load
    result = unpickler.load()
AttributeError: module 'IPython' has no attribute 'system'

[validity-debug] Container failed with code 1
[validity-debug] Container stdout: 
[validity-debug] Container stderr: Traceback (most recent call last):
  File "<string>", line 3, in <module>
    obj = torch.load('/tmp/tmphetkzpvq.pt', weights_only=False, map_location='cpu')
  File "/usr/local/lib/python3.13/dist-packages/torch/serialization.py", line 1610, in load
    return _load(
        opened_zipfile,
    ...<3 lines>...
        **pickle_load_args,
    )
  File "/usr/local/lib/python3.13/dist-packages/torch/serialization.py", line 2221, in _load
    result = unpickler.load()
AttributeError: module 'IPython' has no attribute 'system'

[validity-debug] Container failed with code 1
[validity-debug] Container stdout: 
[validity-debug] Container stderr: Traceback (most recent call last):
  File "<string>", line 3, in <module>
    obj = torch.load('/tmp/tmp84vfhhrd.pt', weights_only=False, map_location='cpu')
  File "/usr/local/lib/python3.13/dist-packages/torch/serialization.py", line 1610, in load
    return _load(
        opened_zipfile,
    ...<3 lines>...
        **pickle_load_args,
    )
  File "/usr/local/lib/python3.13/dist-packages/torch/serialization.py", line 2221, in _load
    result = unpickler.load()
AttributeError: module 'IPython' has no attribute 'system'

[validity-debug] Container failed with code 1
[validity-debug] Container stdout: 
[validity-debug] Container stderr: Traceback (most recent call last):
  File "<string>", line 3, in <module>
    obj = torch.load('/tmp/tmps285cjvi.pt', weights_only=False, map_location='cpu')
  File "/usr/local/lib/python3.13/dist-packages/torch/serialization.py", line 1610, in load
    return _load(
        opened_zipfile,
    ...<3 lines>...
        **pickle_load_args,
    )
  File "/usr/local/lib/python3.13/dist-packages/torch/serialization.py", line 2221, in _load
    result = unpickler.load()
AttributeError: module 'IPython' has no attribute 'system'

Round 5 Complete: Valid=9/20, Bypasses=0, Mean Fitness=3016.184, Opcode Cov=42.6%, Callable Cov=36.0%, Per-scanner evasions={'fickling': 20}

Written fuzzing report to docs/fuzzing-report-guided-r5.md
============================================================
CAMPAIGN COMPLETE (guided, replicate 5)
  valid candidates : 57/100
  confirmed bypasses: 3
============================================================
[Mon Aug 24 10:18:52 PM +0530 2026] Completed guided-oracle_dominant-r5 successfully

[Mon Aug 24 10:19:02 PM +0530 2026] Starting unguided-current-r5 (seed=1341)...
============================================================
STARTING UNGUIDED FUZZING CAMPAIGN (replicate 5)
============================================================

--- Round 1 / 5 ---
Unguided mode: uniform random callable selection.
Generated 20 candidate checkpoints (families: {'gadget': 6, 'overwritten': 3, 'pypi_injected': 3, 'external': 5, 'indirect_chain': 3}).
[validity-debug] Container failed with code 1
[validity-debug] Container stdout: 
[validity-debug] Container stderr: Traceback (most recent call last):
  File "<string>", line 3, in <module>
    obj = torch.load('/tmp/tmp6jvpj8xw.pt', weights_only=False, map_location='cpu')
  File "/usr/local/lib/python3.13/dist-packages/torch/serialization.py", line 1610, in load
    return _load(
        opened_zipfile,
    ...<3 lines>...
        **pickle_load_args,
    )
  File "/usr/local/lib/python3.13/dist-packages/torch/serialization.py", line 2221, in _load
    result = unpickler.load()
  File "/usr/local/lib/python3.13/dist-packages/numpy/__init__.py", line 795, in __getattr__
    raise AttributeError(f"module {__name__!r} has no attribute {attr!r}")
AttributeError: module 'numpy' has no attribute 'runstring'. Did you mean: 'fromstring'?

[validity-debug] Container failed with code 1
[validity-debug] Container stdout: 
[validity-debug] Container stderr: Traceback (most recent call last):
  File "<string>", line 3, in <module>
    obj = torch.load('/tmp/tmp56asr8_2.pt', weights_only=False, map_location='cpu')
  File "/usr/local/lib/python3.13/dist-packages/torch/serialization.py", line 1610, in load
    return _load(
        opened_zipfile,
    ...<3 lines>...
        **pickle_load_args,
    )
  File "/usr/local/lib/python3.13/dist-packages/torch/serialization.py", line 2221, in _load
    result = unpickler.load()
  File "/usr/local/lib/python3.13/dist-packages/numpy/__init__.py", line 795, in __getattr__
    raise AttributeError(f"module {__name__!r} has no attribute {attr!r}")
AttributeError: module 'numpy' has no attribute 'runstring'. Did you mean: 'fromstring'?

[validity-debug] Container failed with code 1
[validity-debug] Container stdout: 
[validity-debug] Container stderr: Traceback (most recent call last):
  File "<string>", line 3, in <module>
    obj = torch.load('/tmp/tmp9_5j24sf.pt', weights_only=False, map_location='cpu')
  File "/usr/local/lib/python3.13/dist-packages/torch/serialization.py", line 1610, in load
    return _load(
        opened_zipfile,
    ...<3 lines>...
        **pickle_load_args,
    )
  File "/usr/local/lib/python3.13/dist-packages/torch/serialization.py", line 2221, in _load
    result = unpickler.load()
AttributeError: module 'IPython' has no attribute 'system'

Round 1 Complete: Valid=17/20, Bypasses=1, Mean Fitness=1.720, Opcode Cov=42.6%, Callable Cov=32.0%, Per-scanner evasions={'fickling': 20, 'modelscan': 4, 'picklescan': 1}

--- Round 2 / 5 ---
Unguided mode: uniform random callable selection.
Generated 20 candidate checkpoints (families: {'gadget': 4, 'overwritten': 7, 'pypi_injected': 3, 'external': 3, 'indirect_chain': 3}).
[validity-debug] Container failed with code 1
[validity-debug] Container stdout: 
[validity-debug] Container stderr: Traceback (most recent call last):
  File "<string>", line 3, in <module>
    obj = torch.load('/tmp/tmpy2afk17a.pt', weights_only=False, map_location='cpu')
  File "/usr/local/lib/python3.13/dist-packages/torch/serialization.py", line 1610, in load
    return _load(
        opened_zipfile,
    ...<3 lines>...
        **pickle_load_args,
    )
  File "/usr/local/lib/python3.13/dist-packages/torch/serialization.py", line 2221, in _load
    result = unpickler.load()
AttributeError: module 'IPython' has no attribute 'system'

[validity-debug] Container failed with code 125
[validity-debug] Container stdout: 
[validity-debug] Container stderr: python3: invalid option -- 'c'
Try 'python3 --help' for more information.

[validity-debug] Container failed with code 1
[validity-debug] Container stdout: 
[validity-debug] Container stderr: Traceback (most recent call last):
  File "<string>", line 3, in <module>
    obj = torch.load('/tmp/tmpxx1qrjv4.pt', weights_only=False, map_location='cpu')
  File "/usr/local/lib/python3.13/dist-packages/torch/serialization.py", line 1610, in load
    return _load(
        opened_zipfile,
    ...<3 lines>...
        **pickle_load_args,
    )
  File "/usr/local/lib/python3.13/dist-packages/torch/serialization.py", line 2221, in _load
    result = unpickler.load()
AttributeError: module 'IPython' has no attribute 'system'

[validity-debug] Container failed with code 125
[validity-debug] Container stdout: 
[validity-debug] Container stderr: python3: invalid option -- 'c'
Try 'python3 --help' for more information.

[validity-debug] Container failed with code 1
[validity-debug] Container stdout: 
[validity-debug] Container stderr: Traceback (most recent call last):
  File "<string>", line 3, in <module>
    obj = torch.load('/tmp/tmpj30w3zhz.pt', weights_only=False, map_location='cpu')
  File "/usr/local/lib/python3.13/dist-packages/torch/serialization.py", line 1610, in load
    return _load(
        opened_zipfile,
    ...<3 lines>...
        **pickle_load_args,
    )
  File "/usr/local/lib/python3.13/dist-packages/torch/serialization.py", line 2221, in _load
    result = unpickler.load()
  File "/usr/local/lib/python3.13/dist-packages/numpy/__init__.py", line 795, in __getattr__
    raise AttributeError(f"module {__name__!r} has no attribute {attr!r}")
AttributeError: module 'numpy' has no attribute 'runstring'. Did you mean: 'fromstring'?

[validity-debug] Container failed with code 1
[validity-debug] Container stdout: 
[validity-debug] Container stderr: Traceback (most recent call last):
  File "<string>", line 3, in <module>
    obj = torch.load('/tmp/tmp261es8af.pt', weights_only=False, map_location='cpu')
  File "/usr/local/lib/python3.13/dist-packages/torch/serialization.py", line 1610, in load
    return _load(
        opened_zipfile,
    ...<3 lines>...
        **pickle_load_args,
    )
  File "/usr/local/lib/python3.13/dist-packages/torch/serialization.py", line 2221, in _load
    result = unpickler.load()
  File "/usr/local/lib/python3.13/dist-packages/numpy/__init__.py", line 795, in __getattr__
    raise AttributeError(f"module {__name__!r} has no attribute {attr!r}")
AttributeError: module 'numpy' has no attribute 'runstring'. Did you mean: 'fromstring'?

Round 2 Complete: Valid=14/20, Bypasses=0, Mean Fitness=1.278, Opcode Cov=42.6%, Callable Cov=36.0%, Per-scanner evasions={'fickling': 20, 'modelscan': 1}

--- Round 3 / 5 ---
Unguided mode: uniform random callable selection.
Generated 20 candidate checkpoints (families: {'gadget': 4, 'overwritten': 7, 'pypi_injected': 4, 'external': 5, 'indirect_chain': 0}).
[validity-debug] Container failed with code 1
[validity-debug] Container stdout: 
[validity-debug] Container stderr: Traceback (most recent call last):
  File "<string>", line 3, in <module>
    obj = torch.load('/tmp/tmpug8n36s6.pt', weights_only=False, map_location='cpu')
  File "/usr/local/lib/python3.13/dist-packages/torch/serialization.py", line 1610, in load
    return _load(
        opened_zipfile,
    ...<3 lines>...
        **pickle_load_args,
    )
  File "/usr/local/lib/python3.13/dist-packages/torch/serialization.py", line 2221, in _load
    result = unpickler.load()
AttributeError: module 'IPython' has no attribute 'system'

[validity-debug] Container failed with code 1
[validity-debug] Container stdout: 
[validity-debug] Container stderr: Traceback (most recent call last):
  File "<string>", line 3, in <module>
    obj = torch.load('/tmp/tmpi3owy_5i.pt', weights_only=False, map_location='cpu')
  File "/usr/local/lib/python3.13/dist-packages/torch/serialization.py", line 1610, in load
    return _load(
        opened_zipfile,
    ...<3 lines>...
        **pickle_load_args,
    )
  File "/usr/local/lib/python3.13/dist-packages/torch/serialization.py", line 2221, in _load
    result = unpickler.load()
  File "/usr/local/lib/python3.13/dist-packages/numpy/__init__.py", line 795, in __getattr__
    raise AttributeError(f"module {__name__!r} has no attribute {attr!r}")
AttributeError: module 'numpy' has no attribute 'runstring'. Did you mean: 'fromstring'?

[validity-debug] Container failed with code 1
[validity-debug] Container stdout: 
[validity-debug] Container stderr: Traceback (most recent call last):
  File "<string>", line 3, in <module>
    obj = torch.load('/tmp/tmpyt7qed4x.pt', weights_only=False, map_location='cpu')
  File "/usr/local/lib/python3.13/dist-packages/torch/serialization.py", line 1610, in load
    return _load(
        opened_zipfile,
    ...<3 lines>...
        **pickle_load_args,
    )
  File "/usr/local/lib/python3.13/dist-packages/torch/serialization.py", line 2221, in _load
    result = unpickler.load()
  File "/usr/local/lib/python3.13/dist-packages/numpy/__init__.py", line 795, in __getattr__
    raise AttributeError(f"module {__name__!r} has no attribute {attr!r}")
AttributeError: module 'numpy' has no attribute 'runstring'. Did you mean: 'fromstring'?

[validity-debug] Container failed with code 1
[validity-debug] Container stdout: 
[validity-debug] Container stderr: Traceback (most recent call last):
  File "<string>", line 3, in <module>
    obj = torch.load('/tmp/tmp32wehrx0.pt', weights_only=False, map_location='cpu')
  File "/usr/local/lib/python3.13/dist-packages/torch/serialization.py", line 1610, in load
    return _load(
        opened_zipfile,
    ...<3 lines>...
        **pickle_load_args,
    )
  File "/usr/local/lib/python3.13/dist-packages/torch/serialization.py", line 2221, in _load
    result = unpickler.load()
  File "/usr/local/lib/python3.13/dist-packages/numpy/__init__.py", line 795, in __getattr__
    raise AttributeError(f"module {__name__!r} has no attribute {attr!r}")
AttributeError: module 'numpy' has no attribute 'runstring'. Did you mean: 'fromstring'?

[validity-debug] Container failed with code 1
[validity-debug] Container stdout: 
[validity-debug] Container stderr: Traceback (most recent call last):
  File "<string>", line 3, in <module>
    obj = torch.load('/tmp/tmpgdlo22t5.pt', weights_only=False, map_location='cpu')
  File "/usr/local/lib/python3.13/dist-packages/torch/serialization.py", line 1610, in load
    return _load(
        opened_zipfile,
    ...<3 lines>...
        **pickle_load_args,
    )
  File "/usr/local/lib/python3.13/dist-packages/torch/serialization.py", line 2221, in _load
    result = unpickler.load()
AttributeError: module 'IPython' has no attribute 'system'

[validity-debug] Container failed with code 1
[validity-debug] Container stdout: 
[validity-debug] Container stderr: Traceback (most recent call last):
  File "<string>", line 3, in <module>
    obj = torch.load('/tmp/tmpmwus71he.pt', weights_only=False, map_location='cpu')
  File "/usr/local/lib/python3.13/dist-packages/torch/serialization.py", line 1610, in load
    return _load(
        opened_zipfile,
    ...<3 lines>...
        **pickle_load_args,
    )
  File "/usr/local/lib/python3.13/dist-packages/torch/serialization.py", line 2221, in _load
    result = unpickler.load()
AttributeError: module 'IPython' has no attribute 'system'

Round 3 Complete: Valid=14/20, Bypasses=0, Mean Fitness=1.385, Opcode Cov=42.6%, Callable Cov=40.0%, Per-scanner evasions={'fickling': 20, 'modelscan': 2}

--- Round 4 / 5 ---
Unguided mode: uniform random callable selection.
Generated 20 candidate checkpoints (families: {'gadget': 6, 'overwritten': 4, 'pypi_injected': 7, 'external': 1, 'indirect_chain': 2}).
[validity-debug] Container failed with code 1
[validity-debug] Container stdout: 
[validity-debug] Container stderr: Traceback (most recent call last):
  File "<string>", line 3, in <module>
    obj = torch.load('/tmp/tmpuv6emrbv.pt', weights_only=False, map_location='cpu')
  File "/usr/local/lib/python3.13/dist-packages/torch/serialization.py", line 1610, in load
    return _load(
        opened_zipfile,
    ...<3 lines>...
        **pickle_load_args,
    )
  File "/usr/local/lib/python3.13/dist-packages/torch/serialization.py", line 2221, in _load
    result = unpickler.load()
AttributeError: module 'IPython' has no attribute 'system'

Round 4 Complete: Valid=19/20, Bypasses=4, Mean Fitness=1.977, Opcode Cov=42.6%, Callable Cov=40.0%, Per-scanner evasions={'fickling': 20, 'modelscan': 5, 'picklescan': 4}

--- Round 5 / 5 ---
Unguided mode: uniform random callable selection.
Generated 20 candidate checkpoints (families: {'gadget': 4, 'overwritten': 7, 'pypi_injected': 2, 'external': 2, 'indirect_chain': 5}).
[validity-debug] Container failed with code 1
[validity-debug] Container stdout: 
[validity-debug] Container stderr: Traceback (most recent call last):
  File "<string>", line 3, in <module>
    obj = torch.load('/tmp/tmpve37jh54.pt', weights_only=False, map_location='cpu')
  File "/usr/local/lib/python3.13/dist-packages/torch/serialization.py", line 1610, in load
    return _load(
        opened_zipfile,
    ...<3 lines>...
        **pickle_load_args,
    )
  File "/usr/local/lib/python3.13/dist-packages/torch/serialization.py", line 2221, in _load
    result = unpickler.load()
AttributeError: module 'IPython' has no attribute 'system'

[validity-debug] Container failed with code 1
[validity-debug] Container stdout: 
[validity-debug] Container stderr: Traceback (most recent call last):
  File "<string>", line 3, in <module>
    obj = torch.load('/tmp/tmpvf55623a.pt', weights_only=False, map_location='cpu')
  File "/usr/local/lib/python3.13/dist-packages/torch/serialization.py", line 1610, in load
    return _load(
        opened_zipfile,
    ...<3 lines>...
        **pickle_load_args,
    )
  File "/usr/local/lib/python3.13/dist-packages/torch/serialization.py", line 2221, in _load
    result = unpickler.load()
AttributeError: module 'IPython' has no attribute 'system'

[validity-debug] Container failed with code 1
[validity-debug] Container stdout: 
[validity-debug] Container stderr: Traceback (most recent call last):
  File "<string>", line 3, in <module>
    obj = torch.load('/tmp/tmp9pmunb03.pt', weights_only=False, map_location='cpu')
  File "/usr/local/lib/python3.13/dist-packages/torch/serialization.py", line 1610, in load
    return _load(
        opened_zipfile,
    ...<3 lines>...
        **pickle_load_args,
    )
  File "/usr/local/lib/python3.13/dist-packages/torch/serialization.py", line 2221, in _load
    result = unpickler.load()
  File "/usr/local/lib/python3.13/dist-packages/numpy/__init__.py", line 795, in __getattr__
    raise AttributeError(f"module {__name__!r} has no attribute {attr!r}")
AttributeError: module 'numpy' has no attribute 'runstring'. Did you mean: 'fromstring'?

Round 5 Complete: Valid=16/20, Bypasses=0, Mean Fitness=1.420, Opcode Cov=42.6%, Callable Cov=44.0%, Per-scanner evasions={'fickling': 20, 'modelscan': 1}

Written fuzzing report to docs/fuzzing-report-unguided-r5.md
============================================================
CAMPAIGN COMPLETE (unguided, replicate 5)
  valid candidates : 80/100
  confirmed bypasses: 5
============================================================
[Mon Aug 24 10:28:23 PM +0530 2026] Completed unguided-current-r5 successfully

====================================================
ALL CAMPAIGNS COMPLETED
====================================================

Running analysis...

========================================================================================================================
FITNESS ABLATION EXPERIMENT RESULTS
========================================================================================================================
Config                    Rep  Total  Valid Bypass PanelEv  Q1st Cens Valid% Bypass% Panel% OpCov% CalCov%
------------------------------------------------------------------------------------------------------------------------
unguided:baseline           1    100     76      0      0   101    Y  76.0%    0.0%   0.0%  42.6%   48.0%
unguided:baseline           2    100     72      0      0   101    Y  72.0%    0.0%   0.0%  42.6%   52.0%
unguided:baseline           3    100     70      6      6     3    N  70.0%    8.6%   8.6%  42.6%   56.0%
unguided:baseline           4    100     77      3      3    25    N  77.0%    3.9%   3.9%  42.6%   32.0%
unguided:baseline           5    100     80      5      5    14    N  80.0%    6.2%   6.2%  42.6%   44.0%
unguided:baseline          12     36     27      0      0    37    Y  75.0%    0.0%   0.0%  44.1%   36.0%
unguided:baseline          22     36     21      4      4     3    N  58.3%   19.0%  19.0%  44.1%   44.0%
unguided:baseline          33    100     77      7      7     3    N  77.0%    9.1%   9.1%  42.6%   56.0%
unguided:baseline          34    100     68     10     10     3    N  68.0%   14.7%  14.7%  42.6%   52.0%
unguided:baseline          99      6      6      1      1     5    N 100.0%   16.7%  16.7%  42.6%   20.0%
unguided:baseline         104     30     14     10     10     1    N  46.7%   71.4%  71.4%  32.4%   16.0%
unguided:baseline         105     30     17     14     14     3    N  56.7%   82.4%  82.4%  32.4%   16.0%
unguided:baseline         106     45     36     19     19     6    N  80.0%   52.8%  52.8%  32.4%   16.0%
unguided:baseline         107     45     22     16     16     2    N  48.9%   72.7%  72.7%  32.4%   16.0%
unguided:baseline         108     45     18     13     13     2    N  40.0%   72.2%  72.2%  32.4%   16.0%
unguided:baseline         109     45     16     11     11     1    N  35.6%   68.8%  68.8%  32.4%   16.0%
unguided:baseline         110     45     22     20     20     1    N  48.9%   90.9%  90.9%  32.4%   16.0%
unguided:baseline         111     45     27     16     16     2    N  60.0%   59.3%  59.3%  32.4%   16.0%
unguided:baseline         112     45     27     18     18     1    N  60.0%   66.7%  66.7%  32.4%   16.0%
unguided:baseline         113     45     16      9      9     2    N  35.6%   56.2%  56.2%  32.4%   16.0%
unguided:baseline         114     45     18     12     12     1    N  40.0%   66.7%  66.7%  32.4%   16.0%
unguided:baseline         115     45     19     11     11     1    N  42.2%   57.9%  57.9%  32.4%   16.0%
unguided:baseline         116     45     23     12     12     1    N  51.1%   52.2%  52.2%  32.4%   16.0%
unguided:baseline         117     45     29     18     18     3    N  64.4%   62.1%  62.1%  32.4%   16.0%
unguided:baseline         118     45     22     12     12     4    N  48.9%   54.5%  54.5%  32.4%   16.0%
unguided:baseline         119     45     25     15     15     1    N  55.6%   60.0%  60.0%  32.4%   16.0%
unguided:baseline         120     45     26     16     16     1    N  57.8%   61.5%  61.5%  32.4%   16.0%
unguided:baseline         121     45     25     19     19     1    N  55.6%   76.0%  76.0%  32.4%   16.0%
unguided:baseline         122     45     21     13     13     1    N  46.7%   61.9%  61.9%  32.4%   16.0%
unguided:baseline         123     45     15     12     12     1    N  33.3%   80.0%  80.0%  32.4%   16.0%
unguided:baseline         124     45     28     18     18     1    N  62.2%   64.3%  64.3%  32.4%   16.0%
unguided:baseline         125     45     21     15     15     1    N  46.7%   71.4%  71.4%  32.4%   16.0%
unguided:baseline         126     45     20     13     13     2    N  44.4%   65.0%  65.0%  32.4%   16.0%
unguided:baseline         127     45     25     16     16     1    N  55.6%   64.0%  64.0%  32.4%   16.0%
unguided:baseline         128     45     20     15     15     1    N  44.4%   75.0%  75.0%  32.4%   16.0%
unguided:baseline         129     45     25     16     16     3    N  55.6%   64.0%  64.0%  32.4%   16.0%
unguided:baseline         130     45     20     12     12     1    N  44.4%   60.0%  60.0%  32.4%   16.0%

========================================================================================================================
SUMMARY STATISTICS (mean ± std across 5 replicates)
========================================================================================================================
Config                    Valid%       ConfBypass%    PanelEv%     Q1st(med)    Censored   OpCov%     CalCov%   
------------------------------------------------------------------------------------------------------------------------
unguided:baseline         57.1±15.2    50.5±27.7      50.5±27.7    2            3/5      35.2±4.8   23.6±13.9 

========================================================================================================================
STATISTICAL TESTS (Mann-Whitney U, two-sided)
========================================================================================================================

================================================================================
PER-STRATEGY EFFECTIVENESS
================================================================================
Strategy                          Gen  Valid  PanEv ConfByp   Val%  PanEv% ConfByp%
--------------------------------------------------------------------------------
none                              117    114     13      13  97.4%   11.4%    11.4%
stack_global_encoding              72     71      6       6  98.6%    8.5%     8.5%
stack_global_encoding,indirect_chain     99     41      0       0  41.4%    0.0%     0.0%
payload_obfuscation,stack_global_encoding     95     93      0       0  97.9%    0.0%     0.0%
indirect_chain,payload_obfuscation     89     38      0       0  42.7%    0.0%     0.0%
payload_obfuscation,indirect_chain     89     48      0       0  53.9%    0.0%     0.0%
indirect_chain                     87     46      0       0  52.9%    0.0%     0.0%
payload_obfuscation                80     78      0       0  97.5%    0.0%     0.0%
stack_global_encoding,payload_obfuscation     71     70      0       0  98.6%    0.0%     0.0%
indirect_chain,stack_global_encoding     70     34      0       0  48.6%    0.0%     0.0%
payload_obfuscation,stack_global_encoding,indirect_chain     33     14      0       0  42.4%    0.0%     0.0%
indirect_chain,payload_obfuscation,stack_global_encoding     25     13      0       0  52.0%    0.0%     0.0%
stack_global_encoding,payload_obfuscation,indirect_chain     24     14      0       0  58.3%    0.0%     0.0%
indirect_chain,stack_global_encoding,payload_obfuscation     23     14      0       0  60.9%    0.0%     0.0%
payload_obfuscation,indirect_chain,stack_global_encoding     20     14      0       0  70.0%    0.0%     0.0%
stack_global_encoding,indirect_chain,payload_obfuscation     18     12      0       0  66.7%    0.0%     0.0%

================================================================================
PER-SCANNER BYPASS RATES BY FITNESS MODE
================================================================================
Fitness Mode       Scanner           Evaded Admitted     Rate
--------------------------------------------------------------------------------
unknown            fickling              68       68   100.0%
unknown            modelscan              8       68    11.8%
unknown            modeltracer            0       68     0.0%
unknown            picklescan             3       68     4.4%
unknown            fickling              82       82   100.0%
unknown            modelscan              6       82     7.3%
unknown            modeltracer            0       75     0.0%
unknown            picklescan             0       82     0.0%
unknown            fickling             185      185   100.0%
unknown            modelscan             25      185    13.5%
unknown            modeltracer            0       61     0.0%
unknown            picklescan             5      185     2.7%

JSON summary written to results/fitness_ablation_results.json

Results available in:
  - logs/ (per-campaign logs)
  - docs/fuzzing-report-*.md (per-campaign reports)
  - results/fitness_ablation_results.json (analysis JSON)
